time_stats.attn_input_reshape.min,time_stats.attn_input_reshape.max,time_stats.attn_input_reshape.mean,time_stats.attn_input_reshape.median,time_stats.attn_input_reshape.std,time_stats.attn_input_reshape.count,time_stats.attn_mla_kv_cache_save.min,time_stats.attn_mla_kv_cache_save.max,time_stats.attn_mla_kv_cache_save.mean,time_stats.attn_mla_kv_cache_save.median,time_stats.attn_mla_kv_cache_save.std,time_stats.attn_mla_kv_cache_save.count,time_stats.attn_mla_prefill_kv_up_proj.min,time_stats.attn_mla_prefill_kv_up_proj.max,time_stats.attn_mla_prefill_kv_up_proj.mean,time_stats.attn_mla_prefill_kv_up_proj.median,time_stats.attn_mla_prefill_kv_up_proj.std,time_stats.attn_mla_prefill_kv_up_proj.count,time_stats.attn_mla_prefill.min,time_stats.attn_mla_prefill.max,time_stats.attn_mla_prefill.mean,time_stats.attn_mla_prefill.median,time_stats.attn_mla_prefill.std,time_stats.attn_mla_prefill.count,time_stats.attn_mla_decode_q_latent_proj.min,time_stats.attn_mla_decode_q_latent_proj.max,time_stats.attn_mla_decode_q_latent_proj.mean,time_stats.attn_mla_decode_q_latent_proj.median,time_stats.attn_mla_decode_q_latent_proj.std,time_stats.attn_mla_decode_q_latent_proj.count,time_stats.attn_mla_decode.min,time_stats.attn_mla_decode.max,time_stats.attn_mla_decode.mean,time_stats.attn_mla_decode.median,time_stats.attn_mla_decode.std,time_stats.attn_mla_decode.count,time_stats.attn_mla_v_up_proj.min,time_stats.attn_mla_v_up_proj.max,time_stats.attn_mla_v_up_proj.mean,time_stats.attn_mla_v_up_proj.median,time_stats.attn_mla_v_up_proj.std,time_stats.attn_mla_v_up_proj.count,time_stats.attn_output_reshape.min,time_stats.attn_output_reshape.max,time_stats.attn_output_reshape.mean,time_stats.attn_output_reshape.median,time_stats.attn_output_reshape.std,time_stats.attn_output_reshape.count,n_embd,n_q_head,n_kv_head,block_size,num_tensor_parallel_workers,max_model_len,attention_backend,prefill_seq_lens,prefill_kv_cache_sizes,decode_kv_cache_sizes,num_prefill_seqs,num_decode_seqs,decode_batch_size,total_batch_size,total_prefill_tokens,total_decode_tokens,total_tokens,decode_avg_kv_cache_size,batch_composition_ratio,mode,is_true_mixed_batch,is_mixed_batch,is_prefill,batch_size,prefill_chunk_size,kv_cache_size,head_size,qk_nope_head_dim,qk_rope_head_dim,qk_head_dim,kv_lora_rank,v_head_dim,batch_num_tokens,batch_num_prefill_tokens,batch_num_decode_tokens,max_seqlen_q,max_seqlen_k,num_actual_tokens,max_seq_len,is_chunked_prefill_sample,chunk_start_token,chunk_end_token,profiling_precision,measurement_type,model_arch,model_architecture_profile,quant_signature,is_mla_profile_import
0.00419999985024333,0.010160000063478947,0.005439999978989363,0.004279999993741512,0.0023603390005854626,5,0.03815999999642372,0.07952000200748444,0.046624000370502475,0.038440000265836716,0.016448876274932116,5,0.1151600033044815,0.619841992855072,0.21668059825897218,0.11655999720096588,0.20158170031558728,5,14.04528522491455,14.51000690460205,14.256965827941894,14.213445663452148,0.1798930372553672,5,0.013120000250637531,0.01396000012755394,0.013464000076055527,0.01348000019788742,0.0002891089095782213,5,0.07680000364780426,0.0782800018787384,0.07761640101671219,0.07772000133991241,0.0005488187294837189,5,0.01655999943614006,0.017680000513792038,0.01696000024676323,0.016839999705553055,0.00038781465196323844,5,0.004240000154823065,0.004360000137239695,0.004288000054657459,0.004279999993741512,3.9191849152437796e-05,5,7168,128,1,32,8,9216,TORCH_SDPA_MLA,[8192],[0],[512],1,1,1,2,8192,1,8193,512,0.5,true_mixed,True,False,True,2,0,0,576,128,64,192,512,128,8193,8192,1,8192,8192,8193,8192,False,0,0,BF16,CUDA_EVENT,generic,generic,method=fp8|act=dynamic|serialized=True|block=128x128,False
0.004480000119656324,0.012240000069141388,0.006072000041604042,0.004519999958574772,0.0030842464372552165,5,0.03807999938726425,0.11800099909305573,0.05444019958376885,0.03855999931693077,0.03178384697799369,5,0.11720100045204163,0.5359609723091125,0.20178459584712982,0.1186010017991066,0.16709010830776588,5,14.072808265686035,14.497288703918457,14.257920074462891,14.140767097473145,0.1805946282359942,5,0.019680000841617584,0.020759999752044678,0.020232000201940537,0.02012000046670437,0.00045353683157053844,5,0.24023999273777008,0.24352100491523743,0.24184079766273497,0.24220100045204163,0.0011582091848832722,5,0.010879999957978725,0.011119999922811985,0.010951999947428704,0.01092000026255846,8.90841888737387e-05,5,0.004480000119656324,0.004639999940991402,0.0045679999515414235,0.004559999797493219,5.306596546984384e-05,5,7168,128,1,32,8,9216,TORCH_SDPA_MLA,[8192],[0],[4096],1,1,1,2,8192,1,8193,4096,0.5,true_mixed,True,False,True,2,0,0,576,128,64,192,512,128,8193,8192,1,8192,8192,8193,8192,False,0,0,BF16,CUDA_EVENT,generic,generic,method=fp8|act=dynamic|serialized=True|block=128x128,False
0.00431999983265996,0.010239999741315842,0.005559999868273735,0.00443999981507659,0.0023404614285563985,5,0.038120001554489136,0.07128000259399414,0.04592800065875054,0.038839999586343765,0.012808633063774427,5,0.1165200024843216,0.637802004814148,0.22149680107831954,0.11744099855422974,0.20815338140958223,5,14.078006744384766,14.206167221069336,14.138558769226075,14.143567085266113,0.044937810854676664,5,0.013000999577343464,0.013559999875724316,0.013328199833631515,0.013399999588727951,0.00019298958259279117,5,0.09363999962806702,0.09483999758958817,0.09397619962692261,0.09380000084638596,0.00043922746494536795,5,0.010440000332891941,0.01104000024497509,0.010672200098633766,0.010639999993145466,0.0002077386888086507,5,0.004360000137239695,0.004519999958574772,0.004423999972641468,0.004399999976158142,5.425858614264964e-05,5,7168,128,1,32,8,9216,TORCH_SDPA_MLA,[8192],[0],[1024],1,1,1,2,8192,1,8193,1024,0.5,true_mixed,True,False,True,2,0,0,576,128,64,192,512,128,8193,8192,1,8192,8192,8193,8192,False,0,0,BF16,CUDA_EVENT,generic,generic,method=fp8|act=dynamic|serialized=True|block=128x128,False
0.004360000137239695,0.01140000019222498,0.00578400008380413,0.004399999976158142,0.0028080570332292836,5,0.038440000265836716,0.07336000353097916,0.045848000794649124,0.03903999924659729,0.013762196540597793,5,0.11804000288248062,0.45860201120376587,0.18671260327100753,0.1186399981379509,0.13594660628450625,5,14.054007530212402,14.12624740600586,14.085199356079102,14.084648132324219,0.025148913703914536,5,0.016119999811053276,0.017400000244379044,0.01655999980866909,0.0163199994713068,0.0004581705754863621,5,0.14484000205993652,0.15516099333763123,0.1479764014482498,0.1465200036764145,0.003671428118183234,5,0.01923999935388565,0.0225600004196167,0.020327999815344812,0.01979999989271164,0.0012014395191148831,5,0.004360000137239695,0.005799999926239252,0.004688000027090311,0.004399999976158142,0.0005573651807595595,5,7168,128,1,32,8,9216,TORCH_SDPA_MLA,[8192],[0],[2048],1,1,1,2,8192,1,8193,2048,0.5,true_mixed,True,False,True,2,0,0,576,128,64,192,512,128,8193,8192,1,8192,8192,8193,8192,False,0,0,BF16,CUDA_EVENT,generic,generic,method=fp8|act=dynamic|serialized=True|block=128x128,False
0.00419999985024333,0.00860000029206276,0.0051520000211894516,0.00431999983265996,0.0017248120112744224,5,0.03832000121474266,0.07020100206136703,0.044968200474977495,0.03872000053524971,0.012617884483123312,5,0.11664099991321564,0.5778809785842896,0.20996059477329254,0.11852099746465683,0.18396186530372025,5,14.028325080871582,14.171404838562012,14.08250904083252,14.07800579071045,0.051766621907221255,5,0.018200000748038292,0.01964000053703785,0.01895200051367283,0.019120000302791595,0.0004835864863122616,5,0.18908099830150604,0.19112099707126617,0.19042479991912842,0.1905210018157959,0.0007192294247599363,5,0.010520000010728836,0.01083999965339899,0.01067200005054474,0.010639999993145466,0.0001274989269026677,5,0.00419999985024333,0.004279999993741512,0.0042559999972581865,0.004279999993741512,3.200003411633561e-05,5,7168,128,1,32,8,9216,TORCH_SDPA_MLA,[8192],[0],[3072],1,1,1,2,8192,1,8193,3072,0.5,true_mixed,True,False,True,2,0,0,576,128,64,192,512,128,8193,8192,1,8192,8192,8193,8192,False,0,0,BF16,CUDA_EVENT,generic,generic,method=fp8|act=dynamic|serialized=True|block=128x128,False
0.004519999958574772,0.015479999594390392,0.006743999943137169,0.004600000102072954,0.004368146343847245,5,0.03807999938726425,0.08907999843358994,0.04862399995326996,0.03872000053524971,0.020231342855409208,5,0.11684100329875946,0.5533620119094849,0.2045610025525093,0.11727999895811081,0.17440105339087203,5,13.961565017700195,14.502646446228027,14.295661926269531,14.476526260375977,0.24177618888150723,5,0.02024099975824356,0.022840000689029694,0.020912200212478638,0.020479999482631683,0.0009709314318527924,5,0.455361008644104,0.462801992893219,0.45820939540863037,0.45628198981285095,0.0029134752200809656,5,0.01727999933063984,0.018479999154806137,0.017719999700784684,0.017640000209212303,0.0004210460888901584,5,0.00443999981507659,0.004600000102072954,0.0045439998619258406,0.004559999797493219,5.4258695995502165e-05,5,7168,128,1,32,8,9216,TORCH_SDPA_MLA,[8192],[0],[8192],1,1,1,2,8192,1,8193,8192,0.5,true_mixed,True,False,True,2,0,0,576,128,64,192,512,128,8193,8192,1,8192,8193,8193,8192,False,0,0,BF16,CUDA_EVENT,generic,generic,method=fp8|act=dynamic|serialized=True|block=128x128,False
0.004360000137239695,0.017160000279545784,0.006968000065535307,0.00443999981507659,0.005096157090287422,5,0.038520000874996185,0.0737600028514862,0.04572800025343895,0.038759998977184296,0.014016594892113418,5,0.11751999706029892,0.603522002696991,0.21530499905347825,0.11824099719524384,0.1941094824364173,5,14.037286758422852,14.532488822937012,14.319536018371583,14.457207679748535,0.21944420076437354,5,0.014360000379383564,0.015519999898970127,0.014760000072419644,0.014639999717473984,0.000407921416080069,5,0.29440099000930786,0.3002009987831116,0.2978730022907257,0.2982009947299957,0.0019411214248138506,5,0.012760000303387642,0.014639999717473984,0.013303999789059162,0.013039999641478062,0.0006935588582296021,5,0.004360000137239695,0.004480000119656324,0.004440000094473362,0.004480000119656324,5.0596459691431135e-05,5,7168,128,1,32,8,9216,TORCH_SDPA_MLA,[8192],[0],[5120],1,1,1,2,8192,1,8193,5120,0.5,true_mixed,True,False,True,2,0,0,576,128,64,192,512,128,8193,8192,1,8192,8192,8193,8192,False,0,0,BF16,CUDA_EVENT,generic,generic,method=fp8|act=dynamic|serialized=True|block=128x128,False
0.00419999985024333,0.004279999993741512,0.004232000000774861,0.004240000154823065,2.9933337677144675e-05,5,0.03764000162482262,0.09363999962806702,0.04936039969325066,0.03864099830389023,0.02214530663478733,5,0.11540000140666962,0.5544019937515259,0.20347259938716888,0.11588100343942642,0.175464933515425,5,14.019564628601074,14.530966758728027,14.319518280029296,14.42748737335205,0.20904642416923905,5,0.022840000689029694,0.02556000091135502,0.02353620044887066,0.023080000653862953,0.001016768497487229,5,0.15459999442100525,0.15627999603748322,0.155239999294281,0.15488000214099884,0.0006181243985538358,5,0.0284000001847744,0.02879999950528145,0.02856000028550625,0.02848000079393387,0.00016780927272153556,5,0.004240000154823065,0.005040000192821026,0.004432000126689673,0.004279999993741512,0.00030714169293872873,5,7168,128,1,32,8,9216,TORCH_SDPA_MLA,[8192],[0],"[512, 512]",1,2,2,3,8192,2,8194,512,0.3333333333333333,true_mixed,True,False,True,3,0,0,576,128,64,192,512,128,8194,8192,2,8192,8192,8194,8192,False,0,0,BF16,CUDA_EVENT,generic,generic,method=fp8|act=dynamic|serialized=True|block=128x128,False
0.004480000119656324,0.015200000256299973,0.006648000050336123,0.004519999958574772,0.004276103000819071,5,0.03880000114440918,0.08367999643087387,0.04829599931836128,0.03991999849677086,0.01770007040621766,5,0.11695999652147293,0.6028820276260376,0.21462460458278657,0.11736000329256058,0.19412955850478136,5,14.00328540802002,14.115765571594238,14.061477661132812,14.043685913085938,0.04263786363142392,5,0.01727999933063984,0.018039999529719353,0.01769599989056587,0.017799999564886093,0.00028910900235359113,5,0.35408100485801697,0.35908201336860657,0.356793200969696,0.35708099603652954,0.001653280347772715,5,0.01056000031530857,0.011119999922811985,0.010752000100910663,0.0106800002977252,0.0002014348037498252,5,0.004480000119656324,0.006039999891072512,0.00505599994212389,0.004559999797493219,0.0006809874334096791,5,7168,128,1,32,8,9216,TORCH_SDPA_MLA,[8192],[0],[6144],1,1,1,2,8192,1,8193,6144,0.5,true_mixed,True,False,True,2,0,0,576,128,64,192,512,128,8193,8192,1,8192,8192,8193,8192,False,0,0,BF16,CUDA_EVENT,generic,generic,method=fp8|act=dynamic|serialized=True|block=128x128,False
0.00443999981507659,0.005200000014156103,0.004615999944508076,0.004480000119656324,0.000293503022855848,5,0.03799999877810478,0.14228099584579468,0.05934419855475426,0.038759998977184296,0.04147111774025192,5,0.11680100113153458,0.5367209911346436,0.20112879872322081,0.1170400008559227,0.16779669025103508,5,13.961685180664062,14.552806854248047,14.187357902526855,13.997525215148926,0.2550336582422579,5,0.03440000116825104,0.03756000101566315,0.0353520005941391,0.0350399985909462,0.001131766830703903,5,0.48996201157569885,0.49716100096702576,0.49318559765815734,0.4930419921875,0.00231178373176978,5,0.017680000513792038,0.019840000197291374,0.01823200024664402,0.017880000174045563,0.0008081187720145416,5,0.004480000119656324,0.004639999940991402,0.0045599999837577345,0.004559999797493219,5.656851225467499e-05,5,7168,128,1,32,8,9216,TORCH_SDPA_MLA,[8192],[0],"[4096, 4096]",1,2,2,3,8192,2,8194,4096,0.3333333333333333,true_mixed,True,False,True,3,0,0,576,128,64,192,512,128,8194,8192,2,8192,8192,8194,8192,False,0,0,BF16,CUDA_EVENT,generic,generic,method=fp8|act=dynamic|serialized=True|block=128x128,False
0.00431999983265996,0.0055599999614059925,0.0046559998765587805,0.00443999981507659,0.0004564910105831337,5,0.038600001484155655,0.08968000113964081,0.05018419995903969,0.04132099822163582,0.01979832874593431,5,0.11664000153541565,0.5427619814872742,0.20211299657821655,0.11692100018262863,0.17032473588437308,5,14.051925659179688,14.182806968688965,14.121150398254395,14.142207145690918,0.04841471317631954,5,0.02295999974012375,0.023240000009536743,0.023072199895977974,0.023080000653862953,0.00010531551604394043,5,0.18016000092029572,0.1873210072517395,0.1819524049758911,0.1804410070180893,0.002734060183247578,5,0.0175199992954731,0.01860000006854534,0.01788799986243248,0.017720000818371773,0.00039142821117851243,5,0.004360000137239695,0.007319999858736992,0.004992000013589859,0.004399999976158142,0.0011646526609026364,5,7168,128,1,32,8,9216,TORCH_SDPA_MLA,[8192],[0],"[1024, 1024]",1,2,2,3,8192,2,8194,1024,0.3333333333333333,true_mixed,True,False,True,3,0,0,576,128,64,192,512,128,8194,8192,2,8192,8192,8194,8192,False,0,0,BF16,CUDA_EVENT,generic,generic,method=fp8|act=dynamic|serialized=True|block=128x128,False
0.004240000154823065,0.004480000119656324,0.0043680000118911265,0.004360000137239695,8.541659605517928e-05,5,0.038440000265836716,0.06776099652051926,0.04461619928479195,0.039080001413822174,0.011575173862704248,5,0.1175599992275238,0.4731209874153137,0.1896961972117424,0.11884000152349472,0.14171512511331916,5,14.02968692779541,14.136247634887695,14.073191261291504,14.062647819519043,0.03494721191322728,5,0.0284000001847744,0.030160000547766685,0.02888839989900589,0.028599999845027924,0.0006499678794063289,5,0.2782000005245209,0.2815200090408325,0.2795926034450531,0.2794010043144226,0.0012782688413141216,5,0.03288000077009201,0.03519999980926514,0.03345619961619377,0.033080000430345535,0.0008757407517608866,5,0.004360000137239695,0.00443999981507659,0.004399999976158142,0.004399999976158142,3.577694356427611e-05,5,7168,128,1,32,8,9216,TORCH_SDPA_MLA,[8192],[0],"[2048, 2048]",1,2,2,3,8192,2,8194,2048,0.3333333333333333,true_mixed,True,False,True,3,0,0,576,128,64,192,512,128,8194,8192,2,8192,8192,8194,8192,False,0,0,BF16,CUDA_EVENT,generic,generic,method=fp8|act=dynamic|serialized=True|block=128x128,False
0.0041600000113248825,0.0049600000493228436,0.004392000008374452,0.004279999993741512,0.0002877777110832981,5,0.038839999586343765,0.08444000035524368,0.04826419949531555,0.03908099979162216,0.018092542277187044,5,0.11695999652147293,0.539762020111084,0.2024246037006378,0.11832000315189362,0.16867013684045265,5,14.0758056640625,14.209245681762695,14.14063777923584,14.151246070861816,0.05112532126606423,5,0.032680001109838486,0.03328000009059906,0.03290400058031082,0.03280000016093254,0.00021555463717942396,5,0.3922010064125061,0.39664098620414734,0.3948009967803955,0.39480099081993103,0.0015109141402005575,5,0.0175199992954731,0.02232000045478344,0.018591999635100366,0.01775999926030636,0.0018671736741360475,5,0.004240000154823065,0.005520000122487545,0.004536200035363436,0.00431999983265996,0.0004928060456994464,5,7168,128,1,32,8,9216,TORCH_SDPA_MLA,[8192],[0],"[3072, 3072]",1,2,2,3,8192,2,8194,3072,0.3333333333333333,true_mixed,True,False,True,3,0,0,576,128,64,192,512,128,8194,8192,2,8192,8192,8194,8192,False,0,0,BF16,CUDA_EVENT,generic,generic,method=fp8|act=dynamic|serialized=True|block=128x128,False
0.00431999983265996,0.004519999958574772,0.004407999850809574,0.00443999981507659,7.756291118087478e-05,5,0.037960998713970184,0.15820099413394928,0.0625527985394001,0.03840000182390213,0.04783150537413695,5,0.11620000004768372,0.5368819832801819,0.20127259641885759,0.1178399994969368,0.1678067112806097,5,14.041725158691406,14.461886405944824,14.25665340423584,14.23160457611084,0.1643406544876175,5,0.0246799997985363,0.02783999964594841,0.02603200003504753,0.025200000032782555,0.0013442381402724362,5,0.5983620285987854,0.6006420254707336,0.5992660164833069,0.5985220074653625,0.0010143277389790355,5,0.021719999611377716,0.021959999576210976,0.021872000023722648,0.021880000829696655,8.908417214811268e-05,5,0.00431999983265996,0.004480000119656324,0.004407999943941832,0.00443999981507659,5.878777056032047e-05,5,7168,128,1,32,8,9216,TORCH_SDPA_MLA,[8192],[0],"[5120, 5120]",1,2,2,3,8192,2,8194,5120,0.3333333333333333,true_mixed,True,False,True,3,0,0,576,128,64,192,512,128,8194,8192,2,8192,8192,8194,8192,False,0,0,BF16,CUDA_EVENT,generic,generic,method=fp8|act=dynamic|serialized=True|block=128x128,False
0.00443999981507659,0.004559999797493219,0.004487999994307756,0.004480000119656324,3.919179212101793e-05,5,0.038520000874996185,0.10924000293016434,0.05293600112199783,0.038920000195503235,0.028152665855798176,5,0.11632099747657776,0.5644019842147827,0.2074007958173752,0.119159996509552,0.17850555022876416,5,14.058286666870117,14.495489120483398,14.376768493652344,14.441568374633789,0.16104063970624619,5,0.036240000277757645,0.039239998906850815,0.03706400021910668,0.03652000054717064,0.0011075300214658254,5,0.9084029793739319,0.9170039892196655,0.9135231971740723,0.9131630063056946,0.003166751642514984,5,0.028920000419020653,0.029400000348687172,0.029208000004291534,0.029239999130368233,0.0001647299254471046,5,0.00443999981507659,0.004559999797493219,0.004503999929875135,0.004480000119656324,4.799993087868105e-05,5,7168,128,1,32,8,9216,TORCH_SDPA_MLA,[8192],[0],"[8192, 8192]",1,2,2,3,8192,2,8194,8192,0.3333333333333333,true_mixed,True,False,True,3,0,0,576,128,64,192,512,128,8194,8192,2,8192,8193,8194,8192,False,0,0,BF16,CUDA_EVENT,generic,generic,method=fp8|act=dynamic|serialized=True|block=128x128,False
0.004240000154823065,0.005880000069737434,0.0050640000030398365,0.005200000014156103,0.0006940201131499305,5,0.03748000040650368,0.11456000059843063,0.05384799987077713,0.03855999931693077,0.03036955774398933,5,0.11528100073337555,0.5753620266914368,0.2075772061944008,0.1156810000538826,0.18389273282729962,5,14.01428508758545,14.16132640838623,14.080037307739257,14.068244934082031,0.05349665526317438,5,0.041439998894929886,0.04171999916434288,0.04157600030303001,0.04156000167131424,8.97997309447112e-05,5,0.30664101243019104,0.31028100848197937,0.3079610049724579,0.3073210120201111,0.001279249852868727,5,0.0517599992454052,0.05511999875307083,0.052687999606132505,0.05212000012397766,0.0012386828787812859,5,0.00419999985024333,0.008080000057816505,0.005031999945640564,0.00431999983265996,0.0015247085513624763,5,7168,128,1,32,8,9216,TORCH_SDPA_MLA,[8192],[0],"[512, 512, 512, 512]",1,4,4,5,8192,4,8196,512,0.2,true_mixed,True,False,True,5,0,0,576,128,64,192,512,128,8196,8192,4,8192,8192,8196,8192,False,0,0,BF16,CUDA_EVENT,generic,generic,method=fp8|act=dynamic|serialized=True|block=128x128,False
0.004399999976158142,0.004600000102072954,0.004480000026524067,0.004480000119656324,6.693286652482382e-05,5,0.03824000060558319,0.15300099551677704,0.06262419894337654,0.03903999924659729,0.04523844623060424,5,0.11672099679708481,0.5339620113372803,0.20056880116462708,0.11711999773979187,0.1666974244000028,5,14.012207984924316,14.524250030517578,14.2668888092041,14.22276782989502,0.19630887642785616,5,0.03068000078201294,0.03351999819278717,0.03152799978852272,0.031120000407099724,0.0010136341906036284,5,0.6987630128860474,0.7082819938659668,0.7039305925369262,0.7030829787254333,0.003476695775145655,5,0.0175199992954731,0.017960000783205032,0.01762399971485138,0.017559999600052834,0.00016895024225195226,5,0.00443999981507659,0.004519999958574772,0.004480000026524067,0.004480000119656324,2.529826665971379e-05,5,7168,128,1,32,8,9216,TORCH_SDPA_MLA,[8192],[0],"[6144, 6144]",1,2,2,3,8192,2,8194,6144,0.3333333333333333,true_mixed,True,False,True,3,0,0,576,128,64,192,512,128,8194,8192,2,8192,8192,8194,8192,False,0,0,BF16,CUDA_EVENT,generic,generic,method=fp8|act=dynamic|serialized=True|block=128x128,False
0.004360000137239695,0.005799999926239252,0.004687999933958053,0.00443999981507659,0.0005567907943031855,5,0.03779999911785126,0.10864000022411346,0.05357600003480911,0.039080001413822174,0.02760754230046121,5,0.11627999693155289,0.5871220231056213,0.21072060465812684,0.11671999841928482,0.1882009452511037,5,14.034207344055176,14.19932746887207,14.117190742492676,14.11868667602539,0.0523284356496599,5,0.041280001401901245,0.04328000172972679,0.041912200301885603,0.04171999916434288,0.0007121153107158608,5,0.35496100783348083,0.3564409911632538,0.35551300048828127,0.35544100403785706,0.0004959951485507443,5,0.031279999762773514,0.03243999928236008,0.03172020018100739,0.03152099996805191,0.00040149705453397375,5,0.004360000137239695,0.004559999797493219,0.004440000001341105,0.004399999976158142,7.15540953786714e-05,5,7168,128,1,32,8,9216,TORCH_SDPA_MLA,[8192],[0],"[1024, 1024, 1024, 1024]",1,4,4,5,8192,4,8196,1024,0.2,true_mixed,True,False,True,5,0,0,576,128,64,192,512,128,8196,8192,4,8192,8192,8196,8192,False,0,0,BF16,CUDA_EVENT,generic,generic,method=fp8|act=dynamic|serialized=True|block=128x128,False
0.004399999976158142,0.004559999797493219,0.004495999962091446,0.004519999958574772,5.425858614264964e-05,5,0.0384799987077713,0.15112100541591644,0.06124820113182068,0.038920000195503235,0.044936889943693915,5,0.11748100072145462,0.5828419923782349,0.21153659820556642,0.11851999908685684,0.18565733469097218,5,14.108367919921875,14.6056489944458,14.481160736083984,14.583808898925781,0.18871926895950836,5,0.06443999707698822,0.06855999678373337,0.06552819907665253,0.06492000073194504,0.0015406524940059885,5,0.9954839944839478,1.0010030269622803,0.9978114128112793,0.9965230226516724,0.002176529961907307,5,0.03255999833345413,0.03319999948143959,0.03296799957752228,0.033080000430345535,0.00023919948684230372,5,0.004480000119656324,0.004600000102072954,0.004528000019490719,0.004519999958574772,4.6647571055609506e-05,5,7168,128,1,32,8,9216,TORCH_SDPA_MLA,[8192],[0],"[4096, 4096, 4096, 4096]",1,4,4,5,8192,4,8196,4096,0.2,true_mixed,True,False,True,5,0,0,576,128,64,192,512,128,8196,8192,4,8192,8192,8196,8192,False,0,0,BF16,CUDA_EVENT,generic,generic,method=fp8|act=dynamic|serialized=True|block=128x128,False
0.00431999983265996,0.004519999958574772,0.004407999943941832,0.004399999976158142,6.881859566138264e-05,5,0.03824099898338318,0.06487999856472015,0.045360399037599565,0.04188099876046181,0.009934324212364981,5,0.11872000247240067,0.4781210124492645,0.19138460159301757,0.11987999826669693,0.14336965845666805,5,14.00396728515625,14.126007080078125,14.082583236694337,14.103887557983398,0.045322571876926156,5,0.05283999815583229,0.05460000038146973,0.053543999791145325,0.05339999869465828,0.0005799867178101033,5,0.5383620262145996,0.5412020087242126,0.5399460077285767,0.5403220057487488,0.0011764677691033394,5,0.0589199997484684,0.05928000062704086,0.059184000641107556,0.05928000062704086,0.00013994314441261277,5,0.004360000137239695,0.00443999981507659,0.004399999976158142,0.004399999976158142,3.577694356427611e-05,5,7168,128,1,32,8,9216,TORCH_SDPA_MLA,[8192],[0],"[2048, 2048, 2048, 2048]",1,4,4,5,8192,4,8196,2048,0.2,true_mixed,True,False,True,5,0,0,576,128,64,192,512,128,8196,8192,4,8192,8192,8196,8192,False,0,0,BF16,CUDA_EVENT,generic,generic,method=fp8|act=dynamic|serialized=True|block=128x128,False
0.0041600000113248825,0.004279999993741512,0.004199999943375587,0.00419999985024333,4.381779817994027e-05,5,0.03799999877810478,0.1589599996805191,0.06359199956059455,0.039799999445676804,0.04771301816047019,5,0.11664099991321564,0.5815219879150391,0.2105929970741272,0.11807999759912491,0.18546736017982013,5,13.978525161743164,14.287487030029297,14.083701515197754,14.024564743041992,0.11169166585461529,5,0.0612809993326664,0.06188099831342697,0.06153640002012253,0.061480000615119934,0.00021858446258023924,5,0.7934020161628723,0.7961220145225525,0.7946104049682617,0.7945230007171631,0.0009165397359089946,5,0.03207999840378761,0.03308099880814552,0.03268019929528236,0.032919999212026596,0.00037799485020505234,5,0.0041600000113248825,0.00431999983265996,0.0042559999972581865,0.004279999993741512,5.425858614264964e-05,5,7168,128,1,32,8,9216,TORCH_SDPA_MLA,[8192],[0],"[3072, 3072, 3072, 3072]",1,4,4,5,8192,4,8196,3072,0.2,true_mixed,True,False,True,5,0,0,576,128,64,192,512,128,8196,8192,4,8192,8192,8196,8192,False,0,0,BF16,CUDA_EVENT,generic,generic,method=fp8|act=dynamic|serialized=True|block=128x128,False
0.00431999983265996,0.005919999908655882,0.00470399996265769,0.00443999981507659,0.0006106258848068873,5,0.03799999877810478,0.11655999720096588,0.054263999313116075,0.038920000195503235,0.031150293715270005,5,0.11624100059270859,0.6868020296096802,0.23141680657863617,0.11708000302314758,0.22769759345306473,5,14.091126441955566,14.477286338806152,14.199749946594238,14.123085975646973,0.14602133448901242,5,0.04456000030040741,0.048601001501083374,0.045592200756072995,0.044679999351501465,0.0015407598306178588,5,1.201043963432312,1.2132840156555176,1.2047159910202025,1.2018439769744873,0.0046347918448189996,5,0.04075999930500984,0.041760001331567764,0.0414000004529953,0.041600000113248825,0.0003967877895151188,5,0.00431999983265996,0.004480000119656324,0.004384000040590763,0.004360000137239695,5.4258695995502165e-05,5,7168,128,1,32,8,9216,TORCH_SDPA_MLA,[8192],[0],"[5120, 5120, 5120, 5120]",1,4,4,5,8192,4,8196,5120,0.2,true_mixed,True,False,True,5,0,0,576,128,64,192,512,128,8196,8192,4,8192,8192,8196,8192,False,0,0,BF16,CUDA_EVENT,generic,generic,method=fp8|act=dynamic|serialized=True|block=128x128,False
0.00419999985024333,0.005799999926239252,0.004624000005424023,0.004399999976158142,0.0005968450068191006,5,0.03779999911785126,0.11800000071525574,0.05440019965171814,0.038679998368024826,0.031802330767803665,5,0.11448100209236145,0.7433620095252991,0.2408006027340889,0.11495999991893768,0.25128146948356483,5,14.057683944702148,14.592965126037598,14.375292205810547,14.50412368774414,0.20892742995227434,5,0.07756000012159348,0.07940000295639038,0.07838420122861862,0.07792100310325623,0.0008380222185851741,5,0.6113219857215881,0.6148020029067993,0.6132660031318664,0.613722026348114,0.0012566872333728896,5,0.09808000177145004,0.10416000336408615,0.10039220005273819,0.09928099811077118,0.002343565315198223,5,0.0041600000113248825,0.004360000137239695,0.004287999961525202,0.00431999983265996,6.881859566138262e-05,5,7168,128,1,32,8,9216,TORCH_SDPA_MLA,[8192],[0],"[512, 512, 512, 512, 512, 512, 512, 512]",1,8,8,9,8192,8,8200,512,0.1111111111111111,true_mixed,True,False,True,9,0,0,576,128,64,192,512,128,8200,8192,8,8192,8192,8200,8192,False,0,0,BF16,CUDA_EVENT,generic,generic,method=fp8|act=dynamic|serialized=True|block=128x128,False
0.004360000137239695,0.004999999888241291,0.0045519999228417875,0.00443999981507659,0.00022964317218725582,5,0.0384799987077713,0.10936000198125839,0.053071999549865724,0.039159998297691345,0.028145763523672745,5,0.11640000343322754,0.6000419855117798,0.21352079808712005,0.11704099923372269,0.19326090887033245,5,14.055566787719727,14.620488166809082,14.420271301269532,14.464447021484375,0.191229154461415,5,0.06815999746322632,0.07044100016355515,0.06919219940900803,0.06911999732255936,0.0007284754936660835,5,1.8052459955215454,1.8263659477233887,1.8181339740753173,1.820165991783142,0.0072447524843207555,5,0.05324000120162964,0.054760001599788666,0.05383200123906136,0.05372000113129616,0.0005024103862738493,5,0.004480000119656324,0.004639999940991402,0.004528000019490719,0.004480000119656324,6.399990525103007e-05,5,7168,128,1,32,8,9216,TORCH_SDPA_MLA,[8192],[0],"[8192, 8192, 8192, 8192]",1,4,4,5,8192,4,8196,8192,0.2,true_mixed,True,False,True,5,0,0,576,128,64,192,512,128,8196,8192,4,8192,8193,8196,8192,False,0,0,BF16,CUDA_EVENT,generic,generic,method=fp8|act=dynamic|serialized=True|block=128x128,False
0.004399999976158142,0.004559999797493219,0.004479999933391809,0.004480000119656324,5.656851225467499e-05,5,0.03880000114440918,0.11220099776983261,0.05388839989900589,0.03920000046491623,0.029159348349542463,5,0.11676099896430969,0.6222820281982422,0.2188328057527542,0.11772000044584274,0.20172684901634783,5,14.033326148986816,14.578766822814941,14.33983039855957,14.457926750183105,0.23800536434461386,5,0.056481000036001205,0.05688000097870827,0.05672840029001236,0.05683999881148338,0.00015862486404867072,5,1.4018449783325195,1.4087640047073364,1.40521240234375,1.404325008392334,0.0024644468324681525,5,0.032280001789331436,0.03367999941110611,0.03280000016093254,0.032760001718997955,0.0005008788164018971,5,0.00443999981507659,0.004600000102072954,0.004503999929875135,0.00443999981507659,7.838381236799195e-05,5,7168,128,1,32,8,9216,TORCH_SDPA_MLA,[8192],[0],"[6144, 6144, 6144, 6144]",1,4,4,5,8192,4,8196,6144,0.2,true_mixed,True,False,True,5,0,0,576,128,64,192,512,128,8196,8192,4,8192,8192,8196,8192,False,0,0,BF16,CUDA_EVENT,generic,generic,method=fp8|act=dynamic|serialized=True|block=128x128,False
0.004279999993741512,0.004519999958574772,0.004423999972641468,0.00443999981507659,8.23650441355022e-05,5,0.03779999911785126,0.0894400030374527,0.0486160010099411,0.038520000874996185,0.020415627979209507,5,0.11684100329875946,0.7735220193862915,0.24880880415439605,0.1175599992275238,0.2623577194236669,5,14.07092571258545,14.168846130371094,14.130614280700684,14.12852668762207,0.03633806733756506,5,0.0772399976849556,0.08092000335454941,0.07838420122861862,0.07800000160932541,0.0013045496780808804,5,0.7028430104255676,0.708001971244812,0.7055463910102844,0.7050819993019104,0.0018430993175414848,5,0.05828100070357323,0.06464000046253204,0.059744200110435484,0.058559998869895935,0.002456623612861673,5,0.004399999976158142,0.00443999981507659,0.004423999879509211,0.00443999981507659,1.9595839028743304e-05,5,7168,128,1,32,8,9216,TORCH_SDPA_MLA,[8192],[0],"[1024, 1024, 1024, 1024, 1024, 1024, 1024, 1024]",1,8,8,9,8192,8,8200,1024,0.1111111111111111,true_mixed,True,False,True,9,0,0,576,128,64,192,512,128,8200,8192,8,8192,8192,8200,8192,False,0,0,BF16,CUDA_EVENT,generic,generic,method=fp8|act=dynamic|serialized=True|block=128x128,False
0.004279999993741512,0.00571999978274107,0.004623999912291765,0.004360000137239695,0.0005505487490506821,5,0.03824000060558319,0.07143999636173248,0.04548839926719665,0.03855999931693077,0.01301410876318933,5,0.1172809973359108,0.4843609929084778,0.19145639836788178,0.11840000003576279,0.14645333686110165,5,14.072566032409668,14.162246704101562,14.104806900024414,14.098567008972168,0.030650415128190764,5,0.10211999714374542,0.10491999983787537,0.10345639884471894,0.10352099686861038,0.0009117128047336995,5,1.0658830404281616,1.07504403591156,1.069179630279541,1.0686039924621582,0.0031237725186080514,5,0.11104000359773636,0.11739999800920486,0.11283220052719116,0.11132100224494934,0.0023961899316677963,5,0.004360000137239695,0.008679999969899654,0.005272000003606081,0.00443999981507659,0.0017050325313143918,5,7168,128,1,32,8,9216,TORCH_SDPA_MLA,[8192],[0],"[2048, 2048, 2048, 2048, 2048, 2048, 2048, 2048]",1,8,8,9,8192,8,8200,2048,0.1111111111111111,true_mixed,True,False,True,9,0,0,576,128,64,192,512,128,8200,8192,8,8192,8192,8200,8192,False,0,0,BF16,CUDA_EVENT,generic,generic,method=fp8|act=dynamic|serialized=True|block=128x128,False
0.00443999981507659,0.007400000002235174,0.005079999938607216,0.004519999958574772,0.0011606894813419276,5,0.038359999656677246,0.11315999925136566,0.054248199611902234,0.03880000114440918,0.02948785053977312,5,0.11644099652767181,0.7368029952049255,0.2415847972035408,0.11819999665021896,0.24761006654216786,5,14.138607025146484,14.606927871704102,14.424839210510253,14.584087371826172,0.21324359615305022,5,0.12264099717140198,0.1258399933576584,0.12378439903259278,0.12371999770402908,0.001150231131727456,5,1.9932470321655273,2.0139260292053223,2.005334424972534,2.0068469047546387,0.006775659052934328,5,0.06279999762773514,0.06752000004053116,0.06428799927234649,0.06403999775648117,0.0016984514038487944,5,0.004480000119656324,0.005400000140070915,0.004736000020056963,0.004600000102072954,0.00033619047565284127,5,7168,128,1,32,8,9216,TORCH_SDPA_MLA,[8192],[0],"[4096, 4096, 4096, 4096, 4096, 4096, 4096, 4096]",1,8,8,9,8192,8,8200,4096,0.1111111111111111,true_mixed,True,False,True,9,0,0,576,128,64,192,512,128,8200,8192,8,8192,8192,8200,8192,False,0,0,BF16,CUDA_EVENT,generic,generic,method=fp8|act=dynamic|serialized=True|block=128x128,False
0.004120000172406435,0.004399999976158142,0.004248000029474497,0.004240000154823065,0.00010244990975963984,5,0.03855999931693077,0.11760000139474869,0.05520019978284836,0.03960099816322327,0.031219135972249148,5,0.11739999800920486,0.854843020439148,0.26586500406265257,0.11844000220298767,0.29449177513435193,5,14.070406913757324,14.256887435913086,14.141294288635255,14.11988639831543,0.06266347299278763,5,0.11616100370883942,0.11956100165843964,0.11741700172424316,0.11684100329875946,0.0012022902419967787,5,1.5907649993896484,1.598484992980957,1.5957808017730712,1.5967650413513184,0.002817673982220093,5,0.06232000142335892,0.06812000274658203,0.06486400067806244,0.06323999911546707,0.0026264642645848777,5,0.0041600000113248825,0.0063599999994039536,0.004695999994874,0.004279999993741512,0.0008354543686407519,5,7168,128,1,32,8,9216,TORCH_SDPA_MLA,[8192],[0],"[3072, 3072, 3072, 3072, 3072, 3072, 3072, 3072]",1,8,8,9,8192,8,8200,3072,0.1111111111111111,true_mixed,True,False,True,9,0,0,576,128,64,192,512,128,8200,8192,8,8192,8192,8200,8192,False,0,0,BF16,CUDA_EVENT,generic,generic,method=fp8|act=dynamic|serialized=True|block=128x128,False
0.004279999993741512,0.005640000104904175,0.0045679999515414235,0.00431999983265996,0.0005362984986228666,5,0.03764000162482262,0.07692000269889832,0.04603200107812881,0.038440000265836716,0.01544883557187079,5,0.11500000208616257,0.6017619967460632,0.2130168005824089,0.11591999977827072,0.19437369261640602,5,14.132804870605469,14.6782865524292,14.362173461914063,14.236044883728027,0.21701801997708633,5,0.1489199995994568,0.1534000039100647,0.1513925999403,0.15084099769592285,0.0016816570861719544,5,1.2257239818572998,1.2297229766845703,1.2274358034133912,1.2271640300750732,0.001334811080559247,5,0.18731999397277832,0.18852099776268005,0.18790439665317535,0.18775999546051025,0.0004155933865085217,5,0.00419999985024333,0.00431999983265996,0.0042639999650418755,0.004279999993741512,4.079213795521706e-05,5,7168,128,1,32,8,9216,TORCH_SDPA_MLA,[8192],[0],"[512, 512, 512, 512, 512, 512, 512, 512, 512, 512, 512, 512, 512, 512, 512, 512]",1,16,16,17,8192,16,8208,512,0.058823529411764705,true_mixed,True,False,True,17,0,0,576,128,64,192,512,128,8208,8192,16,8192,8192,8208,8192,False,0,0,BF16,CUDA_EVENT,generic,generic,method=fp8|act=dynamic|serialized=True|block=128x128,False
0.004360000137239695,0.005520000122487545,0.004640000127255917,0.004480000119656324,0.00044326064235155683,5,0.03776000067591667,0.10608000308275223,0.052160000801086424,0.03888000175356865,0.026964831563513033,5,0.11739999800920486,0.9762030243873596,0.28935280442237854,0.1175599992275238,0.3434251894424716,5,14.109485626220703,14.539127349853516,14.291485786437988,14.179725646972656,0.17551654128473212,5,0.0843610018491745,0.08727999776601791,0.08512840121984482,0.08476000279188156,0.001087142176622192,5,2.4004878997802734,2.410088062286377,2.4052714347839355,2.405487060546875,0.003523194606099415,5,0.08008000254631042,0.08372099697589874,0.08133639991283417,0.08072099834680557,0.0013982153446203578,5,0.004360000137239695,0.004519999958574772,0.004456000030040741,0.004480000119656324,5.4258613605923594e-05,5,7168,128,1,32,8,9216,TORCH_SDPA_MLA,[8192],[0],"[5120, 5120, 5120, 5120, 5120, 5120, 5120, 5120]",1,8,8,9,8192,8,8200,5120,0.1111111111111111,true_mixed,True,False,True,9,0,0,576,128,64,192,512,128,8200,8192,8,8192,8192,8200,8192,False,0,0,BF16,CUDA_EVENT,generic,generic,method=fp8|act=dynamic|serialized=True|block=128x128,False
0.004399999976158142,0.004600000102072954,0.004496000055223703,0.004480000119656324,6.499233210529004e-05,5,0.038520000874996185,0.07812099903821945,0.04680820032954216,0.038759998977184296,0.015666155909659876,5,0.11587999761104584,0.9314829707145691,0.28112879395484924,0.11832000315189362,0.32518268207598366,5,14.155088424682617,14.489208221435547,14.378848648071289,14.417489051818848,0.11771345335413204,5,0.13204100728034973,0.13471999764442444,0.1328324019908905,0.13247999548912048,0.0009878958061408088,5,3.6376519203186035,3.650291919708252,3.6433241844177244,3.6424520015716553,0.004926428535916943,5,0.10388000309467316,0.1053209975361824,0.10435260087251663,0.10424099862575531,0.0005096901234027444,5,0.004519999958574772,0.004639999940991402,0.00458399998024106,0.004600000102072954,4.079219274941178e-05,5,7168,128,1,32,8,9216,TORCH_SDPA_MLA,[8192],[0],"[8192, 8192, 8192, 8192, 8192, 8192, 8192, 8192]",1,8,8,9,8192,8,8200,8192,0.1111111111111111,true_mixed,True,False,True,9,0,0,576,128,64,192,512,128,8200,8192,8,8192,8193,8200,8192,False,0,0,BF16,CUDA_EVENT,generic,generic,method=fp8|act=dynamic|serialized=True|block=128x128,False
0.004399999976158142,0.004559999797493219,0.004495999962091446,0.004480000119656324,5.986642644755097e-05,5,0.038440000265836716,0.1257999986410141,0.057456199824810025,0.039480000734329224,0.03423809416070274,5,0.11664099991321564,0.9942839741706848,0.29340139478445054,0.11708100140094757,0.350447464234522,5,14.047165870666504,14.546246528625488,14.294598197937011,14.273845672607422,0.20776844412858683,5,0.10707999765872955,0.10880099982023239,0.10795279890298844,0.1077210009098053,0.0007060631772752519,5,2.8043289184570312,2.8268890380859375,2.815264940261841,2.815408945083618,0.007335154177711912,5,0.06216000020503998,0.06599999964237213,0.0633200004696846,0.0628800019621849,0.0013712473120027118,5,0.004480000119656324,0.004559999797493219,0.004504000023007393,0.004480000119656324,3.1999871134757994e-05,5,7168,128,1,32,8,9216,TORCH_SDPA_MLA,[8192],[0],"[6144, 6144, 6144, 6144, 6144, 6144, 6144, 6144]",1,8,8,9,8192,8,8200,6144,0.1111111111111111,true_mixed,True,False,True,9,0,0,576,128,64,192,512,128,8200,8192,8,8192,8192,8200,8192,False,0,0,BF16,CUDA_EVENT,generic,generic,method=fp8|act=dynamic|serialized=True|block=128x128,False
0.004360000137239695,0.004480000119656324,0.004416000004857779,0.004399999976158142,4.079213795521706e-05,5,0.038120001554489136,0.08931999653577805,0.048888199776411054,0.03916100040078163,0.020219740334148563,5,0.11575999855995178,0.579882025718689,0.2104490041732788,0.1183210015296936,0.18472395265690345,5,14.04952621459961,14.217527389526367,14.144206428527832,14.165685653686523,0.05822499409972937,5,0.14944100379943848,0.15276099741458893,0.15069639980792998,0.15004000067710876,0.0012570694279270737,5,1.3988449573516846,1.406885027885437,1.4026765823364258,1.403723955154419,0.0029048337489500815,5,0.11107999831438065,0.11339999735355377,0.1123201996088028,0.11252100020647049,0.0009343661447904298,5,0.004399999976158142,0.004480000119656324,0.004431999940425158,0.00443999981507659,2.9933287895859092e-05,5,7168,128,1,32,8,9216,TORCH_SDPA_MLA,[8192],[0],"[1024, 1024, 1024, 1024, 1024, 1024, 1024, 1024, 1024, 1024, 1024, 1024, 1024, 1024, 1024, 1024]",1,16,16,17,8192,16,8208,1024,0.058823529411764705,true_mixed,True,False,True,17,0,0,576,128,64,192,512,128,8208,8192,16,8192,8192,8208,8192,False,0,0,BF16,CUDA_EVENT,generic,generic,method=fp8|act=dynamic|serialized=True|block=128x128,False
0.004360000137239695,0.00875999964773655,0.005295999906957149,0.00443999981507659,0.0017328079943381889,5,0.03819999843835831,0.0684799998998642,0.04486420005559921,0.038920000195503235,0.011820086849614662,5,0.1172809973359108,0.47884199023246765,0.18988059759140014,0.11776000261306763,0.1444808951597706,5,14.08804702758789,14.267046928405762,14.166687202453613,14.145928382873535,0.06151238840671251,5,0.19915999472141266,0.20756100118160248,0.20202479958534242,0.2011210024356842,0.0029326735189092097,5,2.1164469718933105,2.124566078186035,2.1204548358917235,2.1205270290374756,0.002789350417741027,5,0.21268099546432495,0.21392099559307098,0.21302459836006166,0.21276099979877472,0.00046080186496343854,5,0.00443999981507659,0.004519999958574772,0.004455999843776226,0.00443999981507659,3.200005739927292e-05,5,7168,128,1,32,8,9216,TORCH_SDPA_MLA,[8192],[0],"[2048, 2048, 2048, 2048, 2048, 2048, 2048, 2048, 2048, 2048, 2048, 2048, 2048, 2048, 2048, 2048]",1,16,16,17,8192,16,8208,2048,0.058823529411764705,true_mixed,True,False,True,17,0,0,576,128,64,192,512,128,8208,8192,16,8192,8192,8208,8192,False,0,0,BF16,CUDA_EVENT,generic,generic,method=fp8|act=dynamic|serialized=True|block=128x128,False
0.004480000119656324,0.004600000102072954,0.004520000051707029,0.004519999958574772,4.381779817994027e-05,5,0.03855999931693077,0.07556000351905823,0.04637620076537132,0.039400000125169754,0.014596183143718931,5,0.11671999841928482,0.585241973400116,0.21095279455184937,0.11760099977254868,0.18714514595437107,5,14.091445922851562,14.693888664245605,14.37988739013672,14.461527824401855,0.2168220107827072,5,0.23832100629806519,0.24196000397205353,0.24070480465888977,0.24104100465774536,0.0012449736930173745,5,4.010333061218262,4.024133205413818,4.0155011177062985,4.013853073120117,0.004672845627567704,5,0.12464000284671783,0.12732000648975372,0.12540020197629928,0.1250009983778,0.0009891433324635155,5,0.004480000119656324,0.004600000102072954,0.004535999987274409,0.004519999958574772,4.079213795521706e-05,5,7168,128,1,32,8,9216,TORCH_SDPA_MLA,[8192],[0],"[4096, 4096, 4096, 4096, 4096, 4096, 4096, 4096, 4096, 4096, 4096, 4096, 4096, 4096, 4096, 4096]",1,16,16,17,8192,16,8208,4096,0.058823529411764705,true_mixed,True,False,True,17,0,0,576,128,64,192,512,128,8208,8192,16,8192,8192,8208,8192,False,0,0,BF16,CUDA_EVENT,generic,generic,method=fp8|act=dynamic|serialized=True|block=128x128,False
0.00419999985024333,0.005640000104904175,0.004535999987274409,0.004279999993741512,0.0005551793201835655,5,0.03872000053524971,0.124440997838974,0.05609639957547188,0.038839999586343765,0.034174071226759056,5,0.11768099665641785,0.5334010124206543,0.20092060267925263,0.1178010031580925,0.16624022975103855,5,14.050285339355469,14.223567008972168,14.172870254516601,14.204206466674805,0.06361141778942425,5,0.22431999444961548,0.22576099634170532,0.2249365985393524,0.22456100583076477,0.0005854886197680034,5,3.1683709621429443,3.180569887161255,3.175274610519409,3.1737310886383057,0.004656284481599987,5,0.12340100109577179,0.12467999756336212,0.12381619960069656,0.12355999648571014,0.00047283965266552256,5,0.004240000154823065,0.004279999993741512,0.0042640000581741335,0.004279999993741512,1.9595839028743304e-05,5,7168,128,1,32,8,9216,TORCH_SDPA_MLA,[8192],[0],"[3072, 3072, 3072, 3072, 3072, 3072, 3072, 3072, 3072, 3072, 3072, 3072, 3072, 3072, 3072, 3072]",1,16,16,17,8192,16,8208,3072,0.058823529411764705,true_mixed,True,False,True,17,0,0,576,128,64,192,512,128,8208,8192,16,8192,8192,8208,8192,False,0,0,BF16,CUDA_EVENT,generic,generic,method=fp8|act=dynamic|serialized=True|block=128x128,False
0.004120000172406435,0.00431999983265996,0.004224000032991171,0.004240000154823065,6.499222893130033e-05,5,0.03840000182390213,0.11712100356817245,0.05466440096497536,0.03888000175356865,0.031236018392473034,5,0.11739999800920486,1.063683032989502,0.3075210079550743,0.11820100247859955,0.37808280954843165,5,14.271084785461426,14.724286079406738,14.48887767791748,14.407925605773926,0.17389976109201075,5,0.29332101345062256,0.29896101355552673,0.29593700766563413,0.2958010137081146,0.0018212270940794818,5,2.4491279125213623,2.461967945098877,2.4564239501953127,2.455967903137207,0.004289354415431625,5,0.3688409924507141,0.3707210123538971,0.36992100477218626,0.3698810040950775,0.0006284009406448317,5,0.0041600000113248825,0.004360000137239695,0.0042640000581741335,0.004240000154823065,8.236511650192828e-05,5,7168,128,1,32,8,9216,TORCH_SDPA_MLA,[8192],[0],"[512, 512, 512, 512, 512, 512, 512, 512, 512, 512, 512, 512, 512, 512, 512, 512, 512, 512, 512, 512, 512, 512, 512, 512, 512, 512, 512, 512, 512, 512, 512, 512]",1,32,32,33,8192,32,8224,512,0.030303030303030304,true_mixed,True,False,True,33,0,0,576,128,64,192,512,128,8224,8192,32,8192,8192,8224,8192,False,0,0,BF16,CUDA_EVENT,generic,generic,method=fp8|act=dynamic|serialized=True|block=128x128,False
0.00431999983265996,0.00559999980032444,0.004623999912291765,0.004399999976158142,0.0004896365423957945,5,0.03787999972701073,0.088639996945858,0.04846439957618713,0.038600001484155655,0.020089992546142747,5,0.11711999773979187,0.5914419889450073,0.21226459741592407,0.11748100072145462,0.18958881793456758,5,14.142887115478516,14.624048233032227,14.49089527130127,14.566367149353027,0.18007903828633848,5,0.16359999775886536,0.16644099354743958,0.165584596991539,0.16596099734306335,0.0010175197622411792,5,4.8070149421691895,4.828815937042236,4.81752758026123,4.816256046295166,0.007931942777509731,5,0.15760000050067902,0.1605609953403473,0.1585765987634659,0.15792100131511688,0.0010812174921202467,5,0.00443999981507659,0.004600000102072954,0.004487999994307756,0.004480000119656324,5.878784660240829e-05,5,7168,128,1,32,8,9216,TORCH_SDPA_MLA,[8192],[0],"[5120, 5120, 5120, 5120, 5120, 5120, 5120, 5120, 5120, 5120, 5120, 5120, 5120, 5120, 5120, 5120]",1,16,16,17,8192,16,8208,5120,0.058823529411764705,true_mixed,True,False,True,17,0,0,576,128,64,192,512,128,8208,8192,16,8192,8192,8208,8192,False,0,0,BF16,CUDA_EVENT,generic,generic,method=fp8|act=dynamic|serialized=True|block=128x128,False
0.004360000137239695,0.004519999958574772,0.0044559999369084835,0.00443999981507659,5.986647622883656e-05,5,0.03920099884271622,0.13619999587535858,0.05972019881010056,0.0400799997150898,0.0382652970740465,5,0.11656100302934647,0.5417619943618774,0.20222459882497787,0.11739999800920486,0.1697697872689574,5,14.036087036132812,14.589847564697266,14.452271652221679,14.554887771606445,0.20913264400323361,5,0.21143999695777893,0.2138410061597824,0.2121366024017334,0.21184100210666656,0.0008793097545526842,5,5.602697849273682,5.632018089294434,5.614722633361817,5.609979152679443,0.010998252299300234,5,0.12272000312805176,0.12520000338554382,0.12430440187454224,0.12488099932670593,0.000924906913484565,5,0.00443999981507659,0.005080000031739473,0.004607999976724386,0.004519999958574772,0.00023785713192840793,5,7168,128,1,32,8,9216,TORCH_SDPA_MLA,[8192],[0],"[6144, 6144, 6144, 6144, 6144, 6144, 6144, 6144, 6144, 6144, 6144, 6144, 6144, 6144, 6144, 6144]",1,16,16,17,8192,16,8208,6144,0.058823529411764705,true_mixed,True,False,True,17,0,0,576,128,64,192,512,128,8208,8192,16,8192,8192,8208,8192,False,0,0,BF16,CUDA_EVENT,generic,generic,method=fp8|act=dynamic|serialized=True|block=128x128,False
0.00443999981507659,0.004519999958574772,0.004479999933391809,0.004480000119656324,3.5777151814455904e-05,5,0.03799999877810478,0.1382409930229187,0.058232398331165315,0.03824099898338318,0.04000454037256457,5,0.1157199963927269,0.5321620106697083,0.19968860149383544,0.1167600005865097,0.16623754636933807,5,14.458568572998047,14.616449356079102,14.539944648742676,14.536487579345703,0.051135365639580675,5,0.25588101148605347,0.2587609887123108,0.2569689989089966,0.25668099522590637,0.0009637850854810986,5,7.259304046630859,7.267223834991455,7.261176204681396,7.2597432136535645,0.003034079509675117,5,0.20027999579906464,0.20212000608444214,0.20103260278701782,0.20080099999904633,0.0006385964662518694,5,0.004480000119656324,0.004600000102072954,0.0045599999837577345,0.004559999797493219,4.381779818013822e-05,5,7168,128,1,32,8,9216,TORCH_SDPA_MLA,[8192],[0],"[8192, 8192, 8192, 8192, 8192, 8192, 8192, 8192, 8192, 8192, 8192, 8192, 8192, 8192, 8192, 8192]",1,16,16,17,8192,16,8208,8192,0.058823529411764705,true_mixed,True,False,True,17,0,0,576,128,64,192,512,128,8208,8192,16,8192,8193,8208,8192,False,0,0,BF16,CUDA_EVENT,generic,generic,method=fp8|act=dynamic|serialized=True|block=128x128,False
0.004360000137239695,0.0055599999614059925,0.0046640000306069854,0.004480000119656324,0.00045013772163117276,5,0.038120001554489136,0.07100000232458115,0.04624000117182732,0.03956000134348869,0.012573801772230546,5,0.11760000139474869,1.1424039602279663,0.32284939140081403,0.11796099692583084,0.40977745404562843,5,14.115686416625977,14.48572826385498,14.272135353088379,14.26596736907959,0.12025875188071802,5,0.29472100734710693,0.2988409996032715,0.29705700278282166,0.29732099175453186,0.0014888594134614672,5,2.7943689823150635,2.8025689125061035,2.796904993057251,2.7951691150665283,0.0030000717484235636,5,0.22088100016117096,0.222121000289917,0.22177700102329254,0.22192099690437317,0.0004571920521491424,5,0.004360000137239695,0.004999999888241291,0.004527999926358462,0.00443999981507659,0.00023785706614850468,5,7168,128,1,32,8,9216,TORCH_SDPA_MLA,[8192],[0],"[1024, 1024, 1024, 1024, 1024, 1024, 1024, 1024, 1024, 1024, 1024, 1024, 1024, 1024, 1024, 1024, 1024, 1024, 1024, 1024, 1024, 1024, 1024, 1024, 1024, 1024, 1024, 1024, 1024, 1024, 1024, 1024]",1,32,32,33,8192,32,8224,1024,0.030303030303030304,true_mixed,True,False,True,33,0,0,576,128,64,192,512,128,8224,8192,32,8192,8192,8224,8192,False,0,0,BF16,CUDA_EVENT,generic,generic,method=fp8|act=dynamic|serialized=True|block=128x128,False
0.00431999983265996,0.004480000119656324,0.004400000069290399,0.004360000137239695,6.693286652482382e-05,5,0.03855999931693077,0.12188100069761276,0.05564820021390915,0.03911999985575676,0.03311803685413998,5,0.11687999963760376,0.47440099716186523,0.18929639905691148,0.11828000098466873,0.14255382659542393,5,14.152847290039062,14.266287803649902,14.208031272888183,14.197246551513672,0.0425490507438328,5,0.39524099230766296,0.40028101205825806,0.39747320413589476,0.39760100841522217,0.001800164613103606,5,4.218654155731201,4.229333877563477,4.222213935852051,4.219773769378662,0.003964838188027576,5,0.4198809862136841,0.4240820109844208,0.4214814007282257,0.42156100273132324,0.0015487162470546774,5,0.004360000137239695,0.005160000175237656,0.0045599999837577345,0.00443999981507659,0.00030146318242268245,5,7168,128,1,32,8,9216,TORCH_SDPA_MLA,[8192],[0],"[2048, 2048, 2048, 2048, 2048, 2048, 2048, 2048, 2048, 2048, 2048, 2048, 2048, 2048, 2048, 2048, 2048, 2048, 2048, 2048, 2048, 2048, 2048, 2048, 2048, 2048, 2048, 2048, 2048, 2048, 2048, 2048]",1,32,32,33,8192,32,8224,2048,0.030303030303030304,true_mixed,True,False,True,33,0,0,576,128,64,192,512,128,8224,8192,32,8192,8192,8224,8192,False,0,0,BF16,CUDA_EVENT,generic,generic,method=fp8|act=dynamic|serialized=True|block=128x128,False
0.00419999985024333,0.004679999779909849,0.004328199941664934,0.004240000154823065,0.00018123169474721366,5,0.03819999843835831,0.12260100245475769,0.055424199998378755,0.03872000053524971,0.0335899195737742,5,0.11751999706029892,0.9895229935646057,0.29271279871463773,0.11795999854803085,0.348407133494996,5,14.212127685546875,14.409567832946777,14.262103462219239,14.217647552490234,0.07561575338449288,5,0.4396420121192932,0.44416099786758423,0.44162540435791015,0.44060200452804565,0.0019840489850609993,5,6.330181121826172,6.358101844787598,6.341325187683106,6.338140964508057,0.01065911737865502,5,0.2425210028886795,0.2446410059928894,0.2439048022031784,0.24396100640296936,0.000777333746570464,5,0.00419999985024333,0.00431999983265996,0.0042559999041259285,0.004279999993741512,4.800002401078793e-05,5,7168,128,1,32,8,9216,TORCH_SDPA_MLA,[8192],[0],"[3072, 3072, 3072, 3072, 3072, 3072, 3072, 3072, 3072, 3072, 3072, 3072, 3072, 3072, 3072, 3072, 3072, 3072, 3072, 3072, 3072, 3072, 3072, 3072, 3072, 3072, 3072, 3072, 3072, 3072, 3072, 3072]",1,32,32,33,8192,32,8224,3072,0.030303030303030304,true_mixed,True,False,True,33,0,0,576,128,64,192,512,128,8224,8192,32,8192,8192,8224,8192,False,0,0,BF16,CUDA_EVENT,generic,generic,method=fp8|act=dynamic|serialized=True|block=128x128,False
0.004360000137239695,0.004600000102072954,0.004480000026524067,0.004480000119656324,8.000000379989096e-05,5,0.038839999586343765,0.09663999825716019,0.050631999224424365,0.039319999516010284,0.023004964548254122,5,0.11711999773979187,0.6142420172691345,0.21748080253601074,0.11836100369691849,0.19838325593287853,5,14.092247009277344,14.638848304748535,14.355959129333495,14.261006355285645,0.21447470255589102,5,0.4684010148048401,0.47428199648857117,0.471737802028656,0.4712820053100586,0.0020723942290848665,5,8.020106315612793,8.038345336914062,8.031065940856934,8.03770637512207,0.008580596164990026,5,0.24540099501609802,0.24824100732803345,0.2465369999408722,0.2460010051727295,0.0010398797898714944,5,0.004480000119656324,0.004559999797493219,0.004504000023007393,0.004480000119656324,3.1999871134757994e-05,5,7168,128,1,32,8,9216,TORCH_SDPA_MLA,[8192],[0],"[4096, 4096, 4096, 4096, 4096, 4096, 4096, 4096, 4096, 4096, 4096, 4096, 4096, 4096, 4096, 4096, 4096, 4096, 4096, 4096, 4096, 4096, 4096, 4096, 4096, 4096, 4096, 4096, 4096, 4096, 4096, 4096]",1,32,32,33,8192,32,8224,4096,0.030303030303030304,true_mixed,True,False,True,33,0,0,576,128,64,192,512,128,8224,8192,32,8192,8192,8224,8192,False,0,0,BF16,CUDA_EVENT,generic,generic,method=fp8|act=dynamic|serialized=True|block=128x128,False
0.00419999985024333,0.0074800001457333565,0.005023999977856875,0.00431999983265996,0.0012485128099420713,5,0.03900099918246269,0.2743610143661499,0.08629660308361053,0.0392800010740757,0.09403252247083471,5,0.11671999841928482,1.199884057044983,0.3345050111413002,0.11844100058078766,0.43269164044392144,5,14.361446380615234,14.816926956176758,14.561734771728515,14.478767395019531,0.190994322166234,5,0.44032201170921326,0.44652101397514343,0.44344980716705323,0.4439220130443573,0.0023327202698789086,5,3.6712119579315186,3.6916520595550537,3.683139610290527,3.6851298809051514,0.00814381524109268,5,0.5489209890365601,0.5504019856452942,0.5495855927467346,0.549360990524292,0.0006056603299031601,5,0.0041600000113248825,0.00431999983265996,0.004231999907642603,0.00419999985024333,5.8787732539092134e-05,5,7168,128,1,32,8,9216,TORCH_SDPA_MLA,[8192],[0],"[512, 512, 512, 512, 512, 512, 512, 512, 512, 512, 512, 512, 512, 512, 512, 512, 512, 512, 512, 512, 512, 512, 512, 512, 512, 512, 512, 512, 512, 512, 512, 512, 512, 512, 512, 512, 512, 512, 512, 512, 512, 512, 512, 512, 512, 512, 512, 512]",1,48,48,49,8192,48,8240,512,0.02040816326530612,true_mixed,True,False,True,49,0,0,576,128,64,192,512,128,8240,8192,48,8192,8192,8240,8192,False,0,0,BF16,CUDA_EVENT,generic,generic,method=fp8|act=dynamic|serialized=True|block=128x128,False
0.00431999983265996,0.03480000048875809,0.010488000046461821,0.004399999976158142,0.012156273333870782,5,0.03832000121474266,0.19908000528812408,0.07177600115537644,0.03936000168323517,0.06367444703383038,5,0.11664000153541565,1.036803960800171,0.3012731924653053,0.11715999990701675,0.36776614289774545,5,14.206127166748047,14.423768043518066,14.291783332824707,14.27736759185791,0.07196454395903962,5,0.44176098704338074,0.4458419978618622,0.4428813934326172,0.4424009919166565,0.0015087233680044644,5,4.17997407913208,4.19061279296875,4.185565567016601,4.184934139251709,0.003950901904824196,5,0.32992100715637207,0.3343620002269745,0.33115320801734927,0.3305610120296478,0.0016225187666833543,5,0.004360000137239695,0.004519999958574772,0.004440000001341105,0.00443999981507659,5.656851225467499e-05,5,7168,128,1,32,8,9216,TORCH_SDPA_MLA,[8192],[0],"[1024, 1024, 1024, 1024, 1024, 1024, 1024, 1024, 1024, 1024, 1024, 1024, 1024, 1024, 1024, 1024, 1024, 1024, 1024, 1024, 1024, 1024, 1024, 1024, 1024, 1024, 1024, 1024, 1024, 1024, 1024, 1024, 1024, 1024, 1024, 1024, 1024, 1024, 1024, 1024, 1024, 1024, 1024, 1024, 1024, 1024, 1024, 1024]",1,48,48,49,8192,48,8240,1024,0.02040816326530612,true_mixed,True,False,True,49,0,0,576,128,64,192,512,128,8240,8192,48,8192,8192,8240,8192,False,0,0,BF16,CUDA_EVENT,generic,generic,method=fp8|act=dynamic|serialized=True|block=128x128,False
0.004360000137239695,0.0074800001457333565,0.0050640000961720945,0.004480000119656324,0.0012091914882683874,5,0.03815999999642372,0.17564000189304352,0.06668800115585327,0.03956000134348869,0.0544837382777011,5,0.11535999923944473,0.5340420007705688,0.20091239959001542,0.11807999759912491,0.16657430509972357,5,14.255446434020996,14.62232780456543,14.516631317138671,14.574888229370117,0.1338190501535878,5,0.3220820128917694,0.32552099227905273,0.3242092072963715,0.3244810104370117,0.0011771286616148013,5,9.595830917358398,9.622151374816895,9.608511352539063,9.605072021484375,0.009696245290914793,5,0.31488099694252014,0.31992098689079285,0.3166249990463257,0.3160409927368164,0.0017233589264595455,5,0.004360000137239695,0.004480000119656324,0.004424000065773726,0.00443999981507659,5.425861360592359e-05,5,7168,128,1,32,8,9216,TORCH_SDPA_MLA,[8192],[0],"[5120, 5120, 5120, 5120, 5120, 5120, 5120, 5120, 5120, 5120, 5120, 5120, 5120, 5120, 5120, 5120, 5120, 5120, 5120, 5120, 5120, 5120, 5120, 5120, 5120, 5120, 5120, 5120, 5120, 5120, 5120, 5120]",1,32,32,33,8192,32,8224,5120,0.030303030303030304,true_mixed,True,False,True,33,0,0,576,128,64,192,512,128,8224,8192,32,8192,8192,8224,8192,False,0,0,BF16,CUDA_EVENT,generic,generic,method=fp8|act=dynamic|serialized=True|block=128x128,False
0.004279999993741512,0.004480000119656324,0.004384000040590763,0.004399999976158142,6.499233210529004e-05,5,0.0387209989130497,0.07556000351905823,0.046328400075435636,0.03903999924659729,0.01461775509604235,5,0.11816000193357468,0.46848198771476746,0.1888403981924057,0.11928000301122665,0.13982185067562217,5,14.263167381286621,14.352367401123047,14.316399192810058,14.316527366638184,0.030284251327721834,5,0.5921220183372498,0.6001219749450684,0.5967538118362427,0.5978010296821594,0.0029009973306037802,5,6.314700126647949,6.335579872131348,6.325860214233399,6.325220108032227,0.008485861067615659,5,0.6281219720840454,0.6327620148658752,0.62950599193573,0.628961980342865,0.001697932768320423,5,0.00431999983265996,0.00443999981507659,0.004407999850809574,0.00443999981507659,4.664760299960091e-05,5,7168,128,1,32,8,9216,TORCH_SDPA_MLA,[8192],[0],"[2048, 2048, 2048, 2048, 2048, 2048, 2048, 2048, 2048, 2048, 2048, 2048, 2048, 2048, 2048, 2048, 2048, 2048, 2048, 2048, 2048, 2048, 2048, 2048, 2048, 2048, 2048, 2048, 2048, 2048, 2048, 2048, 2048, 2048, 2048, 2048, 2048, 2048, 2048, 2048, 2048, 2048, 2048, 2048, 2048, 2048, 2048, 2048]",1,48,48,49,8192,48,8240,2048,0.02040816326530612,true_mixed,True,False,True,49,0,0,576,128,64,192,512,128,8240,8192,48,8192,8192,8240,8192,False,0,0,BF16,CUDA_EVENT,generic,generic,method=fp8|act=dynamic|serialized=True|block=128x128,False
0.00443999981507659,0.004600000102072954,0.004503999929875135,0.004480000119656324,6.499236649676148e-05,5,0.038120001554489136,0.1929199993610382,0.0701042003929615,0.03984000161290169,0.06141183396340868,5,0.11668000370264053,0.5314419865608215,0.2000485986471176,0.11732099950313568,0.16569703785986467,5,14.105887413024902,14.624527931213379,14.393847465515137,14.451727867126465,0.18294384848558895,5,0.4089210033416748,0.4182809889316559,0.41233760118484497,0.41144201159477234,0.003278729461138753,5,11.19439697265625,11.223716735839844,11.209956932067872,11.213196754455566,0.010615215430905196,5,0.2449209988117218,0.2489199936389923,0.24642459750175477,0.24616099894046783,0.0013356400977319373,5,0.004399999976158142,0.004600000102072954,0.004520000051707029,0.004519999958574772,7.58947018083731e-05,5,7168,128,1,32,8,9216,TORCH_SDPA_MLA,[8192],[0],"[6144, 6144, 6144, 6144, 6144, 6144, 6144, 6144, 6144, 6144, 6144, 6144, 6144, 6144, 6144, 6144, 6144, 6144, 6144, 6144, 6144, 6144, 6144, 6144, 6144, 6144, 6144, 6144, 6144, 6144, 6144, 6144]",1,32,32,33,8192,32,8224,6144,0.030303030303030304,true_mixed,True,False,True,33,0,0,576,128,64,192,512,128,8224,8192,32,8192,8192,8224,8192,False,0,0,BF16,CUDA_EVENT,generic,generic,method=fp8|act=dynamic|serialized=True|block=128x128,False
0.004360000137239695,0.004600000102072954,0.004496000055223703,0.004480000119656324,8.236498081489306e-05,5,0.038520000874996185,0.13767999410629272,0.05872799903154373,0.03920000046491623,0.03947792169559261,5,0.11668100208044052,0.5598819851875305,0.20566499829292298,0.11696100234985352,0.17710916701300805,5,14.091405868530273,14.688328742980957,14.392367553710937,14.477007865905762,0.24160868373165995,5,0.5044419765472412,0.508001983165741,0.5056415915489196,0.5047609806060791,0.0013745597396573677,5,14.48608684539795,14.53488826751709,14.50702362060547,14.507087707519531,0.016607294254600252,5,0.3879620134830475,0.390080988407135,0.3894492030143738,0.3897610008716583,0.0007762279613772566,5,0.00443999981507659,0.004559999797493219,0.004496199917048216,0.004480999894440174,4.07155800791467e-05,5,7168,128,1,32,8,9216,TORCH_SDPA_MLA,[8192],[0],"[8192, 8192, 8192, 8192, 8192, 8192, 8192, 8192, 8192, 8192, 8192, 8192, 8192, 8192, 8192, 8192, 8192, 8192, 8192, 8192, 8192, 8192, 8192, 8192, 8192, 8192, 8192, 8192, 8192, 8192, 8192, 8192]",1,32,32,33,8192,32,8224,8192,0.030303030303030304,true_mixed,True,False,True,33,0,0,576,128,64,192,512,128,8224,8192,32,8192,8193,8224,8192,False,0,0,BF16,CUDA_EVENT,generic,generic,method=fp8|act=dynamic|serialized=True|block=128x128,False
0.0041600000113248825,0.00431999983265996,0.0042559999041259285,0.004279999993741512,6.499226332255945e-05,5,0.039159998297691345,0.17324000597000122,0.0662080004811287,0.039639998227357864,0.05351648932825794,5,0.11636000126600266,0.8503230214118958,0.2638328045606613,0.1172809973359108,0.29324556938411445,5,14.320085525512695,14.530206680297852,14.411982154846191,14.407885551452637,0.06992873432569711,5,0.5867220163345337,0.5913619995117188,0.588513994216919,0.587801992893219,0.0017595255902269277,5,4.917175769805908,4.926215171813965,4.922639656066894,4.924294948577881,0.0034888933529054786,5,0.7279620170593262,0.7329630255699158,0.729818606376648,0.7292019724845886,0.001768195512062064,5,0.0041600000113248825,0.004279999993741512,0.004224199987947941,0.004240000154823065,4.087250328255576e-05,5,7168,128,1,32,8,9216,TORCH_SDPA_MLA,[8192],[0],"[512, 512, 512, 512, 512, 512, 512, 512, 512, 512, 512, 512, 512, 512, 512, 512, 512, 512, 512, 512, 512, 512, 512, 512, 512, 512, 512, 512, 512, 512, 512, 512, 512, 512, 512, 512, 512, 512, 512, 512, 512, 512, 512, 512, 512, 512, 512, 512, 512, 512, 512, 512, 512, 512, 512, 512, 512, 512, 512, 512, 512, 512, 512, 512]",1,64,64,65,8192,64,8256,512,0.015384615384615385,true_mixed,True,False,True,65,0,0,576,128,64,192,512,128,8256,8192,64,8192,8192,8256,8192,False,0,0,BF16,CUDA_EVENT,generic,generic,method=fp8|act=dynamic|serialized=True|block=128x128,False
0.0041600000113248825,0.004279999993741512,0.004232000000774861,0.004240000154823065,4.664763494375637e-05,5,0.038359999656677246,0.18408100306987762,0.067832200974226,0.03880000114440918,0.05812526195236571,5,0.11655999720096588,1.0624040365219116,0.3065212070941925,0.11804000288248062,0.3779420452351651,5,14.14416790008545,14.286848068237305,14.192959976196288,14.176648139953613,0.04920185831306449,5,0.6569219827651978,0.6603220105171204,0.6584663987159729,0.6583229899406433,0.0011900837638904674,5,9.483192443847656,9.49415111541748,9.488456344604492,9.488112449645996,0.0036342084798005716,5,0.3680410087108612,0.3749609887599945,0.36978519558906553,0.36868199706077576,0.002603613121985209,5,0.00419999985024333,0.004360000137239695,0.004303999990224838,0.00431999983265996,5.986661312733957e-05,5,7168,128,1,32,8,9216,TORCH_SDPA_MLA,[8192],[0],"[3072, 3072, 3072, 3072, 3072, 3072, 3072, 3072, 3072, 3072, 3072, 3072, 3072, 3072, 3072, 3072, 3072, 3072, 3072, 3072, 3072, 3072, 3072, 3072, 3072, 3072, 3072, 3072, 3072, 3072, 3072, 3072, 3072, 3072, 3072, 3072, 3072, 3072, 3072, 3072, 3072, 3072, 3072, 3072, 3072, 3072, 3072, 3072]",1,48,48,49,8192,48,8240,3072,0.02040816326530612,true_mixed,True,False,True,49,0,0,576,128,64,192,512,128,8240,8192,48,8192,8192,8240,8192,False,0,0,BF16,CUDA_EVENT,generic,generic,method=fp8|act=dynamic|serialized=True|block=128x128,False
0.00443999981507659,0.011880000121891499,0.0059599999338388445,0.004519999958574772,0.0029602163031149957,5,0.03888000175356865,0.15268099308013916,0.062072398513555525,0.039639998227357864,0.045305942043027736,5,0.11672099679708481,0.550682008266449,0.20390480011701584,0.11727999895811081,0.17338918462195127,5,14.128886222839355,14.600128173828125,14.34431095123291,14.27924633026123,0.19581765173440735,5,0.7012420296669006,0.7034419775009155,0.7024342060089112,0.7022820115089417,0.000804728697437172,5,12.009920120239258,12.048599243164062,12.026919746398926,12.023119926452637,0.013013768040061135,5,0.3722020089626312,0.3808799982070923,0.375041002035141,0.3733609914779663,0.003180899736408347,5,0.004480000119656324,0.006320000160485506,0.004903999995440245,0.004559999797493219,0.0007090727141295872,5,7168,128,1,32,8,9216,TORCH_SDPA_MLA,[8192],[0],"[4096, 4096, 4096, 4096, 4096, 4096, 4096, 4096, 4096, 4096, 4096, 4096, 4096, 4096, 4096, 4096, 4096, 4096, 4096, 4096, 4096, 4096, 4096, 4096, 4096, 4096, 4096, 4096, 4096, 4096, 4096, 4096, 4096, 4096, 4096, 4096, 4096, 4096, 4096, 4096, 4096, 4096, 4096, 4096, 4096, 4096, 4096, 4096]",1,48,48,49,8192,48,8240,4096,0.02040816326530612,true_mixed,True,False,True,49,0,0,576,128,64,192,512,128,8240,8192,48,8192,8192,8240,8192,False,0,0,BF16,CUDA_EVENT,generic,generic,method=fp8|act=dynamic|serialized=True|block=128x128,False
0.004360000137239695,0.013439999893307686,0.00621599992737174,0.00443999981507659,0.0036121217961017126,5,0.038359999656677246,0.23916099965572357,0.07906419932842254,0.039239998906850815,0.08004920767067074,5,0.1164809986948967,0.6305620074272156,0.21982480138540267,0.11776100099086761,0.2053694015432383,5,14.278646469116211,14.426127433776855,14.34760684967041,14.33648681640625,0.054615884079170944,5,0.5862020254135132,0.5887219905853271,0.5878020048141479,0.5880820155143738,0.0008682731265480021,5,5.565658092498779,5.576979160308838,5.571898365020752,5.572058200836182,0.003674994123807915,5,0.43604201078414917,0.44300198554992676,0.43856160044670106,0.43744200468063354,0.0025306361492089054,5,0.004399999976158142,0.004519999958574772,0.0044479998759925365,0.00443999981507659,3.9191849152437796e-05,5,7168,128,1,32,8,9216,TORCH_SDPA_MLA,[8192],[0],"[1024, 1024, 1024, 1024, 1024, 1024, 1024, 1024, 1024, 1024, 1024, 1024, 1024, 1024, 1024, 1024, 1024, 1024, 1024, 1024, 1024, 1024, 1024, 1024, 1024, 1024, 1024, 1024, 1024, 1024, 1024, 1024, 1024, 1024, 1024, 1024, 1024, 1024, 1024, 1024, 1024, 1024, 1024, 1024, 1024, 1024, 1024, 1024, 1024, 1024, 1024, 1024, 1024, 1024, 1024, 1024, 1024, 1024, 1024, 1024, 1024, 1024, 1024, 1024]",1,64,64,65,8192,64,8256,1024,0.015384615384615385,true_mixed,True,False,True,65,0,0,576,128,64,192,512,128,8256,8192,64,8192,8192,8256,8192,False,0,0,BF16,CUDA_EVENT,generic,generic,method=fp8|act=dynamic|serialized=True|block=128x128,False
0.004360000137239695,0.00443999981507659,0.004400200024247169,0.004399999976158142,2.5301283017910235e-05,5,0.03824000060558319,0.07220099866390228,0.04567239955067635,0.039319999516010284,0.013270792385914484,5,0.11699999868869781,0.4667609930038452,0.18775239884853362,0.11807999759912491,0.13950557480275913,5,14.202848434448242,14.366368293762207,14.285936164855958,14.282567977905273,0.05372707720971212,5,0.7897229790687561,0.7960019707679749,0.7929945826530457,0.7924429774284363,0.0025879231168065655,5,8.414907455444336,8.43050765991211,8.420804023742676,8.420027732849121,0.005379738272248477,5,0.8601629734039307,0.8659629821777344,0.8617627859115601,0.860683023929596,0.002147785621812767,5,0.00443999981507659,0.0049600000493228436,0.0045679999515414235,0.004480000119656324,0.00019823224574588234,5,7168,128,1,32,8,9216,TORCH_SDPA_MLA,[8192],[0],"[2048, 2048, 2048, 2048, 2048, 2048, 2048, 2048, 2048, 2048, 2048, 2048, 2048, 2048, 2048, 2048, 2048, 2048, 2048, 2048, 2048, 2048, 2048, 2048, 2048, 2048, 2048, 2048, 2048, 2048, 2048, 2048, 2048, 2048, 2048, 2048, 2048, 2048, 2048, 2048, 2048, 2048, 2048, 2048, 2048, 2048, 2048, 2048, 2048, 2048, 2048, 2048, 2048, 2048, 2048, 2048, 2048, 2048, 2048, 2048, 2048, 2048, 2048, 2048]",1,64,64,65,8192,64,8256,2048,0.015384615384615385,true_mixed,True,False,True,65,0,0,576,128,64,192,512,128,8256,8192,64,8192,8192,8256,8192,False,0,0,BF16,CUDA_EVENT,generic,generic,method=fp8|act=dynamic|serialized=True|block=128x128,False
0.004360000137239695,0.005840000230818987,0.004696000088006258,0.004399999976158142,0.000573327203684954,5,0.038920000195503235,0.16960099339485168,0.06541619822382927,0.03959999978542328,0.05209332746331043,5,0.11628100275993347,0.543641984462738,0.20241659730672837,0.1170400008559227,0.1706137042476838,5,14.114405632019043,14.669926643371582,14.410566711425782,14.572407722473145,0.24281262355316477,5,0.47992199659347534,0.4835610091686249,0.4824253976345062,0.48316100239753723,0.001346670866832319,5,14.416207313537598,14.468486785888672,14.43484706878662,14.430526733398438,0.01869560236888952,5,0.47532200813293457,0.4856809973716736,0.47957760095596313,0.4792810082435608,0.0035615664796601236,5,0.004360000137239695,0.00443999981507659,0.004415999911725521,0.00443999981507659,3.1999871134757994e-05,5,7168,128,1,32,8,9216,TORCH_SDPA_MLA,[8192],[0],"[5120, 5120, 5120, 5120, 5120, 5120, 5120, 5120, 5120, 5120, 5120, 5120, 5120, 5120, 5120, 5120, 5120, 5120, 5120, 5120, 5120, 5120, 5120, 5120, 5120, 5120, 5120, 5120, 5120, 5120, 5120, 5120, 5120, 5120, 5120, 5120, 5120, 5120, 5120, 5120, 5120, 5120, 5120, 5120, 5120, 5120, 5120, 5120]",1,48,48,49,8192,48,8240,5120,0.02040816326530612,true_mixed,True,False,True,49,0,0,576,128,64,192,512,128,8240,8192,48,8192,8192,8240,8192,False,0,0,BF16,CUDA_EVENT,generic,generic,method=fp8|act=dynamic|serialized=True|block=128x128,False
0.00419999985024333,0.007799999788403511,0.0049599998630583285,0.004279999993741512,0.0014207603229326922,5,0.0376800000667572,0.20956100523471832,0.07287220135331154,0.03880000114440918,0.06834693728636677,5,0.11612000316381454,0.7568020224571228,0.24496880620718003,0.11716099828481674,0.25591708645226213,5,14.396804809570312,14.88516616821289,14.550053596496582,14.482525825500488,0.17474530993835288,5,0.8743630051612854,0.8824430108070374,0.8777547955513001,0.8776029944419861,0.002630051721430409,5,7.299663066864014,7.359182834625244,7.326974773406983,7.328702926635742,0.020155473621427982,5,1.0792829990386963,1.0869230031967163,1.0829154014587403,1.0814039707183838,0.003051061475740885,5,0.00419999985024333,0.00431999983265996,0.004271999932825565,0.004279999993741512,4.6647571055609506e-05,5,7168,128,1,32,8,9216,TORCH_SDPA_MLA,[8192],[0],"[512, 512, 512, 512, 512, 512, 512, 512, 512, 512, 512, 512, 512, 512, 512, 512, 512, 512, 512, 512, 512, 512, 512, 512, 512, 512, 512, 512, 512, 512, 512, 512, 512, 512, 512, 512, 512, 512, 512, 512, 512, 512, 512, 512, 512, 512, 512, 512, 512, 512, 512, 512, 512, 512, 512, 512, 512, 512, 512, 512, 512, 512, 512, 512, 512, 512, 512, 512, 512, 512, 512, 512, 512, 512, 512, 512, 512, 512, 512, 512, 512, 512, 512, 512, 512, 512, 512, 512, 512, 512, 512, 512, 512, 512, 512, 512]",1,96,96,97,8192,96,8288,512,0.010309278350515464,true_mixed,True,False,True,97,0,0,576,128,64,192,512,128,8288,8192,96,8192,8192,8288,8192,False,0,0,BF16,CUDA_EVENT,generic,generic,method=fp8|act=dynamic|serialized=True|block=128x128,False
0.00443999981507659,0.007160000037401915,0.005031999945640564,0.004519999958574772,0.0010647516592724518,5,0.03824099898338318,0.1329600065946579,0.05803220123052597,0.039480000734329224,0.03747160499092754,5,0.11660099774599075,0.8471230268478394,0.26409680396318436,0.11811999976634979,0.2915164094304621,5,14.218565940856934,14.565808296203613,14.434599494934082,14.535327911376953,0.14791103386623916,5,0.6129220128059387,0.6154419779777527,0.6142979979515075,0.6146820187568665,0.001059083561969647,5,16.836576461791992,16.858295440673828,16.844047927856444,16.837175369262695,0.009116557386825442,5,0.371722012758255,0.3760409951210022,0.374233204126358,0.375560998916626,0.0020092241972191746,5,0.00443999981507659,0.004600000102072954,0.004535999987274409,0.004559999797493219,6.499236649676148e-05,5,7168,128,1,32,8,9216,TORCH_SDPA_MLA,[8192],[0],"[6144, 6144, 6144, 6144, 6144, 6144, 6144, 6144, 6144, 6144, 6144, 6144, 6144, 6144, 6144, 6144, 6144, 6144, 6144, 6144, 6144, 6144, 6144, 6144, 6144, 6144, 6144, 6144, 6144, 6144, 6144, 6144, 6144, 6144, 6144, 6144, 6144, 6144, 6144, 6144, 6144, 6144, 6144, 6144, 6144, 6144, 6144, 6144]",1,48,48,49,8192,48,8240,6144,0.02040816326530612,true_mixed,True,False,True,49,0,0,576,128,64,192,512,128,8240,8192,48,8192,8192,8240,8192,False,0,0,BF16,CUDA_EVENT,generic,generic,method=fp8|act=dynamic|serialized=True|block=128x128,False
0.00419999985024333,0.018880000337958336,0.007160000037401915,0.004240000154823065,0.005860075235468308,5,0.03911999985575676,0.1414400041103363,0.0613522008061409,0.04039999842643738,0.040133084892233814,5,0.11767999827861786,0.8154029846191406,0.2576485961675644,0.11851999908685684,0.27887753201059695,5,14.153965950012207,14.408846855163574,14.2999906539917,14.317646980285645,0.08852032418918553,5,0.8669630289077759,0.8706030249595642,0.868875014781952,0.8687630295753479,0.0011821049512764255,5,12.624561309814453,12.63960075378418,12.631976890563966,12.631240844726562,0.004910543803855375,5,0.4871619939804077,0.4973210096359253,0.4899216055870056,0.48816201090812683,0.003784403825392476,5,0.00419999985024333,0.004240000154823065,0.004215999972075224,0.00419999985024333,1.9596067155252676e-05,5,7168,128,1,32,8,9216,TORCH_SDPA_MLA,[8192],[0],"[3072, 3072, 3072, 3072, 3072, 3072, 3072, 3072, 3072, 3072, 3072, 3072, 3072, 3072, 3072, 3072, 3072, 3072, 3072, 3072, 3072, 3072, 3072, 3072, 3072, 3072, 3072, 3072, 3072, 3072, 3072, 3072, 3072, 3072, 3072, 3072, 3072, 3072, 3072, 3072, 3072, 3072, 3072, 3072, 3072, 3072, 3072, 3072, 3072, 3072, 3072, 3072, 3072, 3072, 3072, 3072, 3072, 3072, 3072, 3072, 3072, 3072, 3072, 3072]",1,64,64,65,8192,64,8256,3072,0.015384615384615385,true_mixed,True,False,True,65,0,0,576,128,64,192,512,128,8256,8192,64,8192,8192,8256,8192,False,0,0,BF16,CUDA_EVENT,generic,generic,method=fp8|act=dynamic|serialized=True|block=128x128,False
0.004279999993741512,0.0060800001956522465,0.004736000020056963,0.00443999981507659,0.000675325195125047,5,0.038759998977184296,0.13359999656677246,0.057815998792648315,0.038839999586343765,0.037892111839548,5,0.11563999950885773,0.7360029816627502,0.24007259607315062,0.11631999909877777,0.2479653262009184,5,14.275886535644531,14.53616714477539,14.380078887939453,14.354726791381836,0.08629313282662571,5,0.8746430277824402,0.8796820044517517,0.8775946140289307,0.8778830170631409,0.0016322552401993355,5,8.255388259887695,8.337267875671387,8.293019676208496,8.293388366699219,0.027250898558267133,5,0.6471620202064514,0.6503220200538635,0.6486500144004822,0.6490020155906677,0.001213107376285247,5,0.004399999976158142,0.004519999958574772,0.004447999969124794,0.00443999981507659,4.664763494375637e-05,5,7168,128,1,32,8,9216,TORCH_SDPA_MLA,[8192],[0],"[1024, 1024, 1024, 1024, 1024, 1024, 1024, 1024, 1024, 1024, 1024, 1024, 1024, 1024, 1024, 1024, 1024, 1024, 1024, 1024, 1024, 1024, 1024, 1024, 1024, 1024, 1024, 1024, 1024, 1024, 1024, 1024, 1024, 1024, 1024, 1024, 1024, 1024, 1024, 1024, 1024, 1024, 1024, 1024, 1024, 1024, 1024, 1024, 1024, 1024, 1024, 1024, 1024, 1024, 1024, 1024, 1024, 1024, 1024, 1024, 1024, 1024, 1024, 1024, 1024, 1024, 1024, 1024, 1024, 1024, 1024, 1024, 1024, 1024, 1024, 1024, 1024, 1024, 1024, 1024, 1024, 1024, 1024, 1024, 1024, 1024, 1024, 1024, 1024, 1024, 1024, 1024, 1024, 1024, 1024, 1024]",1,96,96,97,8192,96,8288,1024,0.010309278350515464,true_mixed,True,False,True,97,0,0,576,128,64,192,512,128,8288,8192,96,8192,8192,8288,8192,False,0,0,BF16,CUDA_EVENT,generic,generic,method=fp8|act=dynamic|serialized=True|block=128x128,False
0.00443999981507659,0.004519999958574772,0.004480000026524067,0.004480000119656324,2.529826665971379e-05,5,0.03815999999642372,0.07479999959468842,0.046024000644683837,0.039080001413822174,0.0143935891760291,5,0.11687999963760376,0.590802013874054,0.21226480305194856,0.11720000207424164,0.18927074265372593,5,14.520367622375488,14.614447593688965,14.559719657897949,14.546326637268066,0.03188790596537955,5,0.7506830096244812,0.7546020150184631,0.7528584003448486,0.7530819773674011,0.0014779692177172338,5,21.722631454467773,21.745792388916016,21.733664321899415,21.734792709350586,0.007527643575280813,5,0.5766019821166992,0.5829619765281677,0.5784659862518311,0.5776820182800293,0.0022992968149187503,5,0.00443999981507659,0.004519999958574772,0.004480000026524067,0.004480000119656324,2.529826665971379e-05,5,7168,128,1,32,8,9216,TORCH_SDPA_MLA,[8192],[0],"[8192, 8192, 8192, 8192, 8192, 8192, 8192, 8192, 8192, 8192, 8192, 8192, 8192, 8192, 8192, 8192, 8192, 8192, 8192, 8192, 8192, 8192, 8192, 8192, 8192, 8192, 8192, 8192, 8192, 8192, 8192, 8192, 8192, 8192, 8192, 8192, 8192, 8192, 8192, 8192, 8192, 8192, 8192, 8192, 8192, 8192, 8192, 8192]",1,48,48,49,8192,48,8240,8192,0.02040816326530612,true_mixed,True,False,True,49,0,0,576,128,64,192,512,128,8240,8192,48,8192,8193,8240,8192,False,0,0,BF16,CUDA_EVENT,generic,generic,method=fp8|act=dynamic|serialized=True|block=128x128,False
0.00443999981507659,0.005119999870657921,0.004631999880075455,0.004519999958574772,0.00024709512034527207,5,0.03888000175356865,0.18184000253677368,0.06792000010609626,0.039639998227357864,0.05696226521100179,5,0.11768099665641785,1.0346039533615112,0.3019453912973404,0.11804100126028061,0.3663322782292533,5,14.157086372375488,14.749008178710938,14.481007766723632,14.586888313293457,0.24244142369375146,5,0.9352840185165405,0.940322995185852,0.9384673953056335,0.9390029907226562,0.0017476528895152027,5,16.05413246154785,16.101652145385742,16.076836776733398,16.08177375793457,0.017109746693861425,5,0.48440098762512207,0.4935609996318817,0.48811320066452024,0.4872409999370575,0.003153274994522384,5,0.004480000119656324,0.0069599999114871025,0.005136199947446585,0.004600999876856804,0.0009405581860957938,5,7168,128,1,32,8,9216,TORCH_SDPA_MLA,[8192],[0],"[4096, 4096, 4096, 4096, 4096, 4096, 4096, 4096, 4096, 4096, 4096, 4096, 4096, 4096, 4096, 4096, 4096, 4096, 4096, 4096, 4096, 4096, 4096, 4096, 4096, 4096, 4096, 4096, 4096, 4096, 4096, 4096, 4096, 4096, 4096, 4096, 4096, 4096, 4096, 4096, 4096, 4096, 4096, 4096, 4096, 4096, 4096, 4096, 4096, 4096, 4096, 4096, 4096, 4096, 4096, 4096, 4096, 4096, 4096, 4096, 4096, 4096, 4096, 4096]",1,64,64,65,8192,64,8256,4096,0.015384615384615385,true_mixed,True,False,True,65,0,0,576,128,64,192,512,128,8256,8192,64,8192,8192,8256,8192,False,0,0,BF16,CUDA_EVENT,generic,generic,method=fp8|act=dynamic|serialized=True|block=128x128,False
0.004279999993741512,0.00443999981507659,0.004375999979674816,0.004399999976158142,5.425858614264964e-05,5,0.03968000039458275,0.07660099864006042,0.04742439985275269,0.040119998157024384,0.014594129615568484,5,0.11748000234365463,0.4843209981918335,0.191456601023674,0.11876100301742554,0.14643316684264657,5,14.315567016601562,14.42520809173584,14.36966323852539,14.34632682800293,0.043437478465773185,5,1.182644009590149,1.1930040121078491,1.1868920087814332,1.1861239671707153,0.003906696650159013,5,12.601401329040527,12.619080543518066,12.60771312713623,12.607720375061035,0.006357743616805364,5,1.2694849967956543,1.2822840213775635,1.2759161949157716,1.273803949356079,0.004776697709395364,5,0.004360000137239695,0.007040000054985285,0.00493599995970726,0.00443999981507659,0.0010524182120929446,5,7168,128,1,32,8,9216,TORCH_SDPA_MLA,[8192],[0],"[2048, 2048, 2048, 2048, 2048, 2048, 2048, 2048, 2048, 2048, 2048, 2048, 2048, 2048, 2048, 2048, 2048, 2048, 2048, 2048, 2048, 2048, 2048, 2048, 2048, 2048, 2048, 2048, 2048, 2048, 2048, 2048, 2048, 2048, 2048, 2048, 2048, 2048, 2048, 2048, 2048, 2048, 2048, 2048, 2048, 2048, 2048, 2048, 2048, 2048, 2048, 2048, 2048, 2048, 2048, 2048, 2048, 2048, 2048, 2048, 2048, 2048, 2048, 2048, 2048, 2048, 2048, 2048, 2048, 2048, 2048, 2048, 2048, 2048, 2048, 2048, 2048, 2048, 2048, 2048, 2048, 2048, 2048, 2048, 2048, 2048, 2048, 2048, 2048, 2048, 2048, 2048, 2048, 2048, 2048, 2048]",1,96,96,97,8192,96,8288,2048,0.010309278350515464,true_mixed,True,False,True,97,0,0,576,128,64,192,512,128,8288,8192,96,8192,8192,8288,8192,False,0,0,BF16,CUDA_EVENT,generic,generic,method=fp8|act=dynamic|serialized=True|block=128x128,False
0.00431999983265996,0.00872000027447939,0.005272000003606081,0.00443999981507659,0.0017248120112744224,5,0.039000000804662704,0.22072100639343262,0.07564860135316849,0.039239998906850815,0.07253715023884745,5,0.11687999963760376,1.3236039876937866,0.35985679775476453,0.1204800009727478,0.48187627317904114,5,14.18344497680664,14.731887817382812,14.488247108459472,14.599127769470215,0.22106399033216753,5,0.6400820016860962,0.643921971321106,0.641185998916626,0.6403220295906067,0.0014608568208559329,5,19.22150421142578,19.246904373168945,19.23372001647949,19.237903594970703,0.01037434948056751,5,0.640641987323761,0.6447619795799255,0.6429862022399903,0.6433230042457581,0.0015735438734079152,5,0.004360999912023544,0.005040000192821026,0.004552200064063072,0.004480000119656324,0.0002482325500248338,5,7168,128,1,32,8,9216,TORCH_SDPA_MLA,[8192],[0],"[5120, 5120, 5120, 5120, 5120, 5120, 5120, 5120, 5120, 5120, 5120, 5120, 5120, 5120, 5120, 5120, 5120, 5120, 5120, 5120, 5120, 5120, 5120, 5120, 5120, 5120, 5120, 5120, 5120, 5120, 5120, 5120, 5120, 5120, 5120, 5120, 5120, 5120, 5120, 5120, 5120, 5120, 5120, 5120, 5120, 5120, 5120, 5120, 5120, 5120, 5120, 5120, 5120, 5120, 5120, 5120, 5120, 5120, 5120, 5120, 5120, 5120, 5120, 5120]",1,64,64,65,8192,64,8256,5120,0.015384615384615385,true_mixed,True,False,True,65,0,0,576,128,64,192,512,128,8256,8192,64,8192,8192,8256,8192,False,0,0,BF16,CUDA_EVENT,generic,generic,method=fp8|act=dynamic|serialized=True|block=128x128,False
0.004360000137239695,0.004600000102072954,0.004496000055223703,0.004480000119656324,8.236498081489306e-05,5,0.038440000265836716,0.2186809927225113,0.07520019859075547,0.039799999445676804,0.07174225429242423,5,0.11552000045776367,1.2580039501190186,0.3449049904942513,0.11655999720096588,0.45655059953798793,5,14.157005310058594,14.814888954162598,14.46724739074707,14.554727554321289,0.24332577105998035,5,0.8157619833946228,0.8194029927253723,0.8173467874526977,0.8170830011367798,0.0014663345484435242,5,22.368873596191406,22.415435791015625,22.3964900970459,22.402793884277344,0.017226357436500386,5,0.48576200008392334,0.48976099491119385,0.48832919597625735,0.48888099193573,0.001507484988617162,5,0.004480000119656324,0.005040000192821026,0.00463200006633997,0.004519999958574772,0.00020769214380535002,5,7168,128,1,32,8,9216,TORCH_SDPA_MLA,[8192],[0],"[6144, 6144, 6144, 6144, 6144, 6144, 6144, 6144, 6144, 6144, 6144, 6144, 6144, 6144, 6144, 6144, 6144, 6144, 6144, 6144, 6144, 6144, 6144, 6144, 6144, 6144, 6144, 6144, 6144, 6144, 6144, 6144, 6144, 6144, 6144, 6144, 6144, 6144, 6144, 6144, 6144, 6144, 6144, 6144, 6144, 6144, 6144, 6144, 6144, 6144, 6144, 6144, 6144, 6144, 6144, 6144, 6144, 6144, 6144, 6144, 6144, 6144, 6144, 6144]",1,64,64,65,8192,64,8256,6144,0.015384615384615385,true_mixed,True,False,True,65,0,0,576,128,64,192,512,128,8256,8192,64,8192,8192,8256,8192,False,0,0,BF16,CUDA_EVENT,generic,generic,method=fp8|act=dynamic|serialized=True|block=128x128,False
0.0040799998678267,0.006639999803155661,0.004695999901741743,0.004279999993741512,0.0009747532566223603,5,0.0392800010740757,0.19284099340438843,0.07006419897079467,0.03936000168323517,0.06138845129796069,5,0.11727999895811081,0.595441997051239,0.2135129988193512,0.11840099841356277,0.19096499821233498,5,14.241927146911621,14.525927543640137,14.33003101348877,14.255086898803711,0.1095551503079764,5,1.2926039695739746,1.3039239645004272,1.2971719741821288,1.2954039573669434,0.003933229650723333,5,18.937824249267578,18.96878433227539,18.9497989654541,18.948583602905273,0.010849067859458106,5,0.7297229766845703,0.7391219735145569,0.7347701907157898,0.7348819971084595,0.003629066189710893,5,0.00419999985024333,0.00431999983265996,0.004263999871909618,0.004279999993741512,5.425864106902378e-05,5,7168,128,1,32,8,9216,TORCH_SDPA_MLA,[8192],[0],"[3072, 3072, 3072, 3072, 3072, 3072, 3072, 3072, 3072, 3072, 3072, 3072, 3072, 3072, 3072, 3072, 3072, 3072, 3072, 3072, 3072, 3072, 3072, 3072, 3072, 3072, 3072, 3072, 3072, 3072, 3072, 3072, 3072, 3072, 3072, 3072, 3072, 3072, 3072, 3072, 3072, 3072, 3072, 3072, 3072, 3072, 3072, 3072, 3072, 3072, 3072, 3072, 3072, 3072, 3072, 3072, 3072, 3072, 3072, 3072, 3072, 3072, 3072, 3072, 3072, 3072, 3072, 3072, 3072, 3072, 3072, 3072, 3072, 3072, 3072, 3072, 3072, 3072, 3072, 3072, 3072, 3072, 3072, 3072, 3072, 3072, 3072, 3072, 3072, 3072, 3072, 3072, 3072, 3072, 3072, 3072]",1,96,96,97,8192,96,8288,3072,0.010309278350515464,true_mixed,True,False,True,97,0,0,576,128,64,192,512,128,8288,8192,96,8192,8192,8288,8192,False,0,0,BF16,CUDA_EVENT,generic,generic,method=fp8|act=dynamic|serialized=True|block=128x128,False
0.004399999976158142,0.004519999958574772,0.0044559999369084835,0.00443999981507659,4.079219274941178e-05,5,0.03895999863743782,0.16220100224018097,0.06392820030450821,0.0392800010740757,0.04913750156924406,5,0.1178399994969368,0.926563024520874,0.2804972052574158,0.11888100206851959,0.32303530116483165,5,14.096606254577637,14.722448348999023,14.460111236572265,14.653807640075684,0.2697803504879519,5,1.4010449647903442,1.408324956893921,1.4042767763137818,1.4039640426635742,0.0023290256640673104,5,24.1533203125,24.20132064819336,24.171856307983397,24.165760040283203,0.01667253074179253,5,0.7336829900741577,0.7369629740715027,0.735922384262085,0.7366020083427429,0.00123890015072498,5,0.00443999981507659,0.004519999958574772,0.004487999994307756,0.004480000119656324,2.9933287895859092e-05,5,7168,128,1,32,8,9216,TORCH_SDPA_MLA,[8192],[0],"[4096, 4096, 4096, 4096, 4096, 4096, 4096, 4096, 4096, 4096, 4096, 4096, 4096, 4096, 4096, 4096, 4096, 4096, 4096, 4096, 4096, 4096, 4096, 4096, 4096, 4096, 4096, 4096, 4096, 4096, 4096, 4096, 4096, 4096, 4096, 4096, 4096, 4096, 4096, 4096, 4096, 4096, 4096, 4096, 4096, 4096, 4096, 4096, 4096, 4096, 4096, 4096, 4096, 4096, 4096, 4096, 4096, 4096, 4096, 4096, 4096, 4096, 4096, 4096, 4096, 4096, 4096, 4096, 4096, 4096, 4096, 4096, 4096, 4096, 4096, 4096, 4096, 4096, 4096, 4096, 4096, 4096, 4096, 4096, 4096, 4096, 4096, 4096, 4096, 4096, 4096, 4096, 4096, 4096, 4096, 4096]",1,96,96,97,8192,96,8288,4096,0.010309278350515464,true_mixed,True,False,True,97,0,0,576,128,64,192,512,128,8288,8192,96,8192,8192,8288,8192,False,0,0,BF16,CUDA_EVENT,generic,generic,method=fp8|act=dynamic|serialized=True|block=128x128,False
0.00443999981507659,0.004519999958574772,0.004503999929875135,0.004519999958574772,3.2000057399272915e-05,5,0.038279999047517776,0.11100000143051147,0.05314399972558022,0.038759998977184296,0.028928797303482176,5,0.1164809986948967,0.5897619724273682,0.21197699457407,0.1167600005865097,0.18889800623130396,5,14.064566612243652,14.632689476013184,14.480128479003906,14.565328598022461,0.2104029064239419,5,0.9998040199279785,1.0113240480422974,1.0045954227447509,1.0036829710006714,0.003923321767658656,5,28.96949577331543,29.03113555908203,29.005696105957032,29.00173568725586,0.022855026725554593,5,0.7575629949569702,0.7640420198440552,0.760394811630249,0.7602829933166504,0.0021508200704683286,5,0.004480000119656324,0.004639999940991402,0.004544000048190356,0.004480000119656324,7.838358424148258e-05,5,7168,128,1,32,8,9216,TORCH_SDPA_MLA,[8192],[0],"[8192, 8192, 8192, 8192, 8192, 8192, 8192, 8192, 8192, 8192, 8192, 8192, 8192, 8192, 8192, 8192, 8192, 8192, 8192, 8192, 8192, 8192, 8192, 8192, 8192, 8192, 8192, 8192, 8192, 8192, 8192, 8192, 8192, 8192, 8192, 8192, 8192, 8192, 8192, 8192, 8192, 8192, 8192, 8192, 8192, 8192, 8192, 8192, 8192, 8192, 8192, 8192, 8192, 8192, 8192, 8192, 8192, 8192, 8192, 8192, 8192, 8192, 8192, 8192]",1,64,64,65,8192,64,8256,8192,0.015384615384615385,true_mixed,True,False,True,65,0,0,576,128,64,192,512,128,8256,8192,64,8192,8193,8256,8192,False,0,0,BF16,CUDA_EVENT,generic,generic,method=fp8|act=dynamic|serialized=True|block=128x128,False
0.004360000137239695,0.004800000227987766,0.004487999994307756,0.00443999981507659,0.00015879555839670438,5,0.03936000168323517,0.09976000338792801,0.051896201074123384,0.04016000032424927,0.023933805394894526,5,0.11627999693155289,1.2574039697647095,0.3452007919549942,0.11723999679088593,0.45610186279189174,5,14.120085716247559,14.830328941345215,14.476375579833984,14.558568000793457,0.2586941461123932,5,0.9570840001106262,0.9618030190467834,0.9597714066505432,0.9606829881668091,0.0017961306441995337,5,28.823375701904297,28.865375518798828,28.839846420288087,28.832773208618164,0.015157302610278329,5,0.942562997341156,0.9460030198097229,0.9444276094436646,0.9443240165710449,0.0011854588019089432,5,0.004360000137239695,0.004480000119656324,0.004400000069290399,0.004360000137239695,5.059638606401326e-05,5,7168,128,1,32,8,9216,TORCH_SDPA_MLA,[8192],[0],"[5120, 5120, 5120, 5120, 5120, 5120, 5120, 5120, 5120, 5120, 5120, 5120, 5120, 5120, 5120, 5120, 5120, 5120, 5120, 5120, 5120, 5120, 5120, 5120, 5120, 5120, 5120, 5120, 5120, 5120, 5120, 5120, 5120, 5120, 5120, 5120, 5120, 5120, 5120, 5120, 5120, 5120, 5120, 5120, 5120, 5120, 5120, 5120, 5120, 5120, 5120, 5120, 5120, 5120, 5120, 5120, 5120, 5120, 5120, 5120, 5120, 5120, 5120, 5120, 5120, 5120, 5120, 5120, 5120, 5120, 5120, 5120, 5120, 5120, 5120, 5120, 5120, 5120, 5120, 5120, 5120, 5120, 5120, 5120, 5120, 5120, 5120, 5120, 5120, 5120, 5120, 5120, 5120, 5120, 5120, 5120]",1,96,96,97,8192,96,8288,5120,0.010309278350515464,true_mixed,True,False,True,97,0,0,576,128,64,192,512,128,8288,8192,96,8192,8192,8288,8192,False,0,0,BF16,CUDA_EVENT,generic,generic,method=fp8|act=dynamic|serialized=True|block=128x128,False
0.004480000119656324,0.005400000140070915,0.004800000041723251,0.004519999958574772,0.0003735238026352379,5,0.039159998297691345,0.18432100117206573,0.06840039938688278,0.03940099850296974,0.05796083912425163,5,0.11764000356197357,1.1389230489730835,0.32311300933361053,0.119439996778965,0.40790615715928824,5,14.527447700500488,14.817729949951172,14.634904670715333,14.590088844299316,0.10437525004842119,5,1.2218040227890015,1.2286039590835571,1.2260999917984008,1.227403998374939,0.0024638717930382786,5,33.58867263793945,33.62451171875,33.6049446105957,33.59911346435547,0.014931115255974372,5,0.7330430150032043,0.740522027015686,0.7361866116523743,0.735722005367279,0.0024598198213528527,5,0.00443999981507659,0.004559999797493219,0.004519999865442515,0.004519999958574772,4.381779817994027e-05,5,7168,128,1,32,8,9216,TORCH_SDPA_MLA,[8192],[0],"[6144, 6144, 6144, 6144, 6144, 6144, 6144, 6144, 6144, 6144, 6144, 6144, 6144, 6144, 6144, 6144, 6144, 6144, 6144, 6144, 6144, 6144, 6144, 6144, 6144, 6144, 6144, 6144, 6144, 6144, 6144, 6144, 6144, 6144, 6144, 6144, 6144, 6144, 6144, 6144, 6144, 6144, 6144, 6144, 6144, 6144, 6144, 6144, 6144, 6144, 6144, 6144, 6144, 6144, 6144, 6144, 6144, 6144, 6144, 6144, 6144, 6144, 6144, 6144, 6144, 6144, 6144, 6144, 6144, 6144, 6144, 6144, 6144, 6144, 6144, 6144, 6144, 6144, 6144, 6144, 6144, 6144, 6144, 6144, 6144, 6144, 6144, 6144, 6144, 6144, 6144, 6144, 6144, 6144, 6144, 6144]",1,96,96,97,8192,96,8288,6144,0.010309278350515464,true_mixed,True,False,True,97,0,0,576,128,64,192,512,128,8288,8192,96,8192,8192,8288,8192,False,0,0,BF16,CUDA_EVENT,generic,generic,method=fp8|act=dynamic|serialized=True|block=128x128,False
0.00443999981507659,0.004519999958574772,0.004479999933391809,0.004480000119656324,3.5777151814455904e-05,5,0.03956099972128868,0.1544400006532669,0.0626561999320984,0.03976000100374222,0.0458920766448387,5,0.11655999720096588,0.5440419912338257,0.20239239633083345,0.11695999652147293,0.17082507750392584,5,14.158166885375977,14.630647659301758,14.513496398925781,14.614089012145996,0.17995113107169888,5,1.4966440200805664,1.5044050216674805,1.5006208419799805,1.5014450550079346,0.002799096557629115,5,43.49750518798828,43.548065185546875,43.517967987060544,43.513023376464844,0.019402924075375,5,1.174443006515503,1.184723973274231,1.1795317649841308,1.1795239448547363,0.0032945515962878483,5,0.004480000119656324,0.004519999958574772,0.0044882000423967835,0.004480000119656324,1.590467225926174e-05,5,7168,128,1,32,8,9216,TORCH_SDPA_MLA,[8192],[0],"[8192, 8192, 8192, 8192, 8192, 8192, 8192, 8192, 8192, 8192, 8192, 8192, 8192, 8192, 8192, 8192, 8192, 8192, 8192, 8192, 8192, 8192, 8192, 8192, 8192, 8192, 8192, 8192, 8192, 8192, 8192, 8192, 8192, 8192, 8192, 8192, 8192, 8192, 8192, 8192, 8192, 8192, 8192, 8192, 8192, 8192, 8192, 8192, 8192, 8192, 8192, 8192, 8192, 8192, 8192, 8192, 8192, 8192, 8192, 8192, 8192, 8192, 8192, 8192, 8192, 8192, 8192, 8192, 8192, 8192, 8192, 8192, 8192, 8192, 8192, 8192, 8192, 8192, 8192, 8192, 8192, 8192, 8192, 8192, 8192, 8192, 8192, 8192, 8192, 8192, 8192, 8192, 8192, 8192, 8192, 8192]",1,96,96,97,8192,96,8288,8192,0.010309278350515464,true_mixed,True,False,True,97,0,0,576,128,64,192,512,128,8288,8192,96,8192,8193,8288,8192,False,0,0,BF16,CUDA_EVENT,generic,generic,method=fp8|act=dynamic|serialized=True|block=128x128,False
