time_stats.emb.min,time_stats.emb.max,time_stats.emb.mean,time_stats.emb.median,time_stats.emb.std,time_stats.emb.count,time_stats.input_layernorm.min,time_stats.input_layernorm.max,time_stats.input_layernorm.mean,time_stats.input_layernorm.median,time_stats.input_layernorm.std,time_stats.input_layernorm.count,time_stats.attn_pre_proj.min,time_stats.attn_pre_proj.max,time_stats.attn_pre_proj.mean,time_stats.attn_pre_proj.median,time_stats.attn_pre_proj.std,time_stats.attn_pre_proj.count,time_stats.attn_rope.min,time_stats.attn_rope.max,time_stats.attn_rope.mean,time_stats.attn_rope.median,time_stats.attn_rope.std,time_stats.attn_rope.count,time_stats.attn_post_proj.min,time_stats.attn_post_proj.max,time_stats.attn_post_proj.mean,time_stats.attn_post_proj.median,time_stats.attn_post_proj.std,time_stats.attn_post_proj.count,time_stats.post_attention_layernorm.min,time_stats.post_attention_layernorm.max,time_stats.post_attention_layernorm.mean,time_stats.post_attention_layernorm.median,time_stats.post_attention_layernorm.std,time_stats.post_attention_layernorm.count,time_stats.mtp_fusion_proj.min,time_stats.mtp_fusion_proj.max,time_stats.mtp_fusion_proj.mean,time_stats.mtp_fusion_proj.median,time_stats.mtp_fusion_proj.std,time_stats.mtp_fusion_proj.count,time_stats.lm_head_linear.min,time_stats.lm_head_linear.max,time_stats.lm_head_linear.mean,time_stats.lm_head_linear.median,time_stats.lm_head_linear.std,time_stats.lm_head_linear.count,n_head,n_kv_head,n_embd,n_expanded_embd,vocab_size,use_gated_mlp,use_qk_norm,attn_output_gate,num_tokens,num_tensor_parallel_workers,padded_n_embd,padded_n_expanded_embd,model_arch,model_architecture_profile,share_expert_dim,share_q_dim,measurement_type,profiling_precision,quant_signature
0.006000000052154064,0.01860000006854534,0.006756000034511089,0.006120000034570694,0.002618866986752297,40,0.005960000213235617,0.019440000876784325,0.007096050074324012,0.006120000034570694,0.00313053981189903,20,0.09916000068187714,0.2852810025215149,0.11027610003948211,0.10068000108003616,0.040177480177809935,20,0.05403999984264374,0.06992000341415405,0.05584414973855019,0.054999999701976776,0.003426182121759676,20,0.07515999674797058,0.19443999230861664,0.08404599949717521,0.07581999897956848,0.02650418739726402,20,0.006120000034570694,0.006519999820739031,0.006270000035874546,0.006240000016987324,0.00010029955135022079,20,0.11524000018835068,0.26820099353790283,0.13312229812145232,0.12504049763083458,0.03143894890444303,20,0.3768810033798218,0.4710800051689148,0.38781634867191317,0.38264000415802,0.019698722237439265,20,128,128,7168,2048,129280,True,False,False,128,1,7168,2048,generic,generic,,,CUDA_EVENT,BF16,method=fp8|act=dynamic|serialized=True|block=128x128
0.005960000213235617,0.029839999973773956,0.007445000018924475,0.006200000178068876,0.004337162052422495,40,0.006000000052154064,0.02491999976336956,0.00718400003388524,0.006200000178068876,0.004077595304360133,20,0.09880100190639496,0.3085609972476959,0.11091414988040924,0.1003200002014637,0.04536320773061283,20,0.053119998425245285,0.056120000779628754,0.054276049695909025,0.054260000586509705,0.0007807441382637713,20,0.07515999674797058,0.19235999882221222,0.08538010008633137,0.07561999931931496,0.02841917263942069,20,0.0061599998734891415,0.01083999965339899,0.0068379999604076145,0.006379999918863177,0.0012064144936988622,20,0.09156099706888199,0.2582399845123291,0.12598819844424725,0.1241999976336956,0.03299015732552115,20,0.37832099199295044,0.4822410047054291,0.3915825992822647,0.3876210004091263,0.02142096572914808,20,128,128,7168,2048,129280,True,False,False,120,1,7168,2048,generic,generic,,,CUDA_EVENT,BF16,method=fp8|act=dynamic|serialized=True|block=128x128
0.0060800001956522465,0.031039999797940254,0.00760600003413856,0.006240000016987324,0.004640590911601841,40,0.006120000034570694,0.016440000385046005,0.0071680000051856044,0.006300000008195639,0.002286503054315639,20,0.09988000243902206,0.27140000462532043,0.11049409992992879,0.10174000263214111,0.03695053450598846,20,0.05124000087380409,0.08191999793052673,0.054292099364101884,0.05273999832570553,0.006399325676992304,20,0.07556100189685822,0.18908099830150604,0.08764409981667995,0.07654000073671341,0.02967386720020658,20,0.006320000160485506,0.027639999985694885,0.007479999982751906,0.006399999838322401,0.004626030695301155,20,0.12092000246047974,0.2518810033798218,0.13221414908766746,0.12627999484539032,0.027613729858126216,20,0.301241010427475,0.3845599889755249,0.3121404483914375,0.3078399896621704,0.01712739349963765,20,128,128,7168,2048,129280,True,False,False,112,1,7168,2048,generic,generic,,,CUDA_EVENT,BF16,method=fp8|act=dynamic|serialized=True|block=128x128
0.006120000034570694,0.032999999821186066,0.007643000013194979,0.006200000178068876,0.005624100895073361,40,0.006200000178068876,0.023080000653862953,0.007142000063322484,0.006240000016987324,0.0036614637733208234,20,0.10028000175952911,0.30059999227523804,0.11197019889950752,0.10138050094246864,0.04331999859601776,20,0.05352000147104263,0.05999999865889549,0.05512399971485138,0.054899999871850014,0.001322597090924041,20,0.07547999918460846,0.1844400018453598,0.08528415001928806,0.07607999816536903,0.02541102887485363,20,0.006279999855905771,0.017640000209212303,0.007124000019393862,0.0063599999994039536,0.0025592155482122483,20,0.11944100260734558,0.2157599925994873,0.1289721991866827,0.12423999980092049,0.020195233640351577,20,0.3014400005340576,0.411641001701355,0.31624445170164106,0.3105199933052063,0.022584471224013344,20,128,128,7168,2048,129280,True,False,False,104,1,7168,2048,generic,generic,,,CUDA_EVENT,BF16,method=fp8|act=dynamic|serialized=True|block=128x128
0.0060800001956522465,0.03367999941110611,0.007658024947158992,0.0062200000975281,0.005855664119530429,40,0.0060800001956522465,0.06391999870538712,0.009304000018164515,0.006200000178068876,0.012545841404633322,20,0.09960000216960907,0.2603200078010559,0.10938815027475357,0.10136000066995621,0.034657810909085866,20,0.049559999257326126,0.09424100071191788,0.05321404971182346,0.05071999877691269,0.009608570733388815,20,0.0756400004029274,0.1860799938440323,0.09024204947054386,0.07617999985814095,0.03297799091602702,20,0.006240000016987324,0.012280000373721123,0.006848000013269484,0.0064199999906122684,0.0013588584367011437,20,0.11751999706029892,0.2610799968242645,0.13021220080554485,0.12338000163435936,0.03019834797003435,20,0.29811999201774597,0.41096100211143494,0.3131903976202011,0.30758050084114075,0.02310455097797895,20,128,128,7168,2048,129280,True,False,False,96,1,7168,2048,generic,generic,,,CUDA_EVENT,BF16,method=fp8|act=dynamic|serialized=True|block=128x128
0.006120000034570694,0.02807999961078167,0.007472000003326684,0.006240000016987324,0.003893083081800111,40,0.006120000034570694,0.020080000162124634,0.006996000045910477,0.006240000016987324,0.0030087047276038258,20,0.09967999905347824,0.26947999000549316,0.1112761490046978,0.10181999951601028,0.03658059944067478,20,0.04904000088572502,0.07599999755620956,0.052440050058066845,0.05104000121355057,0.0055125854031276515,20,0.07556000351905823,0.6008800268173218,0.11639425158500671,0.07627999782562256,0.11610116636138468,20,0.006200000178068876,0.008559999987483025,0.006406000023707748,0.006279999855905771,0.0004978794956373753,20,0.11615999788045883,0.2546809911727905,0.12866014875471593,0.12151999771595001,0.02911120826153261,20,0.29787999391555786,0.3590399920940399,0.310378298163414,0.3072800040245056,0.012130322489696187,20,128,128,7168,2048,129280,True,False,False,88,1,7168,2048,generic,generic,,,CUDA_EVENT,BF16,method=fp8|act=dynamic|serialized=True|block=128x128
0.0060800001956522465,0.025280000641942024,0.007247000047937035,0.006240000016987324,0.0034137592099283357,40,0.0060800001956522465,0.027240000665187836,0.007934000110253692,0.0062200000975281,0.004664268977918234,20,0.10023999959230423,0.28516098856925964,0.11161815002560616,0.10204000025987625,0.03984552237418932,20,0.046160001307725906,0.06883999705314636,0.04930004980415106,0.04836050048470497,0.004578101794502493,20,0.07568000257015228,0.18196000158786774,0.09117004983127117,0.076019998639822,0.03505734701073774,20,0.006200000178068876,0.01703999936580658,0.006863999948836863,0.006279999855905771,0.0023377731670872594,20,0.11568000167608261,0.260560005903244,0.12840214893221855,0.12174050137400627,0.030434879835132194,20,0.2924399971961975,0.36456099152565,0.3040143013000488,0.29896050691604614,0.015132304431096288,20,128,128,7168,2048,129280,True,False,False,80,1,7168,2048,generic,generic,,,CUDA_EVENT,BF16,method=fp8|act=dynamic|serialized=True|block=128x128
0.006039999891072512,0.03384000062942505,0.007438024994917214,0.006200000178068876,0.0049776314208009684,40,0.006039999891072512,0.018640000373125076,0.00731800002977252,0.006200000178068876,0.0027684935159686588,20,0.0987199991941452,0.27564001083374023,0.1090741004794836,0.10015999898314476,0.03823314772141374,20,0.060679998248815536,0.06503999978303909,0.06219214927405119,0.06207999959588051,0.001152322021066135,20,0.07500000298023224,0.1847209930419922,0.08744009956717491,0.07556049898266792,0.032383997811798265,20,0.0061599998734891415,0.02483999915421009,0.007211999944411218,0.0062599999364465475,0.004044929482728736,20,0.11608000099658966,0.22832100093364716,0.12428215034306049,0.11848000064492226,0.023951528736015217,20,0.295960009098053,0.36403998732566833,0.3077924013137817,0.30382050573825836,0.014183425358153057,20,128,128,7168,2048,129280,True,False,False,72,1,7168,2048,generic,generic,,,CUDA_EVENT,BF16,method=fp8|act=dynamic|serialized=True|block=128x128
0.006039999891072512,0.031199999153614044,0.0072119999676942825,0.0061599998734891415,0.004591088664928771,40,0.006120000034570694,0.024320000782608986,0.007232000050134957,0.006200000178068876,0.003940347359862384,20,0.07780099660158157,0.24847999215126038,0.0873540997505188,0.07866000011563301,0.03698068852388017,20,0.05155999958515167,0.08860000222921371,0.05475404988974333,0.05273999832570553,0.007847166216780901,20,0.07596000283956528,0.1836400032043457,0.0905981007963419,0.07644050195813179,0.03401161892182232,20,0.0061599998734891415,0.018640000373125076,0.0072640000842511656,0.006240000016987324,0.002899390357003431,20,0.10756000131368637,0.255840003490448,0.11886214986443519,0.1109204962849617,0.03161271094679424,20,0.3222399950027466,0.37092098593711853,0.3305524528026581,0.3283205032348633,0.010175846850847381,20,128,128,7168,2048,129280,True,False,False,64,1,7168,2048,generic,generic,,,CUDA_EVENT,BF16,method=fp8|act=dynamic|serialized=True|block=128x128
0.0060800001956522465,0.029200000688433647,0.007326050032861531,0.0061599998734891415,0.0043961812540569915,40,0.006000000052154064,0.01860000006854534,0.007013999996706844,0.006200000178068876,0.0027266763632327576,20,0.07767999917268753,0.2540000081062317,0.08751005046069622,0.07829999923706055,0.038213490863667994,20,0.05087999999523163,0.08343999832868576,0.05394414998590946,0.05204000137746334,0.006877475078216737,20,0.07571999728679657,0.1881999969482422,0.08957204893231392,0.07634000107645988,0.03237922923866161,20,0.006120000034570694,0.011640000157058239,0.006536000035703182,0.0062200000975281,0.0011839865097816088,20,0.1064009964466095,0.2556400001049042,0.118980148807168,0.11103999614715576,0.031580942533428254,20,0.3162800073623657,0.37908101081848145,0.32905845046043397,0.3270004987716675,0.012544559339762127,20,128,128,7168,2048,129280,True,False,False,56,1,7168,2048,generic,generic,,,CUDA_EVENT,BF16,method=fp8|act=dynamic|serialized=True|block=128x128
0.0060800001956522465,0.04899999871850014,0.007848049979656935,0.006320000160485506,0.007019859154367465,40,0.006039999891072512,0.019519999623298645,0.007099999976344406,0.006180000025779009,0.0029311976159291705,20,0.07779999822378159,0.2537600100040436,0.08808205090463161,0.0785599984228611,0.03808233526807054,20,0.047359999269247055,0.08163999766111374,0.05088809989392758,0.04915999993681908,0.007150589039060661,20,0.07583999633789062,0.21051999926567078,0.09419204965233803,0.07660000026226044,0.04155198472308974,20,0.006120000034570694,0.014720000326633453,0.0069580500479787585,0.006240499904379249,0.002109218945599621,20,0.11135999858379364,0.24371999502182007,0.12059009857475758,0.11357999965548515,0.028313737593173273,20,0.30087998509407043,0.3696810007095337,0.3113263502717018,0.30616000294685364,0.014620003326391677,20,128,128,7168,2048,129280,True,False,False,48,1,7168,2048,generic,generic,,,CUDA_EVENT,BF16,method=fp8|act=dynamic|serialized=True|block=128x128
0.006000000052154064,0.03243999928236008,0.0072739999857731165,0.0061599998734891415,0.004459385963258455,40,0.0060800001956522465,0.015960000455379486,0.006736000021919608,0.006200000178068876,0.0021247645519327863,20,0.07751999795436859,0.2513200044631958,0.08734004944562912,0.07825999706983566,0.037652931069424356,20,0.04795999825000763,0.06815999746322632,0.05035009942948818,0.0489599984139204,0.004313723473491847,20,0.0756400004029274,0.2170799970626831,0.09450804963707923,0.07614050060510635,0.04269922936977902,20,0.0060800001956522465,0.006479999981820583,0.0062280000187456604,0.006200000178068876,9.88736485463423e-05,20,0.10920000076293945,0.2343599945306778,0.1189700998365879,0.11261999979615211,0.026549511476783562,20,0.2972800135612488,0.3638010025024414,0.31080234944820406,0.3057605028152466,0.013728378389425352,20,128,128,7168,2048,129280,True,False,False,40,1,7168,2048,generic,generic,,,CUDA_EVENT,BF16,method=fp8|act=dynamic|serialized=True|block=128x128
0.006039999891072512,0.02524000033736229,0.0070950000314041976,0.006279999855905771,0.0035207237463224083,40,0.006039999891072512,0.02311999909579754,0.007253999984823167,0.006200000178068876,0.003721876196154943,20,0.07636000216007233,0.25727999210357666,0.0887181494385004,0.07768049836158752,0.03923208096035519,20,0.049479998648166656,0.08479999750852585,0.05284809935837984,0.05061999894678593,0.007505412008733095,20,0.07556000351905823,0.18940000236034393,0.09353610128164291,0.07642000168561935,0.038608938936332805,20,0.0060800001956522465,0.023479999974370003,0.00717199994251132,0.0061599998734891415,0.0037696493211662515,20,0.1029599979519844,0.2553200125694275,0.1156701497733593,0.10788049921393394,0.03213010099628892,20,0.2982800006866455,0.3502799868583679,0.3115963950753212,0.3095399886369705,0.010495715575502251,20,128,128,7168,2048,129280,True,False,False,32,1,7168,2048,generic,generic,,,CUDA_EVENT,BF16,method=fp8|act=dynamic|serialized=True|block=128x128
0.006039999891072512,0.035440001636743546,0.007792000018525869,0.006240000016987324,0.005517885222381547,40,0.006039999891072512,0.020999999716877937,0.006929999962449074,0.0061599998734891415,0.0032324077132812267,20,0.07648000121116638,0.282039999961853,0.08801405020058155,0.07733999937772751,0.04453369149082515,20,0.04715999960899353,0.06216000020503998,0.049266050569713116,0.04820050112903118,0.003172774935731262,20,0.07547999918460846,0.2293200045824051,0.0965282004326582,0.0778605006635189,0.0437955308503087,20,0.0060800001956522465,0.010479999706149101,0.0064160000067204235,0.006200000178068876,0.0009352132770520926,20,0.10463999956846237,0.2258400022983551,0.11365209929645062,0.10731999948620796,0.025852747962795204,20,0.30000099539756775,0.3497599959373474,0.30974444895982745,0.30790048837661743,0.010440071705098917,20,128,128,7168,2048,129280,True,False,False,24,1,7168,2048,generic,generic,,,CUDA_EVENT,BF16,method=fp8|act=dynamic|serialized=True|block=128x128
0.009080000221729279,0.029039999470114708,0.011927999928593636,0.012860000133514404,0.0034074294378472494,40,0.006120000034570694,0.02711999975144863,0.007382000028155744,0.006240000016987324,0.00453703817708453,20,0.0761599987745285,0.23544000089168549,0.08484814912080765,0.0768199972808361,0.034552849285041216,20,0.04631999880075455,0.06168000027537346,0.048265999928116796,0.047199999913573265,0.003381698321009223,20,0.07416000217199326,0.21211999654769897,0.09047604948282242,0.07488049939274788,0.03738433337990875,20,0.0060800001956522465,0.012919999659061432,0.006558050005696714,0.006200000178068876,0.0014686211211554813,20,0.10152000188827515,0.21780000627040863,0.1121641006320715,0.10568000003695488,0.02441874437487585,20,0.2872009873390198,0.3450410068035126,0.2993344485759735,0.2960604876279831,0.012032061210146881,20,128,128,7168,2048,129280,True,False,False,16,1,7168,2048,generic,generic,,,CUDA_EVENT,BF16,method=fp8|act=dynamic|serialized=True|block=128x128
0.006560000125318766,0.014639999717473984,0.008267024916131049,0.008859999943524599,0.0015274343214374579,40,0.0060800001956522465,0.027879999950528145,0.007222000043839216,0.006120000034570694,0.004739526958498496,20,0.07227999716997147,0.24303999543190002,0.08183009997010231,0.07326000183820724,0.03699213651090719,20,0.03996000066399574,0.08584000170230865,0.04338405001908541,0.04075999930500984,0.009864470262611797,20,0.07103999704122543,0.2396399974822998,0.0932441484183073,0.07269999757409096,0.04501639301335151,20,0.006039999891072512,0.010280000045895576,0.006340000056661665,0.006120000034570694,0.0009077003868607427,20,0.10307999700307846,0.2258400022983551,0.11303604915738105,0.106539998203516,0.026005010424622884,20,0.2865599989891052,0.3479210138320923,0.297868350148201,0.2936204969882965,0.012842366837326914,20,128,128,7168,2048,129280,True,False,False,8,1,7168,2048,generic,generic,,,CUDA_EVENT,BF16,method=fp8|act=dynamic|serialized=True|block=128x128
0.006039999891072512,0.015399999916553497,0.006923999963328242,0.00634000007994473,0.0018755435860021634,40,0.0060800001956522465,0.017920000478625298,0.007210000068880618,0.0061599998734891415,0.002752072025906622,20,0.06264100223779678,0.23648099601268768,0.07280045002698898,0.06411999836564064,0.03756111957517105,20,0.0355600006878376,0.08708000183105469,0.04137210007756949,0.03634000010788441,0.0128455871956476,20,0.06307999789714813,0.17776000499725342,0.07575620040297508,0.0638200007379055,0.0321363032490632,20,0.006039999891072512,0.009680000133812428,0.006644000066444278,0.006139999954029918,0.0010944149485626132,20,0.07107999920845032,0.14372099936008453,0.07959605008363724,0.07631999999284744,0.014910457829687168,20,0.2717199921607971,0.2979600131511688,0.2780420511960983,0.2748800069093704,0.007135857795585839,20,128,128,7168,2048,129280,True,False,False,4,1,7168,2048,generic,generic,,,CUDA_EVENT,BF16,method=fp8|act=dynamic|serialized=True|block=128x128
0.006039999891072512,0.02735999971628189,0.00721402500057593,0.006200000178068876,0.003705378895557195,40,0.006039999891072512,0.023280000314116478,0.007140000071376562,0.006200000178068876,0.0037243523471101464,20,0.06136000156402588,0.2337609976530075,0.07115014996379614,0.06216000020503998,0.037346162042300055,20,0.03523999825119972,0.1305609941482544,0.044232099689543246,0.03590000048279762,0.023173189823256012,20,0.062240999191999435,0.17175999283790588,0.07558009903877974,0.06306049972772598,0.031542364167870936,20,0.0060800001956522465,0.023760000243782997,0.0071940000634640455,0.006120000034570694,0.003851530130444017,20,0.07295999675989151,0.11187999695539474,0.0763920497149229,0.07436000183224678,0.008234104381433864,20,0.27031999826431274,0.29104000329971313,0.2761962980031967,0.27385999262332916,0.0058623541399597965,20,128,128,7168,2048,129280,True,False,False,2,1,7168,2048,generic,generic,,,CUDA_EVENT,BF16,method=fp8|act=dynamic|serialized=True|block=128x128
0.005960000213235617,0.026000000536441803,0.007014000054914505,0.0060800001956522465,0.003646867754644657,40,0.006039999891072512,0.017160000279545784,0.006678000069223344,0.006120000034570694,0.002405276747667332,20,0.0573199987411499,0.21819999814033508,0.06647399943321944,0.05817999877035618,0.03482141903706156,20,0.034960001707077026,0.1873999983072281,0.045806000009179115,0.035920001566410065,0.03365262076620588,20,0.05936000123620033,0.16568000614643097,0.07658610064536334,0.060520000755786896,0.031847677413735793,20,0.006039999891072512,0.011239999905228615,0.00653800000436604,0.006120000034570694,0.0013052186776224817,20,0.07187999784946442,0.12768100202083588,0.07725805044174194,0.07394000142812729,0.011718635121798977,20,0.2666809856891632,0.3015599846839905,0.27372884601354597,0.2705810070037842,0.007959395508731855,20,128,128,7168,2048,129280,True,False,False,1,1,7168,2048,generic,generic,,,CUDA_EVENT,BF16,method=fp8|act=dynamic|serialized=True|block=128x128
0.021239999681711197,0.13276100158691406,0.027408024994656444,0.02457999996840954,0.01870630925527816,40,0.006279999855905771,0.020759999752044678,0.0071420000400394205,0.0063599999994039536,0.0031315292696760385,20,0.08324000239372253,0.2577599883079529,0.11010809950530528,0.09972000122070312,0.03640134228583216,20,0.05243999883532524,0.08931999653577805,0.06236009914427996,0.06200050003826618,0.00857910568951217,20,0.13888099789619446,0.20608000457286835,0.14520014971494674,0.14134050160646439,0.014230568140660852,20,0.0063599999994039536,0.027720000594854355,0.007759999972768128,0.006440000142902136,0.0046229861866956806,20,0.1103999987244606,0.2282799929380417,0.12030019983649254,0.11452050134539604,0.024941048073364447,20,0.20192000269889832,0.21452100574970245,0.20733825042843818,0.20645999908447266,0.0031402539198453227,20,128,128,7168,2048,129280,True,False,False,128,2,7168,2048,generic,generic,,,CUDA_EVENT,BF16,method=fp8|act=dynamic|serialized=True|block=128x128
0.020640000700950623,0.10623999685049057,0.026941999839618803,0.02423999924212694,0.016873007238434195,40,0.006200000178068876,0.02304000034928322,0.0074640000239014626,0.0063599999994039536,0.0037248656986492447,20,0.08528000116348267,0.2457199990749359,0.10825615003705025,0.09964000061154366,0.03299136237649138,20,0.05584000051021576,0.08807999640703201,0.06329410001635552,0.061979999765753746,0.006789111687809425,20,0.13663999736309052,0.18036000430583954,0.14214420095086097,0.13962050527334213,0.009064030536125915,20,0.006279999855905771,0.020080000162124634,0.007503999979235232,0.006399999838322401,0.0031359949462370818,20,0.11123999953269958,0.21040000021457672,0.11856609955430031,0.1135999970138073,0.021118517010711855,20,0.20236000418663025,0.21687999367713928,0.20681235045194626,0.20538049936294556,0.0036154859462701355,20,128,128,7168,2048,129280,True,False,False,120,2,7168,2048,generic,generic,,,CUDA_EVENT,BF16,method=fp8|act=dynamic|serialized=True|block=128x128
0.020840000361204147,0.1042800024151802,0.026031074998900294,0.023579999804496765,0.014700779444537657,40,0.006240000016987324,0.030400000512599945,0.0077700000023469325,0.006399999838322401,0.005234957602533452,20,0.11168000102043152,0.2634409964084625,0.13317610025405885,0.12299999967217445,0.03169919431908094,20,0.05432000011205673,0.09108000248670578,0.06309805046766996,0.061580000445246696,0.0074477593805758295,20,0.13708099722862244,0.20400099456310272,0.14339624866843223,0.1390399932861328,0.014251315445944658,20,0.006279999855905771,0.024119999259710312,0.007393999956548214,0.006399999838322401,0.0038544990361141624,20,0.10744000226259232,0.21819999814033508,0.11698224991559983,0.11176000162959099,0.02332563850883806,20,0.17744000256061554,0.19064000248908997,0.18405415043234824,0.18376000225543976,0.0026053530506350304,20,128,128,7168,2048,129280,True,False,False,112,2,7168,2048,generic,generic,,,CUDA_EVENT,BF16,method=fp8|act=dynamic|serialized=True|block=128x128
0.021080000326037407,0.10776100307703018,0.025756024895235895,0.02307999972254038,0.014590202774212396,40,0.0063599999994039536,0.018519999459385872,0.007127999980002642,0.006479999981820583,0.0026221394673319755,20,0.11351999640464783,0.2648400068283081,0.13369014896452427,0.123259998857975,0.03196162893017711,20,0.05655999854207039,0.08975999802350998,0.06325014922767877,0.06165999919176102,0.00715339008194491,20,0.1372399926185608,0.18408000469207764,0.1418961003422737,0.13939999788999557,0.009840934212177332,20,0.006240000016987324,0.02027999982237816,0.007053999975323677,0.0063599999994039536,0.003035372101051277,20,0.1042800024151802,0.22144000232219696,0.11692415028810502,0.11059999838471413,0.024317062416218376,20,0.17535999417304993,0.191880002617836,0.1837121993303299,0.18396049737930298,0.003416821505447745,20,128,128,7168,2048,129280,True,False,False,104,2,7168,2048,generic,generic,,,CUDA_EVENT,BF16,method=fp8|act=dynamic|serialized=True|block=128x128
0.020759999752044678,0.08568000048398972,0.02486604996956885,0.02268000040203333,0.011959910991502742,40,0.0063599999994039536,0.01971999928355217,0.007347999908961356,0.006479999981820583,0.002914902258696326,20,0.11880099773406982,0.244160994887352,0.13984019868075848,0.13526000082492828,0.02584313517572359,20,0.052319999784231186,0.0862400010228157,0.0611840495839715,0.06044050119817257,0.006971976102961463,20,0.136680006980896,0.21379999816417694,0.1447742000222206,0.1390799954533577,0.017263670844317357,20,0.006240000016987324,0.029039999470114708,0.007578000007197261,0.0063599999994039536,0.004938638961411545,20,0.10524000227451324,0.22023999691009521,0.11488415040075779,0.10926000028848648,0.0242520903500032,20,0.16967999935150146,0.18991999328136444,0.17503615021705626,0.17448050528764725,0.004230151013249131,20,128,128,7168,2048,129280,True,False,False,96,2,7168,2048,generic,generic,,,CUDA_EVENT,BF16,method=fp8|act=dynamic|serialized=True|block=128x128
0.020800000056624413,0.0934399962425232,0.02592702484689653,0.022880000062286854,0.015101155220239955,40,0.006320000160485506,0.01907999999821186,0.007263999967835844,0.006399999838322401,0.00280734468397494,20,0.12088000029325485,0.2528400123119354,0.1398202020674944,0.13288000226020813,0.027662864183558337,20,0.05407999828457832,0.0782800018787384,0.061678049713373186,0.06073999963700771,0.0056459316678271415,20,0.13528099656105042,0.18704000115394592,0.14262214973568915,0.13858049362897873,0.012056803432153904,20,0.006200000178068876,0.02319999970495701,0.0073180000064894555,0.006320000160485506,0.003673983605178825,20,0.10583999752998352,0.21196000277996063,0.11451610028743744,0.10937999933958054,0.0224155088298433,20,0.16896000504493713,0.18744100630283356,0.17502025067806243,0.17368000000715256,0.004781972838717614,20,128,128,7168,2048,129280,True,False,False,88,2,7168,2048,generic,generic,,,CUDA_EVENT,BF16,method=fp8|act=dynamic|serialized=True|block=128x128
0.020560000091791153,0.11323999613523483,0.02558307475410402,0.021399999037384987,0.017606021693322656,40,0.006320000160485506,0.019120000302791595,0.00743000004440546,0.006399999838322401,0.002855839701786879,20,0.11935999989509583,0.258760005235672,0.14178415164351463,0.13740000128746033,0.029707094994768025,20,0.05559999868273735,0.07412000000476837,0.062184099666774274,0.06078050099313259,0.004988408665950382,20,0.13655999302864075,0.18435999751091003,0.1435082010924816,0.1394999995827675,0.011535907809029113,20,0.006200000178068876,0.021239999681711197,0.007042000000365078,0.006279999855905771,0.0032586002392259237,20,0.10220099985599518,0.21079999208450317,0.1119481485337019,0.10620049759745598,0.022824040058169067,20,0.16740000247955322,0.21695999801158905,0.17637619823217393,0.17282000184059143,0.010366055144168536,20,128,128,7168,2048,129280,True,False,False,80,2,7168,2048,generic,generic,,,CUDA_EVENT,BF16,method=fp8|act=dynamic|serialized=True|block=128x128
0.020160000771284103,0.1005999967455864,0.024413999821990728,0.02184000052511692,0.01392625836463356,40,0.0061599998734891415,0.01947999931871891,0.006997999968007207,0.006200000178068876,0.0029139792620709276,20,0.1138399988412857,0.26100099086761475,0.14426224827766418,0.13703999668359756,0.028913589028471454,20,0.061480000615119934,0.08832000195980072,0.06529199928045273,0.06353999674320221,0.005685463981676301,20,0.13527999818325043,0.1868399977684021,0.14284214824438096,0.13891999423503876,0.011550307836656993,20,0.006200000178068876,0.02232000045478344,0.007302000047639012,0.006279999855905771,0.0035075114666284998,20,0.10419999808073044,0.26156100630760193,0.11500615030527114,0.1074800007045269,0.03367772275759842,20,0.17336100339889526,0.18940000236034393,0.17723414972424506,0.17531999945640564,0.004752962225340093,20,128,128,7168,2048,129280,True,False,False,72,2,7168,2048,generic,generic,,,CUDA_EVENT,BF16,method=fp8|act=dynamic|serialized=True|block=128x128
0.021199999377131462,0.10419999808073044,0.025429024687036873,0.022459999658167362,0.014826385861265152,40,0.006279999855905771,0.017921000719070435,0.006938050081953406,0.0063599999994039536,0.0025201696332224142,20,0.11884000152349472,0.2500399947166443,0.13903414867818356,0.1321604996919632,0.027265287436133153,20,0.05347999930381775,0.08416000008583069,0.06505205053836108,0.06420000270009041,0.006023209061187796,20,0.13475999236106873,0.20056100189685822,0.14271820113062858,0.13920000195503235,0.014636757264351112,20,0.006200000178068876,0.03407999873161316,0.008085999870672822,0.006279999855905771,0.006043048958810003,20,0.10187999904155731,0.2229209989309311,0.1115242000669241,0.10568000003695488,0.025623449692107836,20,0.17003999650478363,0.18639999628067017,0.17515019997954367,0.17288049310445786,0.004744362567958867,20,128,128,7168,2048,129280,True,False,False,64,2,7168,2048,generic,generic,,,CUDA_EVENT,BF16,method=fp8|act=dynamic|serialized=True|block=128x128
0.021080000326037407,0.10175999999046326,0.025226024771109225,0.02223999984562397,0.013885065861952876,40,0.006279999855905771,0.020800000056624413,0.00736799999140203,0.006379999918863177,0.0031841005077541586,20,0.11271999776363373,0.25407999753952026,0.13816614970564842,0.13391999900341034,0.028860732796346808,20,0.052241001278162,0.08055999875068665,0.06405404936522245,0.06331999972462654,0.006337896840392626,20,0.13283999264240265,0.2640399932861328,0.14721814841032027,0.1384204998612404,0.028918910330412627,20,0.0061599998734891415,0.02292099967598915,0.007432049955241382,0.006279999855905771,0.0037041226055444317,20,0.10159999877214432,0.22200100123882294,0.11207624971866607,0.10596000030636787,0.0253165414266646,20,0.16787999868392944,0.1886799931526184,0.17523004934191705,0.17319999635219574,0.005446450620335098,20,128,128,7168,2048,129280,True,False,False,56,2,7168,2048,generic,generic,,,CUDA_EVENT,BF16,method=fp8|act=dynamic|serialized=True|block=128x128
0.021040000021457672,0.1140810027718544,0.02558202501386404,0.021959999576210976,0.016611146912702112,40,0.006240000016987324,0.03108000010251999,0.0076940000057220456,0.006379999918863177,0.005375191555240225,20,0.11163999885320663,0.2561599910259247,0.13950414918363094,0.13422000408172607,0.02883047279849386,20,0.0565200001001358,0.08528000116348267,0.06451810020953416,0.06248000077903271,0.006066196625310387,20,0.13159999251365662,0.19604100286960602,0.1422942504286766,0.13843999803066254,0.013945281533919314,20,0.006120000034570694,0.04340000078082085,0.008318000053986908,0.0062599999364465475,0.00807529062751293,20,0.10032100230455399,0.225600004196167,0.10962410047650337,0.10343999788165092,0.026678006422074765,20,0.16712099313735962,0.18916000425815582,0.17431420013308524,0.17184050381183624,0.0059306566564958025,20,128,128,7168,2048,129280,True,False,False,48,2,7168,2048,generic,generic,,,CUDA_EVENT,BF16,method=fp8|act=dynamic|serialized=True|block=128x128
0.02112000063061714,0.08048000186681747,0.024978049984201788,0.022179999388754368,0.012171338801378643,40,0.006240000016987324,0.021239999681711197,0.007131999987177551,0.0063599999994039536,0.0032417303340215005,20,0.11348000168800354,0.26287999749183655,0.14073014929890632,0.13561999797821045,0.031121305018193445,20,0.05551999807357788,0.07711999863386154,0.06425814945250749,0.06478000059723854,0.004803238504697794,20,0.13308000564575195,0.19440099596977234,0.1417061507701874,0.13736049830913544,0.014208690007341408,20,0.0061599998734891415,0.021399999037384987,0.007282000011764466,0.0062599999364465475,0.0033426089629207084,20,0.09927999973297119,0.2082809954881668,0.10785014927387238,0.10227999836206436,0.023130886483126736,20,0.16835999488830566,0.19631999731063843,0.17441224977374076,0.17123999446630478,0.0067736527108234095,20,128,128,7168,2048,129280,True,False,False,40,2,7168,2048,generic,generic,,,CUDA_EVENT,BF16,method=fp8|act=dynamic|serialized=True|block=128x128
0.020840000361204147,0.1141199991106987,0.025819024816155434,0.022040000185370445,0.017125127484371696,40,0.006240000016987324,0.02608099952340126,0.0074680499965325,0.00634000007994473,0.004311913298762348,20,0.10515999794006348,0.24648000299930573,0.1417761504650116,0.13910000026226044,0.026616684931968466,20,0.05663999915122986,0.07812000066041946,0.06448205038905144,0.06352000311017036,0.00502365041350473,20,0.1335199922323227,0.2014400064945221,0.1422441504895687,0.1373799964785576,0.015058572605049591,20,0.006120000034570694,0.022360000759363174,0.007114050048403442,0.0062200000975281,0.0035056676629327908,20,0.09876000136137009,0.24076099693775177,0.10878424979746341,0.10158050060272217,0.030318480455294346,20,0.1648000031709671,0.18879999220371246,0.17320220023393632,0.17090000212192535,0.005793897857253974,20,128,128,7168,2048,129280,True,False,False,32,2,7168,2048,generic,generic,,,CUDA_EVENT,BF16,method=fp8|act=dynamic|serialized=True|block=128x128
0.020600000396370888,0.09371999651193619,0.024646999733522534,0.022060000337660313,0.01298887128998669,40,0.006200000178068876,0.019081000238656998,0.0073320500552654265,0.006320000160485506,0.002944104444558679,20,0.12331999838352203,0.2513200044631958,0.14462614990770817,0.13742049783468246,0.02776551522012576,20,0.05860000103712082,0.091559998691082,0.06582414954900742,0.06433999910950661,0.0068899283603973925,20,0.13404099643230438,0.1767600029706955,0.14095014929771424,0.13768000155687332,0.010307722233978574,20,0.0060800001956522465,0.028440000489354134,0.007266000122763216,0.006139999954029918,0.00485816887372116,20,0.09700100123882294,0.2224009931087494,0.10825619846582413,0.10219999775290489,0.026301811709422543,20,0.16475999355316162,0.208639994263649,0.17415219843387603,0.17072000354528427,0.009692581267118448,20,128,128,7168,2048,129280,True,False,False,24,2,7168,2048,generic,generic,,,CUDA_EVENT,BF16,method=fp8|act=dynamic|serialized=True|block=128x128
0.026280000805854797,0.08776000142097473,0.031348999869078395,0.029260000213980675,0.011641539548638,40,0.006279999855905771,0.02151999995112419,0.008079999964684248,0.006399999838322401,0.004368596947575185,20,0.09976000338792801,0.265841007232666,0.12983630001544952,0.11508099734783173,0.04277490993500076,20,0.049639999866485596,0.1438400000333786,0.06396400015801192,0.059140000492334366,0.019360255936959295,20,0.13200099766254425,0.16336099803447723,0.13713025003671647,0.13583999872207642,0.006250860363751255,20,0.006200000178068876,0.01080000028014183,0.006686000037007034,0.006240000016987324,0.00113850958923334,20,0.09132000058889389,0.20496000349521637,0.10007409974932671,0.09383999928832054,0.024189911203185695,20,0.16672000288963318,0.24279999732971191,0.17303419932723046,0.16919999569654465,0.016115982135268617,20,128,128,7168,2048,129280,True,False,False,16,2,7168,2048,generic,generic,,,CUDA_EVENT,BF16,method=fp8|act=dynamic|serialized=True|block=128x128
0.02319999970495701,0.09672000259160995,0.027629024954512714,0.024699999950826168,0.01306597057466925,40,0.0061599998734891415,0.027079999446868896,0.007481999974697828,0.006279999855905771,0.004553073133020268,20,0.09092000126838684,0.2587999999523163,0.12420205026865005,0.1231205016374588,0.03307028154956293,20,0.05483999848365784,0.07739999890327454,0.06257020011544227,0.06161999888718128,0.004804807004100893,20,0.1329600065946579,0.20739999413490295,0.14111809879541398,0.13542000204324722,0.01690529385891273,20,0.006000000052154064,0.03068000078201294,0.007530000107362866,0.0060800001956522465,0.005343704861416801,20,0.09600000083446503,0.23839999735355377,0.10663409940898419,0.09912000223994255,0.030297238868424146,20,0.16764000058174133,0.18503999710083008,0.1739262491464615,0.17107999324798584,0.005921978652325267,20,128,128,7168,2048,129280,True,False,False,8,2,7168,2048,generic,generic,,,CUDA_EVENT,BF16,method=fp8|act=dynamic|serialized=True|block=128x128
0.02239999920129776,0.09459999948740005,0.02673702482134104,0.023339999839663506,0.012986534495850275,40,0.006120000034570694,0.03407999873161316,0.008277999912388622,0.006279999855905771,0.006492672189138781,20,0.08743999898433685,0.254720002412796,0.11697414964437484,0.10253999754786491,0.04524803297877032,20,0.05379999801516533,0.2117599993944168,0.0671580497175455,0.057899998500943184,0.03380596236770036,20,0.1297599971294403,0.16179999709129333,0.13384820073843,0.13134000450372696,0.007213625583252639,20,0.006039999891072512,0.010879999957978725,0.0068179999710991975,0.006200000178068876,0.0014055019634442861,20,0.06356000155210495,0.09892000257968903,0.06664210036396981,0.06498049944639206,0.007481267434455209,20,0.15167999267578125,0.16176000237464905,0.1557081498205662,0.15452050417661667,0.00308303535947326,20,128,128,7168,2048,129280,True,False,False,4,2,7168,2048,generic,generic,,,CUDA_EVENT,BF16,method=fp8|act=dynamic|serialized=True|block=128x128
0.02160000056028366,0.08247999846935272,0.024861000059172512,0.02208000048995018,0.011235109264365344,40,0.006240000016987324,0.02491999976336956,0.008627999923191965,0.0063599999994039536,0.005092128751703581,20,0.08839999884366989,0.249440997838974,0.11149824932217597,0.09671999886631966,0.04463294291213683,20,0.05195999890565872,0.2271600067615509,0.06826204992830753,0.05883999913930893,0.037123510305317034,20,0.12707999348640442,0.15799999237060547,0.13360419869422913,0.1322604939341545,0.006695602166716705,20,0.006039999891072512,0.00872000027447939,0.00653400004375726,0.006200000178068876,0.0007393267450321512,20,0.061319999396800995,0.10400000214576721,0.0645881500095129,0.06243999861180782,0.009090346400608892,20,0.15108099579811096,0.1682800054550171,0.15450814962387086,0.1533999964594841,0.004038356951420335,20,128,128,7168,2048,129280,True,False,False,2,2,7168,2048,generic,generic,,,CUDA_EVENT,BF16,method=fp8|act=dynamic|serialized=True|block=128x128
0.021239999681711197,0.09404099732637405,0.025444074952974915,0.021880000829696655,0.014075719304423803,40,0.0060800001956522465,0.043480001389980316,0.009266000031493605,0.0062200000975281,0.008914269922483568,20,0.08212000131607056,0.25196000933647156,0.11411809995770454,0.10198000073432922,0.04440107775021305,20,0.05087999999523163,0.21243999898433685,0.0689480995759368,0.06073999963700771,0.03410921733894225,20,0.1244800016283989,0.152879998087883,0.12958619929850101,0.12757999449968338,0.006300344675226714,20,0.0060800001956522465,0.008600999601185322,0.006462050043046475,0.0061599998734891415,0.0007378684269932421,20,0.058240000158548355,0.10040000081062317,0.06369404997676612,0.06169999949634075,0.008618462597081319,20,0.1465200036764145,0.16652099788188934,0.1512642003595829,0.14908050000667572,0.004973197724069158,20,128,128,7168,2048,129280,True,False,False,1,2,7168,2048,generic,generic,,,CUDA_EVENT,BF16,method=fp8|act=dynamic|serialized=True|block=128x128
0.02151999995112419,0.12151999771595001,0.02646202491596341,0.022919999435544014,0.01665873631292062,40,0.006320000160485506,0.0405610017478466,0.00852210009470582,0.006420500110834837,0.007481242752905506,20,0.17496000230312347,0.2723599970340729,0.19318424984812738,0.18994050472974777,0.020612351552680323,20,0.0581200011074543,0.10328000038862228,0.06585004944354296,0.06319999881088734,0.009572950314447798,20,0.12291999906301498,0.21663999557495117,0.1324141513556242,0.1271200031042099,0.01971635209822449,20,0.01080000028014183,0.020959999412298203,0.013074000040069223,0.01245999988168478,0.002078394441432354,20,0.09895999729633331,0.23863999545574188,0.10928614847362042,0.10269999876618385,0.029812496582142734,20,0.11931999772787094,0.16808000206947327,0.12410410046577454,0.12174000218510628,0.010163549556375905,20,128,128,7168,2048,129280,True,False,False,128,4,7168,2048,generic,generic,,,CUDA_EVENT,BF16,method=fp8|act=dynamic|serialized=True|block=128x128
0.021399999037384987,0.0904809981584549,0.026097024930641054,0.02317999955266714,0.014435783079143354,40,0.006320000160485506,0.01916000060737133,0.007109999959357083,0.006499999901279807,0.0027676381281289547,20,0.1632400006055832,0.2704800069332123,0.18860629945993423,0.1837799996137619,0.020639122018616722,20,0.05827999860048294,0.08196000009775162,0.06445804964751005,0.06371999904513359,0.0054900818745379654,20,0.12015999853610992,0.19752000272274017,0.12917419970035554,0.12496000155806541,0.015896759519402386,20,0.008799999952316284,0.0225600004196167,0.012726000091060997,0.012420000042766333,0.0024825560374016047,20,0.09719999879598618,0.2268799990415573,0.10757020004093647,0.10103999823331833,0.027498573262629566,20,0.12015999853610992,0.13303999602794647,0.12297614961862564,0.12261999770998955,0.00253200575566659,20,128,128,7168,2048,129280,True,False,False,120,4,7168,2048,generic,generic,,,CUDA_EVENT,BF16,method=fp8|act=dynamic|serialized=True|block=128x128
0.02175999991595745,0.09403999894857407,0.025676074903458357,0.022979999892413616,0.013330421438526712,40,0.006240000016987324,0.020080000162124634,0.007129999971948564,0.006399999838322401,0.002981754559824789,20,0.17351999878883362,0.28044000267982483,0.1908780999481678,0.18453999608755112,0.022582529718452773,20,0.05615999922156334,0.08048000186681747,0.0649280508980155,0.06398000195622444,0.005344143835002049,20,0.12455999851226807,0.17904099822044373,0.12920614928007126,0.12638000398874283,0.011529131757602645,20,0.007600000128149986,0.02295999974012375,0.012884049909189343,0.012639999855309725,0.0026523294473079534,20,0.09647999703884125,0.23264099657535553,0.10761005021631717,0.10099999979138374,0.02883048866325242,20,0.11872100085020065,0.1358799934387207,0.1229041986167431,0.12237999960780144,0.003515908845477148,20,128,128,7168,2048,129280,True,False,False,112,4,7168,2048,generic,generic,,,CUDA_EVENT,BF16,method=fp8|act=dynamic|serialized=True|block=128x128
0.0213600005954504,0.08999999612569809,0.02655002474784851,0.024159999564290047,0.014523274016845179,40,0.006320000160485506,0.0355600006878376,0.008236050046980381,0.006399999838322401,0.006451717768602278,20,0.17076100409030914,0.24748000502586365,0.18954225182533263,0.18604100495576859,0.0157755852542058,20,0.055160000920295715,0.08235999941825867,0.06508799996227026,0.06436000019311905,0.0055357829801042134,20,0.1228799968957901,0.20875999331474304,0.13112404942512512,0.126740001142025,0.017986842574741407,20,0.008440000005066395,0.027400000020861626,0.013376100128516555,0.01256000017747283,0.0035442579865091503,20,0.09644000232219696,0.2385600060224533,0.10819199942052364,0.10095999762415886,0.030051396451756734,20,0.11836099624633789,0.13228000700473785,0.12303010076284408,0.12215999886393547,0.0031706157695432125,20,128,128,7168,2048,129280,True,False,False,104,4,7168,2048,generic,generic,,,CUDA_EVENT,BF16,method=fp8|act=dynamic|serialized=True|block=128x128
0.020999999716877937,0.10859999805688858,0.02627804996445775,0.023060000501573086,0.01470347186604339,40,0.006279999855905771,0.019199999049305916,0.007335999887436629,0.006399999838322401,0.003035849603165452,20,0.1736000031232834,0.26076000928878784,0.19117415100336074,0.18835999816656113,0.018363967303236334,20,0.05795999988913536,0.09140100330114365,0.06433804985135794,0.0625,0.00713513476426724,20,0.122359998524189,0.2122800052165985,0.1315041996538639,0.12682049721479416,0.01878972594381732,20,0.01140000019222498,0.027879999950528145,0.01334399995394051,0.012660000007599592,0.003388554845668636,20,0.09600000083446503,0.24887999892234802,0.10774210020899773,0.09984000027179718,0.0325410099723493,20,0.11416000127792358,0.15588100254535675,0.1217381503432989,0.1202399991452694,0.008138606942890553,20,128,128,7168,2048,129280,True,False,False,96,4,7168,2048,generic,generic,,,CUDA_EVENT,BF16,method=fp8|act=dynamic|serialized=True|block=128x128
0.0213600005954504,0.10967999696731567,0.02573605007492006,0.022760500200092793,0.014926878395728774,40,0.006279999855905771,0.02491999976336956,0.008043999993242323,0.006440000142902136,0.004243883044848906,20,0.17243999242782593,0.25764000415802,0.19057614952325821,0.18517999351024628,0.017371054429954118,20,0.05423999950289726,0.08836100250482559,0.0640760999172926,0.06349999830126762,0.00693075414421855,20,0.12352000176906586,0.1754000037908554,0.13017015010118485,0.12578000128269196,0.012178610287970654,20,0.007720000110566616,0.029120000079274178,0.013134000031277538,0.012700000312179327,0.003960954929606534,20,0.09595999866724014,0.2263599932193756,0.10606009885668755,0.09963999688625336,0.027646523702221305,20,0.11788000166416168,0.13156099617481232,0.12109415046870708,0.12026000022888184,0.0029516302276336396,20,128,128,7168,2048,129280,True,False,False,88,4,7168,2048,generic,generic,,,CUDA_EVENT,BF16,method=fp8|act=dynamic|serialized=True|block=128x128
0.021199999377131462,0.08987999707460403,0.026882999809458852,0.023699999786913395,0.014218093413966713,40,0.006320000160485506,0.02672000043094158,0.010903999954462052,0.011080000083893538,0.0044469027844007865,20,0.19047999382019043,0.24512100219726562,0.19840819835662843,0.19553999602794647,0.011416447249489023,20,0.053360000252723694,0.08224000036716461,0.06479010004550219,0.06532000005245209,0.006432548922008732,20,0.12080000340938568,0.2059600055217743,0.13112410083413123,0.1257999986410141,0.01822948203885168,20,0.01095999963581562,0.029079999774694443,0.01334399995394051,0.012460000347346067,0.0037856655737286463,20,0.09335999935865402,0.21060000360012054,0.10348405055701733,0.09766000136733055,0.024665490204677436,20,0.10140000283718109,0.15472100675106049,0.10624420009553433,0.10336000099778175,0.011268091870276947,20,128,128,7168,2048,129280,True,False,False,80,4,7168,2048,generic,generic,,,CUDA_EVENT,BF16,method=fp8|act=dynamic|serialized=True|block=128x128
0.020759999752044678,0.12036000192165375,0.027596024982631206,0.023000000044703484,0.018070539996310878,40,0.006240000016987324,0.01964000053703785,0.010674000042490661,0.0111799999140203,0.003252648860539183,20,0.1852400004863739,0.2534010112285614,0.19946625009179114,0.19646000117063522,0.013176360211101803,20,0.060600001364946365,0.09824000298976898,0.06631005052477121,0.06426000222563744,0.008052435878799797,20,0.12275999784469604,0.1815209984779358,0.1303661998361349,0.125900000333786,0.013961075085441444,20,0.00824000034481287,0.02295999974012375,0.013011999940499664,0.012959999963641167,0.0027546352663383234,20,0.09356000274419785,0.23224100470542908,0.10433624982833863,0.09713999927043915,0.02941845917960796,20,0.10047999769449234,0.1457200050354004,0.10553609989583493,0.10277999937534332,0.009457776438015644,20,128,128,7168,2048,129280,True,False,False,72,4,7168,2048,generic,generic,,,CUDA_EVENT,BF16,method=fp8|act=dynamic|serialized=True|block=128x128
0.021239999681711197,0.08744099736213684,0.025858050025999547,0.023180000483989716,0.01382055514291935,40,0.006279999855905771,0.04732000082731247,0.00916000003926456,0.006379999918863177,0.008917470663699818,20,0.17336000502109528,0.24831999838352203,0.19245820119976997,0.19064050167798996,0.014689740766815434,20,0.05723999813199043,0.08376000076532364,0.06496409922838212,0.06428049877285957,0.006073973838103799,20,0.12036000192165375,0.21508100628852844,0.13183620050549508,0.12525999918580055,0.020357568953484662,20,0.01080000028014183,0.026240000501275063,0.013396000023931265,0.012480000033974648,0.003131208176274312,20,0.09052000194787979,0.22096000611782074,0.10206400081515313,0.09597999975085258,0.027382256443298322,20,0.1119999960064888,0.1371999979019165,0.11606609970331191,0.11405999958515167,0.00592569234593423,20,128,128,7168,2048,129280,True,False,False,64,4,7168,2048,generic,generic,,,CUDA_EVENT,BF16,method=fp8|act=dynamic|serialized=True|block=128x128
0.021239999681711197,0.08476000279188156,0.02577702491544187,0.022219999693334103,0.011968937319155758,40,0.006200000178068876,0.018200000748038292,0.00837200004607439,0.006379999918863177,0.003230705276822799,20,0.17151999473571777,0.266961008310318,0.19506430104374886,0.1934405043721199,0.018377509562737773,20,0.059039998799562454,0.08900000154972076,0.06557404939085246,0.06453999876976013,0.006486479532076764,20,0.12352000176906586,0.1809999942779541,0.130520099401474,0.12585999816656113,0.01306342263265936,20,0.01083999965339899,0.021159999072551727,0.013033999875187875,0.01269999984651804,0.0019796270583592682,20,0.09256000071763992,0.2215999960899353,0.10233409963548183,0.0962199978530407,0.027444982290579723,20,0.10683999955654144,0.16140100359916687,0.1152843002229929,0.11258050054311752,0.010795129045087679,20,128,128,7168,2048,129280,True,False,False,56,4,7168,2048,generic,generic,,,CUDA_EVENT,BF16,method=fp8|act=dynamic|serialized=True|block=128x128
0.020880000665783882,0.10379999876022339,0.026883999863639475,0.022540000267326832,0.015347277671155325,40,0.006240000016987324,0.027160000056028366,0.010175999975763262,0.008460000157356262,0.004888965510983015,20,0.1844799965620041,0.25516098737716675,0.1982123501598835,0.19512000679969788,0.013738168641236894,20,0.058079998940229416,0.08839999884366989,0.06535800006240607,0.06399999931454659,0.006524249881002786,20,0.11875999718904495,0.1929199993610382,0.13008409962058068,0.12575999647378922,0.01568669252380518,20,0.00839999970048666,0.02160000056028366,0.01291599995456636,0.012639999855309725,0.002527636123223234,20,0.08903999626636505,0.1992809921503067,0.0993701983243227,0.09391999989748001,0.023013452219381083,20,0.10379999876022339,0.1382800042629242,0.10778810046613216,0.10598000138998032,0.007223938333676725,20,128,128,7168,2048,129280,True,False,False,48,4,7168,2048,generic,generic,,,CUDA_EVENT,BF16,method=fp8|act=dynamic|serialized=True|block=128x128
0.021080000326037407,0.11868000030517578,0.02696007499471307,0.02294049970805645,0.01766791662264866,40,0.006200000178068876,0.019999999552965164,0.010264000040479004,0.010840000119060278,0.003473059697054228,20,0.19124099612236023,0.26260000467300415,0.19886620044708253,0.19502049684524536,0.014856790021796667,20,0.057840000838041306,0.07583999633789062,0.06546614971011877,0.06597999855875969,0.004391360837204867,20,0.12355999648571014,0.1868409961462021,0.13134614750742912,0.12606000155210495,0.014695332751995393,20,0.00851999968290329,0.028519999235868454,0.013321999832987786,0.012480000033974648,0.0037263702436946783,20,0.08975999802350998,0.21904000639915466,0.0990821000188589,0.09276000037789345,0.027575297385341386,20,0.1005999967455864,0.11472000181674957,0.1052880983799696,0.10493999719619751,0.0029368827941278408,20,128,128,7168,2048,129280,True,False,False,40,4,7168,2048,generic,generic,,,CUDA_EVENT,BF16,method=fp8|act=dynamic|serialized=True|block=128x128
0.020919999107718468,0.08991999924182892,0.025589074986055494,0.022160000167787075,0.014704478530514405,40,0.0061599998734891415,0.01923999935388565,0.007980050006881356,0.006379999918863177,0.0032201225974525984,20,0.17655999958515167,0.26927998661994934,0.19519019722938538,0.19290050119161606,0.018008630610843134,20,0.05567999929189682,0.07428000122308731,0.0648720996454358,0.06411999836564064,0.004394138913015133,20,0.12216000258922577,0.1844400018453598,0.1298640500754118,0.12554000318050385,0.013778162199455175,20,0.01104000024497509,0.030880000442266464,0.013246000045910478,0.012420000042766333,0.004093492968814025,20,0.08987999707460403,0.21887999773025513,0.10009009912610053,0.09338000044226646,0.02732923216253735,20,0.11260099709033966,0.13699999451637268,0.11550604924559593,0.11431999877095222,0.005072488924733294,20,128,128,7168,2048,129280,True,False,False,32,4,7168,2048,generic,generic,,,CUDA_EVENT,BF16,method=fp8|act=dynamic|serialized=True|block=128x128
0.020959999412298203,0.11311999708414078,0.02565702493302524,0.021719999611377716,0.017176539907851878,40,0.0061599998734891415,0.018079999834299088,0.007825999986380339,0.006300000008195639,0.002979698565424905,20,0.1770009994506836,0.2491600066423416,0.19447429925203324,0.19337999820709229,0.013647789703435876,20,0.056040000170469284,0.08771999925374985,0.06659200005233287,0.065140001475811,0.006212446472576879,20,0.12244000285863876,0.2054000049829483,0.13115620091557503,0.12493999674916267,0.0183062299960831,20,0.0083600003272295,0.02112000063061714,0.012904000049456955,0.012540000025182962,0.0022939364198228626,20,0.08991999924182892,0.22711999714374542,0.10044010058045387,0.09330050274729729,0.029155172233481713,20,0.1109199970960617,0.122079998254776,0.1134521484375,0.11313999816775322,0.0021987125974806698,20,128,128,7168,2048,129280,True,False,False,24,4,7168,2048,generic,generic,,,CUDA_EVENT,BF16,method=fp8|act=dynamic|serialized=True|block=128x128
0.026159999892115593,0.07844000309705734,0.030608024960383774,0.029120000079274178,0.01020803013710838,40,0.006279999855905771,0.020160000771284103,0.00768400002270937,0.0063599999994039536,0.0034114842719123795,20,0.17535999417304993,0.2557609975337982,0.18965029790997506,0.18530049920082092,0.01718009014394162,20,0.05747999995946884,0.08743999898433685,0.06322804968804122,0.06145999953150749,0.006494772621978164,20,0.1212799996137619,0.18264000117778778,0.12885825000703335,0.12460049986839294,0.013758888936654074,20,0.01104000024497509,0.023280000314116478,0.013064000057056546,0.012559999711811543,0.0025429872704829932,20,0.08851999789476395,0.2417600005865097,0.10002005025744438,0.09205999970436096,0.03257407994575899,20,0.09495999664068222,0.1286810040473938,0.10370819978415965,0.10262050107121468,0.006750145787741942,20,128,128,7168,2048,129280,True,False,False,16,4,7168,2048,generic,generic,,,CUDA_EVENT,BF16,method=fp8|act=dynamic|serialized=True|block=128x128
0.023599999025464058,0.10279999673366547,0.028233999898657203,0.025200000032782555,0.01402959281108797,40,0.006120000034570694,0.01923999935388565,0.008148049958981574,0.0063599999994039536,0.0032370333085189338,20,0.17492100596427917,0.23756000399589539,0.19144429937005042,0.1900004968047142,0.01196835914535791,20,0.05795999988913536,0.09032099694013596,0.06550204921513796,0.06445999816060066,0.006612024764135724,20,0.11996100097894669,0.18291999399662018,0.12841619923710823,0.12336000055074692,0.01465812541261481,20,0.01080000028014183,0.02175999991595745,0.013372000027447938,0.01269999984651804,0.002326511563457697,20,0.08748000115156174,0.23632000386714935,0.09961210004985332,0.0924999974668026,0.031461097716522245,20,0.09936100244522095,0.10992000252008438,0.10203020013868809,0.10182000324130058,0.0024306037466521073,20,128,128,7168,2048,129280,True,False,False,8,4,7168,2048,generic,generic,,,CUDA_EVENT,BF16,method=fp8|act=dynamic|serialized=True|block=128x128
0.0221599992364645,0.07175999879837036,0.026769024971872567,0.023159999400377274,0.011729444630214553,40,0.006240000016987324,0.05448000133037567,0.010146000026725232,0.0063599999994039536,0.010904430706282053,20,0.15627999603748322,0.24720099568367004,0.17128624767065048,0.16675999760627747,0.022484482546513623,20,0.052400000393390656,0.21935999393463135,0.06801804974675178,0.05988000147044659,0.035211867045265764,20,0.11528000235557556,0.1459999978542328,0.12289414964616299,0.12079999968409538,0.0072162721193568405,20,0.009960000403225422,0.014399999752640724,0.012312000012025237,0.01245999988168478,0.0012398450833247996,20,0.058880001306533813,0.11456000059843063,0.06352804955095052,0.0601199995726347,0.011868276024742842,20,0.08207999914884567,0.09799999743700027,0.08740814961493015,0.08632050082087517,0.0037529728120516514,20,128,128,7168,2048,129280,True,False,False,4,4,7168,2048,generic,generic,,,CUDA_EVENT,BF16,method=fp8|act=dynamic|serialized=True|block=128x128
0.02151999995112419,0.08748099952936172,0.027261025086045266,0.022520000115036964,0.014783462693012018,40,0.006240000016987324,0.027639999985694885,0.008762000035494566,0.006379999918863177,0.005925760354363544,20,0.15503999590873718,0.2648800015449524,0.17714619785547256,0.17093999683856964,0.024859885807092166,20,0.05187999829649925,0.21427999436855316,0.0666060995310545,0.05814000032842159,0.03444874291414575,20,0.11699999868869781,0.14456099271774292,0.12087609954178333,0.11908049881458282,0.006002993679106428,20,0.010599999688565731,0.014440000057220459,0.012270049983635544,0.012180000077933073,0.0009112963195043863,20,0.053360000252723694,0.1008400022983551,0.05940415021032095,0.05747999995946884,0.00961356693324072,20,0.08235999941825867,0.10283999890089035,0.08626209981739522,0.08418000116944313,0.0052520194691904176,20,128,128,7168,2048,129280,True,False,False,2,4,7168,2048,generic,generic,,,CUDA_EVENT,BF16,method=fp8|act=dynamic|serialized=True|block=128x128
0.02127999998629093,0.07583999633789062,0.0265259999781847,0.022379999980330467,0.013002247649645136,40,0.006200000178068876,0.0225600004196167,0.008252000017091633,0.0064199999906122684,0.004251401653591858,20,0.15340100228786469,0.24743999540805817,0.17299019992351533,0.16674000024795532,0.02458165932936236,20,0.05379999801516533,0.23028099536895752,0.06952609978616238,0.059939999133348465,0.03761711577527029,20,0.11299999803304672,0.14292000234127045,0.1185042005032301,0.11665999889373779,0.006369551241825381,20,0.010119999758899212,0.013679999858140945,0.011994000058621168,0.012020000256597996,0.0008174375382633078,20,0.05375999957323074,0.13464100658893585,0.06069205030798912,0.056940000504255295,0.017039683656745925,20,0.0788009986281395,0.08963999897241592,0.08272419944405555,0.08201999962329865,0.002872713163870877,20,128,128,7168,2048,129280,True,False,False,1,4,7168,2048,generic,generic,,,CUDA_EVENT,BF16,method=fp8|act=dynamic|serialized=True|block=128x128
0.021159999072551727,0.11004000157117844,0.031644050031900406,0.025340000167489052,0.015704256660887664,40,0.01095999963581562,0.019280999898910522,0.013080050004646182,0.012159999925643206,0.002185914131618287,20,0.19388000667095184,0.2669200003147125,0.20231425017118454,0.19778000563383102,0.015832199774427434,20,0.0551999993622303,0.1157199963927269,0.06692414917051792,0.06477999687194824,0.01180665207871198,20,0.11851999908685684,0.1838800013065338,0.1264141507446766,0.12342050299048424,0.013675921029628979,20,0.010040000081062317,0.02223999984562397,0.012904000002890825,0.012300000060349703,0.0023159066942039703,20,0.0907600000500679,0.24368000030517578,0.10179404988884926,0.094200000166893,0.032635305033923444,20,0.08591999858617783,0.09591999650001526,0.08892604894936085,0.08812049776315689,0.002439533504232356,20,128,128,7168,2048,129280,True,False,False,128,8,7168,2048,generic,generic,,,CUDA_EVENT,BF16,method=fp8|act=dynamic|serialized=True|block=128x128
0.02443999983370304,0.1048400029540062,0.03164799986407161,0.027580000460147858,0.01371596822428359,40,0.010400000028312206,0.020400000736117363,0.012629999965429305,0.012060000095516443,0.0020338290527896347,20,0.19443999230861664,0.26124000549316406,0.20189619958400726,0.19638050347566605,0.015362881573923147,20,0.055879998952150345,0.10084100067615509,0.06624614987522363,0.06465999782085419,0.009012137040713283,20,0.11935999989509583,0.20204000174999237,0.12708624936640261,0.12280050292611122,0.017462863509058468,20,0.009879999794065952,0.0284000001847744,0.013649999955669045,0.012759999837726355,0.0037350422218256664,20,0.09080100059509277,0.1897609978914261,0.09767819978296757,0.09279999881982803,0.0211824771649793,20,0.08591999858617783,0.11795999854803085,0.08974609933793545,0.08795999735593796,0.006665763669846822,20,128,128,7168,2048,129280,True,False,False,120,8,7168,2048,generic,generic,,,CUDA_EVENT,BF16,method=fp8|act=dynamic|serialized=True|block=128x128
0.023959999904036522,0.08312000334262848,0.030846025003120302,0.02575999964028597,0.012669467258370837,40,0.006719999946653843,0.01916000060737133,0.01242999997921288,0.012160000391304493,0.002187377483277661,20,0.1953199952840805,0.25672000646591187,0.2024662509560585,0.19816049933433533,0.01355558409506601,20,0.05920000001788139,0.09291999787092209,0.06663404945284128,0.06420000270009041,0.0077192608170008154,20,0.11887999624013901,0.18279999494552612,0.12630209997296332,0.12305999919772148,0.01347675935554249,20,0.01131999958306551,0.02199999988079071,0.013251999858766794,0.01268000015988946,0.002321416737457544,20,0.08991999924182892,0.2128800004720688,0.09871409945189953,0.09307999908924103,0.02623881389356441,20,0.08275999873876572,0.11656100302934647,0.08965205065906048,0.08765999972820282,0.006627167924800182,20,128,128,7168,2048,129280,True,False,False,112,8,7168,2048,generic,generic,,,CUDA_EVENT,BF16,method=fp8|act=dynamic|serialized=True|block=128x128
0.023080000653862953,0.11992000043392181,0.032204024773091075,0.026439999230206013,0.016555198020076094,40,0.01104000024497509,0.02443999983370304,0.01358199999667704,0.012979999650269747,0.002794837357065625,20,0.19392000138759613,0.2528809905052185,0.20074425041675567,0.19607999920845032,0.013384054684305816,20,0.057840000838041306,0.08656000345945358,0.06465014982968569,0.06323999911546707,0.006218551029275527,20,0.11791999638080597,0.18196000158786774,0.12490220032632351,0.12096000090241432,0.013394908672319683,20,0.00851999968290329,0.02184000052511692,0.01257799998857081,0.012120000086724758,0.002480854015749993,20,0.09031999856233597,0.20444099605083466,0.09857224971055985,0.09245999902486801,0.02443586771213387,20,0.08451999723911285,0.13524000346660614,0.09016809985041618,0.08761999756097794,0.010518319984235195,20,128,128,7168,2048,129280,True,False,False,104,8,7168,2048,generic,generic,,,CUDA_EVENT,BF16,method=fp8|act=dynamic|serialized=True|block=128x128
0.02319999970495701,0.09960000216960907,0.0338730501011014,0.03192000091075897,0.014083239854825956,40,0.009440000168979168,0.05668000131845474,0.014604049921035766,0.012180499732494354,0.009749875149937382,20,0.19303999841213226,0.2581999897956848,0.19940214976668358,0.19585999846458435,0.013816790781671931,20,0.05908000096678734,0.0860000029206276,0.06569215003401041,0.06444049999117851,0.0060285975788835966,20,0.11804000288248062,0.2008800059556961,0.12611210010945798,0.12136000022292137,0.01744501349826618,20,0.01155999954789877,0.022600000724196434,0.01371599999256432,0.012519999872893095,0.0028993490121378114,20,0.09027999639511108,0.22443999350070953,0.0999941486865282,0.0936799980700016,0.02860389902560467,20,0.0785600021481514,0.13360099494457245,0.08403809852898121,0.08077999949455261,0.01158418373543984,20,128,128,7168,2048,129280,True,False,False,96,8,7168,2048,generic,generic,,,CUDA_EVENT,BF16,method=fp8|act=dynamic|serialized=True|block=128x128
0.023159999400377274,0.11575999855995178,0.034544024663046,0.029500000178813934,0.01654708360192309,40,0.011359999887645245,0.019519999623298645,0.012665999960154295,0.012120000086724758,0.0017349707934845413,20,0.1934410035610199,0.26100099086761475,0.19988419786095618,0.19594000279903412,0.01429855503561091,20,0.05623999983072281,0.09604000300168991,0.06676215045154095,0.06517999991774559,0.008182333298319452,20,0.11928100138902664,0.19979999959468842,0.12979015074670314,0.12209999933838844,0.020508944147732692,20,0.009159999899566174,0.023280000314116478,0.013057999964803457,0.012660000007599592,0.0025826645861057908,20,0.088639996945858,0.21780100464820862,0.09871219955384732,0.09245999902486801,0.027375468513379395,20,0.07912000268697739,0.1159600019454956,0.08330805040895939,0.08125999942421913,0.007668412068870742,20,128,128,7168,2048,129280,True,False,False,88,8,7168,2048,generic,generic,,,CUDA_EVENT,BF16,method=fp8|act=dynamic|serialized=True|block=128x128
0.0221599992364645,0.11156000196933746,0.03756607519462705,0.03710000030696392,0.016406310954331673,40,0.008799999952316284,0.018719999119639397,0.012349999882280827,0.012159999925643206,0.0017622654457330922,20,0.19144000113010406,0.25971999764442444,0.19990225061774253,0.19652000069618225,0.014126593922833296,20,0.0559999980032444,0.08752000331878662,0.06598404999822378,0.06563999876379967,0.006856997323255559,20,0.11627999693155289,0.1807200014591217,0.12585014887154103,0.12177999690175056,0.014290025939715184,20,0.007600000128149986,0.022120000794529915,0.012714000046253204,0.012580000329762697,0.0025456245957600414,20,0.08800099790096283,0.21267999708652496,0.09873620048165321,0.09233999997377396,0.026262592366596907,20,0.06623999774456024,0.12476000189781189,0.07519005015492439,0.07263999804854393,0.01163587622261592,20,128,128,7168,2048,129280,True,False,False,80,8,7168,2048,generic,generic,,,CUDA_EVENT,BF16,method=fp8|act=dynamic|serialized=True|block=128x128
0.022040000185370445,0.119159996509552,0.038006024714559314,0.038259999826550484,0.016536526754863928,40,0.010040000081062317,0.01916000060737133,0.012454050034284592,0.011839999817311764,0.002003624374390827,20,0.19300000369548798,0.2617209851741791,0.20080029889941214,0.19725999981164932,0.014392654427431668,20,0.060920000076293945,0.07400000095367432,0.06533004939556122,0.06418000161647797,0.004046430635065042,20,0.11791999638080597,0.18924100697040558,0.12652214877307416,0.12186049669981003,0.015497935493337483,20,0.010520000010728836,0.02319999970495701,0.013271999964490532,0.012420000042766333,0.00279655773437514,20,0.09115999937057495,0.21323999762535095,0.09914204999804496,0.09245999902486801,0.02622825775166632,20,0.07035999745130539,0.11123999953269958,0.07501609995961189,0.07298000156879425,0.008436217697596341,20,128,128,7168,2048,129280,True,False,False,72,8,7168,2048,generic,generic,,,CUDA_EVENT,BF16,method=fp8|act=dynamic|serialized=True|block=128x128
0.02263999916613102,0.11095999926328659,0.037855999823659656,0.03756000101566315,0.016101117409786755,40,0.01119999960064888,0.0188400000333786,0.012469999911263584,0.011919999960809946,0.0016579928437039028,20,0.18964099884033203,0.262719988822937,0.1995102994143963,0.1956999972462654,0.014898806544178739,20,0.05827999860048294,0.07559999823570251,0.06436605006456375,0.06399999931454659,0.003979271029768833,20,0.1170009970664978,0.1934799998998642,0.12625419944524766,0.12186000123620033,0.01639629327044283,20,0.011640000157058239,0.029440000653266907,0.01358005004003644,0.012439999729394913,0.0038482389814624048,20,0.08984000235795975,0.20103999972343445,0.09759804978966713,0.09192049875855446,0.02380205022576156,20,0.06911999732255936,0.10447999835014343,0.07305215001106262,0.07106050103902817,0.007375994562850191,20,128,128,7168,2048,129280,True,False,False,64,8,7168,2048,generic,generic,,,CUDA_EVENT,BF16,method=fp8|act=dynamic|serialized=True|block=128x128
0.02232000045478344,0.09715999662876129,0.03824602491222322,0.038960499688982964,0.014746033822275599,40,0.008559999987483025,0.015479999594390392,0.012212000042200088,0.012079999782145023,0.0013672219880264307,20,0.19332000613212585,0.25488001108169556,0.1994461990892887,0.19534049928188324,0.013329621214995358,20,0.05868000164628029,0.07391999661922455,0.06477805003523826,0.06534000113606453,0.004184219295163308,20,0.11776100099086761,0.19376100599765778,0.12665419951081275,0.12158000096678734,0.01669414484618406,20,0.011359999887645245,0.029079999774694443,0.013590000057592987,0.012740000151097775,0.003684581301415284,20,0.08903999626636505,0.23868000507354736,0.09957805015146733,0.09233999997377396,0.031953416808963866,20,0.06859999895095825,0.10372000187635422,0.07306610085070134,0.07107999920845032,0.0074128236626104845,20,128,128,7168,2048,129280,True,False,False,56,8,7168,2048,generic,generic,,,CUDA_EVENT,BF16,method=fp8|act=dynamic|serialized=True|block=128x128
0.022679999470710754,0.11720100045204163,0.039126050053164364,0.03711999952793121,0.01560580937158584,40,0.010520000010728836,0.027480000630021095,0.013008049875497817,0.012499999720603228,0.003432744153791191,20,0.19224099814891815,0.25672000646591187,0.19943225011229515,0.19628000259399414,0.013415116114733696,20,0.05787999927997589,0.0830800011754036,0.06529804952442646,0.06498000025749207,0.005050302222915432,20,0.11828000098466873,0.17608000338077545,0.126384249702096,0.12172000110149384,0.013503874087539983,20,0.00839999970048666,0.0200399998575449,0.012775999912992119,0.012499999720603228,0.0022120904539694127,20,0.08832000195980072,0.24271999299526215,0.0985560491681099,0.09045999869704247,0.03314909092960807,20,0.06496000289916992,0.10491999983787537,0.07035409994423389,0.06878050044178963,0.008206367656160663,20,128,128,7168,2048,129280,True,False,False,48,8,7168,2048,generic,generic,,,CUDA_EVENT,BF16,method=fp8|act=dynamic|serialized=True|block=128x128
0.023320000618696213,0.11896099895238876,0.03862607511691749,0.03759999945759773,0.014874597391065511,40,0.010639999993145466,0.01759999990463257,0.01228200001642108,0.011980000417679548,0.0014450176282020098,20,0.19200000166893005,0.25459998846054077,0.19886820018291473,0.19582000374794006,0.013133980333837628,20,0.05751999840140343,0.09092000126838684,0.06641804929822684,0.06530049815773964,0.007178263192782657,20,0.11824099719524384,0.20555999875068665,0.12747814916074277,0.122079998254776,0.01906598077908513,20,0.01128000020980835,0.029400000348687172,0.01346200006082654,0.012500000186264515,0.0037566895421156893,20,0.08696000277996063,0.21848000586032867,0.09686600081622601,0.09001999720931053,0.02798935705004881,20,0.06168000027537346,0.10251999646425247,0.07008009944111109,0.06808000057935715,0.008077457583224324,20,128,128,7168,2048,129280,True,False,False,40,8,7168,2048,generic,generic,,,CUDA_EVENT,BF16,method=fp8|act=dynamic|serialized=True|block=128x128
0.021159999072551727,0.0982000008225441,0.03698705001734197,0.03734000027179718,0.014275482092033021,40,0.007799999788403511,0.022679999470710754,0.012256000004708768,0.012000000104308128,0.002855490130630348,20,0.192440003156662,0.2713199853897095,0.1995861493051052,0.1953200027346611,0.01671122317512015,20,0.05956000089645386,0.08256100118160248,0.06532025001943112,0.06454049795866013,0.005316472553346971,20,0.11751999706029892,0.19303999841213226,0.1273060992360115,0.12198049947619438,0.016487976544973446,20,0.008559999987483025,0.024080000817775726,0.012662050081416965,0.012159999925643206,0.0028515943925443476,20,0.0854400023818016,0.22723999619483948,0.09673609994351864,0.0894399993121624,0.030034218120567665,20,0.06583999842405319,0.10440099984407425,0.07420815043151378,0.0725804977118969,0.007201831593527891,20,128,128,7168,2048,129280,True,False,False,32,8,7168,2048,generic,generic,,,CUDA_EVENT,BF16,method=fp8|act=dynamic|serialized=True|block=128x128
0.021880000829696655,0.12244000285863876,0.03789205010980368,0.037139998748898506,0.016331551547185883,40,0.008320000022649765,0.019840000197291374,0.012156000034883619,0.012120000086724758,0.0020816493896329462,20,0.19252100586891174,0.25332099199295044,0.19869429916143416,0.1948999986052513,0.013116460354657964,20,0.058079998940229416,0.09328000247478485,0.06584004927426576,0.06306000053882599,0.008082752182802399,20,0.11947999894618988,0.19935999810695648,0.12812619991600513,0.12182000279426575,0.017774484998826015,20,0.010200000368058681,0.023520000278949738,0.013278000056743622,0.01269999984651804,0.002580712355215748,20,0.08231999725103378,0.23252099752426147,0.09677819982171058,0.09013999998569489,0.031221280022267348,20,0.06651999801397324,0.10592000186443329,0.07327604927122593,0.0720600001513958,0.007766749635596399,20,128,128,7168,2048,129280,True,False,False,24,8,7168,2048,generic,generic,,,CUDA_EVENT,BF16,method=fp8|act=dynamic|serialized=True|block=128x128
0.028359999880194664,0.10939999669790268,0.0384470000397414,0.035600000992417336,0.014125414568882468,40,0.010599999688565731,0.02435999922454357,0.0134980000089854,0.012540000025182962,0.0029136773511814554,20,0.18884000182151794,0.2476010024547577,0.19700439944863318,0.1939999982714653,0.012116902872400782,20,0.05364000052213669,0.0868000015616417,0.06258800011128188,0.061899999156594276,0.0068891232717336985,20,0.11603999882936478,0.17599999904632568,0.1254461992532015,0.1203400008380413,0.015800884962746727,20,0.01128000020980835,0.022040000185370445,0.013238000078126788,0.01256000017747283,0.0022404811963294973,20,0.08512099832296371,0.2345609962940216,0.09744819961488246,0.08889999985694885,0.03175212418648015,20,0.06323999911546707,0.1133200004696846,0.06845814995467663,0.06631999835371971,0.010382452552264686,20,128,128,7168,2048,129280,True,False,False,16,8,7168,2048,generic,generic,,,CUDA_EVENT,BF16,method=fp8|act=dynamic|serialized=True|block=128x128
0.02524000033736229,0.10515999794006348,0.03691707486286759,0.036079999059438705,0.01321201925594627,40,0.010639999993145466,0.019199999049305916,0.012687999941408633,0.012020000256597996,0.0019777804752855494,20,0.1881600022315979,0.2608009874820709,0.19507220014929771,0.19142000377178192,0.015345082993360732,20,0.05959999933838844,0.09907999634742737,0.06674609929323197,0.06425999850034714,0.008403759809189346,20,0.11744000017642975,0.19040000438690186,0.1256340503692627,0.12040000036358833,0.01600720793000376,20,0.00872000027447939,0.02319999970495701,0.012942049978300929,0.01232000021263957,0.0026668740866741592,20,0.08511999994516373,0.23440000414848328,0.09737805053591728,0.0903800018131733,0.03157654272148668,20,0.06323999911546707,0.10024099797010422,0.0684421993792057,0.06630000099539757,0.007693863449311324,20,128,128,7168,2048,129280,True,False,False,8,8,7168,2048,generic,generic,,,CUDA_EVENT,BF16,method=fp8|act=dynamic|serialized=True|block=128x128
0.023280000314116478,0.09728000313043594,0.035846050130203366,0.03468000143766403,0.01664277662339104,40,0.00851999968290329,0.0284000001847744,0.012000000011175871,0.010720000136643648,0.0045519578965174815,20,0.17272000014781952,0.24552099406719208,0.18258220180869103,0.1754400059580803,0.02007120955442336,20,0.0530799999833107,0.21568000316619873,0.06780004967004061,0.059299999848008156,0.0343994696250411,20,0.11191999912261963,0.14828099310398102,0.11911819949746132,0.11624100059270859,0.008891988264725651,20,0.009999999776482582,0.0142000000923872,0.011956000002101064,0.011880000121891499,0.0010850917643800665,20,0.05352000147104263,0.11144000291824341,0.05795015022158623,0.055120499804615974,0.012315519200656558,20,0.05164000019431114,0.05716099962592125,0.0536940997466445,0.05344000086188316,0.0014871074529078613,20,128,128,7168,2048,129280,True,False,False,4,8,7168,2048,generic,generic,,,CUDA_EVENT,BF16,method=fp8|act=dynamic|serialized=True|block=128x128
0.02223999984562397,0.08256000280380249,0.034815025003626945,0.03381999954581261,0.014090949646160271,40,0.009639999829232693,0.026280000805854797,0.012038000067695976,0.010520000010728836,0.0038333793071658085,20,0.17080000042915344,0.2698409855365753,0.1824942983686924,0.17438049614429474,0.02608869414776625,20,0.050519999116659164,0.20611999928951263,0.0694660997018218,0.061420001089572906,0.032451432913258416,20,0.11451999843120575,0.14579999446868896,0.1195261999964714,0.11686000227928162,0.007420074000236189,20,0.01056000031530857,0.013399999588727951,0.012163999956101179,0.012159999925643206,0.0005601285187148211,20,0.05167999863624573,0.10220000147819519,0.05618799980729818,0.05355999991297722,0.010674291739865522,20,0.0488400012254715,0.06300000101327896,0.05100814960896969,0.050359999760985374,0.0028889788385104776,20,128,128,7168,2048,129280,True,False,False,2,8,7168,2048,generic,generic,,,CUDA_EVENT,BF16,method=fp8|act=dynamic|serialized=True|block=128x128
0.021239999681711197,0.08868099749088287,0.03576007452793419,0.03562000021338463,0.01677657780122545,40,0.00791999977082014,0.021399999037384987,0.011865999875590205,0.01131999958306551,0.00297023279713511,20,0.1664399951696396,0.26579999923706055,0.17851619869470597,0.16944000124931335,0.027645660483807604,20,0.05372000113129616,0.2340800017118454,0.0716620996594429,0.06080000102519989,0.03787107017734065,20,0.1106799989938736,0.14132000505924225,0.11836820058524608,0.1146400012075901,0.0076134711200228815,20,0.008919999934732914,0.015320000238716602,0.011987999966368078,0.011819999665021896,0.001343732173073869,20,0.050119999796152115,0.10339999943971634,0.05612005013972521,0.052799999713897705,0.011176990696003612,20,0.04667999967932701,0.05276000127196312,0.04970605000853538,0.049379998818039894,0.0015017208000606501,20,128,128,7168,2048,129280,True,False,False,1,8,7168,2048,generic,generic,,,CUDA_EVENT,BF16,method=fp8|act=dynamic|serialized=True|block=128x128
