num_tokens,stratum,band,tier
1,0,0,train
2,0,1,holdout
3,0,2,train
4,0,3,train
5,0,4,train
6,1,5,train
7,1,6,train
8,1,7,test
9,1,8,train
10,1,9,train
11,1,10,holdout
12,2,11,train
13,2,11,train
14,2,12,holdout
15,2,13,train
16,2,14,train
17,2,14,train
18,2,15,train
19,2,15,train
20,2,16,test
21,2,16,test
22,2,17,train
23,2,17,train
24,2,18,train
25,2,18,train
26,3,19,test
27,3,19,test
28,3,19,test
29,3,20,train
30,3,20,train
31,3,21,train
32,3,21,train
33,3,21,train
34,3,21,train
35,3,22,train
36,3,22,train
37,3,22,train
38,3,23,train
39,3,23,train
40,3,23,train
41,3,23,train
42,3,24,holdout
43,3,24,holdout
44,3,24,holdout
45,3,24,holdout
46,3,25,train
47,3,25,train
48,3,25,train
49,3,25,train
50,3,26,train
51,3,26,train
52,3,26,train
53,3,26,train
54,3,26,train
55,4,27,holdout
56,4,27,holdout
57,4,27,holdout
58,4,27,holdout
59,4,27,holdout
60,4,27,holdout
61,4,28,train
62,4,28,train
63,4,28,train
64,4,28,train
65,4,28,train
66,4,28,train
67,4,29,test
68,4,29,test
69,4,29,test
70,4,29,test
71,4,29,test
72,4,29,test
73,4,30,train
74,4,30,train
75,4,30,train
76,4,30,train
77,4,30,train
78,4,30,train
79,4,30,train
80,4,30,train
81,4,31,test
82,4,31,test
83,4,31,test
84,4,31,test
85,4,31,test
86,4,31,test
87,4,31,test
88,4,31,test
89,4,32,train
90,4,32,train
91,4,32,train
92,4,32,train
93,4,32,train
94,4,32,train
95,4,32,train
96,4,32,train
97,4,32,train
98,4,33,train
99,4,33,train
100,4,33,train
101,4,33,train
102,4,33,train
103,4,33,train
104,4,33,train
105,4,33,train
106,4,33,train
107,4,34,train
108,4,34,train
109,4,34,train
110,4,34,train
111,4,34,train
112,4,34,train
113,4,34,train
114,4,34,train
115,4,34,train
116,4,34,train
117,4,34,train
118,4,35,train
119,4,35,train
120,4,35,train
121,4,35,train
122,4,35,train
123,4,35,train
124,4,35,train
125,4,35,train
126,4,35,train
127,4,35,train
128,4,35,train
129,4,35,train
130,5,36,test
131,5,36,test
132,5,36,test
133,5,36,test
134,5,36,test
135,5,36,test
136,5,36,test
137,5,36,test
138,5,36,test
139,5,36,test
140,5,36,test
141,5,36,test
142,5,36,test
143,5,37,train
144,5,37,train
145,5,37,train
146,5,37,train
147,5,37,train
148,5,37,train
149,5,37,train
150,5,37,train
151,5,37,train
152,5,37,train
153,5,37,train
154,5,37,train
155,5,37,train
156,5,37,train
157,5,38,train
158,5,38,train
159,5,38,train
160,5,38,train
161,5,38,train
162,5,38,train
163,5,38,train
164,5,38,train
165,5,38,train
166,5,38,train
167,5,38,train
168,5,38,train
169,5,38,train
170,5,38,train
171,5,38,train
172,5,39,train
173,5,39,train
174,5,39,train
175,5,39,train
176,5,39,train
177,5,39,train
178,5,39,train
179,5,39,train
180,5,39,train
181,5,39,train
182,5,39,train
183,5,39,train
184,5,39,train
185,5,39,train
186,5,39,train
187,5,39,train
188,5,39,train
189,5,39,train
190,5,40,holdout
191,5,40,holdout
192,5,40,holdout
193,5,40,holdout
194,5,40,holdout
195,5,40,holdout
196,5,40,holdout
197,5,40,holdout
198,5,40,holdout
199,5,40,holdout
200,5,40,holdout
201,5,40,holdout
202,5,40,holdout
203,5,40,holdout
204,5,40,holdout
205,5,40,holdout
206,5,40,holdout
207,5,40,holdout
208,5,41,train
209,5,41,train
210,5,41,train
211,5,41,train
212,5,41,train
213,5,41,train
214,5,41,train
215,5,41,train
216,5,41,train
217,5,41,train
218,5,41,train
219,5,41,train
220,5,41,train
221,5,41,train
222,5,41,train
223,5,41,train
224,5,41,train
225,5,41,train
226,5,41,train
227,5,41,train
228,5,41,train
229,5,42,train
230,5,42,train
231,5,42,train
232,5,42,train
233,5,42,train
234,5,42,train
235,5,42,train
236,5,42,train
237,5,42,train
238,5,42,train
239,5,42,train
240,5,42,train
241,5,42,train
242,5,42,train
243,5,42,train
244,5,42,train
245,5,42,train
246,5,42,train
247,5,42,train
248,5,42,train
249,5,42,train
250,5,42,train
251,5,42,train
252,5,43,train
253,5,43,train
254,5,43,train
255,5,43,train
256,5,43,train
257,5,43,train
258,5,43,train
259,5,43,train
260,5,43,train
261,5,43,train
262,5,43,train
263,5,43,train
264,5,43,train
265,5,43,train
266,5,43,train
267,5,43,train
268,5,43,train
269,5,43,train
270,5,43,train
271,5,43,train
272,5,43,train
273,5,43,train
274,5,43,train
275,5,43,train
276,5,43,train
277,6,44,train
278,6,44,train
279,6,44,train
280,6,44,train
281,6,44,train
282,6,44,train
283,6,44,train
284,6,44,train
285,6,44,train
286,6,44,train
287,6,44,train
288,6,44,train
289,6,44,train
290,6,44,train
291,6,44,train
292,6,44,train
293,6,44,train
294,6,44,train
295,6,44,train
296,6,44,train
297,6,44,train
298,6,44,train
299,6,44,train
300,6,44,train
301,6,44,train
302,6,44,train
303,6,44,train
304,6,44,train
305,6,45,train
306,6,45,train
307,6,45,train
308,6,45,train
309,6,45,train
310,6,45,train
311,6,45,train
312,6,45,train
313,6,45,train
314,6,45,train
315,6,45,train
316,6,45,train
317,6,45,train
318,6,45,train
319,6,45,train
320,6,45,train
321,6,45,train
322,6,45,train
323,6,45,train
324,6,45,train
325,6,45,train
326,6,45,train
327,6,45,train
328,6,45,train
329,6,45,train
330,6,45,train
331,6,45,train
332,6,45,train
333,6,45,train
334,6,45,train
335,6,46,train
336,6,46,train
337,6,46,train
338,6,46,train
339,6,46,train
340,6,46,train
341,6,46,train
342,6,46,train
343,6,46,train
344,6,46,train
345,6,46,train
346,6,46,train
347,6,46,train
348,6,46,train
349,6,46,train
350,6,46,train
351,6,46,train
352,6,46,train
353,6,46,train
354,6,46,train
355,6,46,train
356,6,46,train
357,6,46,train
358,6,46,train
359,6,46,train
360,6,46,train
361,6,46,train
362,6,46,train
363,6,46,train
364,6,46,train
365,6,46,train
366,6,46,train
367,6,46,train
368,6,46,train
369,6,47,train
370,6,47,train
371,6,47,train
372,6,47,train
373,6,47,train
374,6,47,train
375,6,47,train
376,6,47,train
377,6,47,train
378,6,47,train
379,6,47,train
380,6,47,train
381,6,47,train
382,6,47,train
383,6,47,train
384,6,47,train
385,6,47,train
386,6,47,train
387,6,47,train
388,6,47,train
389,6,47,train
390,6,47,train
391,6,47,train
392,6,47,train
393,6,47,train
394,6,47,train
395,6,47,train
396,6,47,train
397,6,47,train
398,6,47,train
399,6,47,train
400,6,47,train
401,6,47,train
402,6,47,train
403,6,47,train
404,6,47,train
405,6,47,train
406,6,48,train
407,6,48,train
408,6,48,train
409,6,48,train
410,6,48,train
411,6,48,train
412,6,48,train
413,6,48,train
414,6,48,train
415,6,48,train
416,6,48,train
417,6,48,train
418,6,48,train
419,6,48,train
420,6,48,train
421,6,48,train
422,6,48,train
423,6,48,train
424,6,48,train
425,6,48,train
426,6,48,train
427,6,48,train
428,6,48,train
429,6,48,train
430,6,48,train
431,6,48,train
432,6,48,train
433,6,48,train
434,6,48,train
435,6,48,train
436,6,48,train
437,6,48,train
438,6,48,train
439,6,48,train
440,6,48,train
441,6,48,train
442,6,48,train
443,6,48,train
444,6,48,train
445,6,48,train
446,6,49,train
447,6,49,train
448,6,49,train
449,6,49,train
450,6,49,train
451,6,49,train
452,6,49,train
453,6,49,train
454,6,49,train
455,6,49,train
456,6,49,train
457,6,49,train
458,6,49,train
459,6,49,train
460,6,49,train
461,6,49,train
462,6,49,train
463,6,49,train
464,6,49,train
465,6,49,train
466,6,49,train
467,6,49,train
468,6,49,train
469,6,49,train
470,6,49,train
471,6,49,train
472,6,49,train
473,6,49,train
474,6,49,train
475,6,49,train
476,6,49,train
477,6,49,train
478,6,49,train
479,6,49,train
480,6,49,train
481,6,49,train
482,6,49,train
483,6,49,train
484,6,49,train
485,6,49,train
486,6,49,train
487,6,49,train
488,6,49,train
489,6,49,train
490,6,49,train
491,6,50,train
492,6,50,train
493,6,50,train
494,6,50,train
495,6,50,train
496,6,50,train
497,6,50,train
498,6,50,train
499,6,50,train
500,6,50,train
501,6,50,train
502,6,50,train
503,6,50,train
504,6,50,train
505,6,50,train
506,6,50,train
507,6,50,train
508,6,50,train
509,6,50,train
510,6,50,train
511,6,50,train
512,6,50,train
513,6,50,train
514,6,50,train
515,6,50,train
516,6,50,train
517,6,50,train
518,6,50,train
519,6,50,train
520,6,50,train
521,6,50,train
522,6,50,train
523,6,50,train
524,6,50,train
525,6,50,train
526,6,50,train
527,6,50,train
528,6,50,train
529,6,50,train
530,6,50,train
531,6,50,train
532,6,50,train
533,6,50,train
534,6,50,train
535,6,50,train
536,6,50,train
537,6,50,train
538,6,50,train
539,6,50,train
540,6,51,holdout
541,6,51,holdout
542,6,51,holdout
543,6,51,holdout
544,6,51,holdout
545,6,51,holdout
546,6,51,holdout
547,6,51,holdout
548,6,51,holdout
549,6,51,holdout
550,6,51,holdout
551,6,51,holdout
552,6,51,holdout
553,6,51,holdout
554,6,51,holdout
555,6,51,holdout
556,6,51,holdout
557,6,51,holdout
558,6,51,holdout
559,6,51,holdout
560,6,51,holdout
561,6,51,holdout
562,6,51,holdout
563,6,51,holdout
564,6,51,holdout
565,6,51,holdout
566,6,51,holdout
567,6,51,holdout
568,6,51,holdout
569,6,51,holdout
570,6,51,holdout
571,6,51,holdout
572,6,51,holdout
573,6,51,holdout
574,6,51,holdout
575,6,51,holdout
576,6,51,holdout
577,6,51,holdout
578,6,51,holdout
579,6,51,holdout
580,6,51,holdout
581,6,51,holdout
582,6,51,holdout
583,6,51,holdout
584,6,51,holdout
585,6,51,holdout
586,6,51,holdout
587,6,51,holdout
588,6,51,holdout
589,6,51,holdout
590,6,51,holdout
591,6,51,holdout
592,6,51,holdout
593,6,51,holdout
594,6,52,test
595,6,52,test
596,6,52,test
597,6,52,test
598,6,52,test
599,6,52,test
600,6,52,test
601,6,52,test
602,6,52,test
603,6,52,test
604,6,52,test
605,6,52,test
606,6,52,test
607,6,52,test
608,6,52,test
609,6,52,test
610,6,52,test
611,6,52,test
612,6,52,test
613,6,52,test
614,6,52,test
615,6,52,test
616,6,52,test
617,6,52,test
618,6,52,test
619,6,52,test
620,6,52,test
621,6,52,test
622,6,52,test
623,6,52,test
624,6,52,test
625,6,52,test
626,6,52,test
627,6,52,test
628,6,52,test
629,6,52,test
630,6,52,test
631,6,52,test
632,6,52,test
633,6,52,test
634,6,52,test
635,6,52,test
636,6,52,test
637,6,52,test
638,6,52,test
639,6,52,test
640,6,52,test
641,6,52,test
642,6,52,test
643,6,52,test
644,6,52,test
645,6,52,test
646,6,52,test
647,6,52,test
648,6,52,test
649,6,52,test
650,6,52,test
651,6,52,test
652,6,52,test
653,7,53,train
654,7,53,train
655,7,53,train
656,7,53,train
657,7,53,train
658,7,53,train
659,7,53,train
660,7,53,train
661,7,53,train
662,7,53,train
663,7,53,train
664,7,53,train
665,7,53,train
666,7,53,train
667,7,53,train
668,7,53,train
669,7,53,train
670,7,53,train
671,7,53,train
672,7,53,train
673,7,53,train
674,7,53,train
675,7,53,train
676,7,53,train
677,7,53,train
678,7,53,train
679,7,53,train
680,7,53,train
681,7,53,train
682,7,53,train
683,7,53,train
684,7,53,train
685,7,53,train
686,7,53,train
687,7,53,train
688,7,53,train
689,7,53,train
690,7,53,train
691,7,53,train
692,7,53,train
693,7,53,train
694,7,53,train
695,7,53,train
696,7,53,train
697,7,53,train
698,7,53,train
699,7,53,train
700,7,53,train
701,7,53,train
702,7,53,train
703,7,53,train
704,7,53,train
705,7,53,train
706,7,53,train
707,7,53,train
708,7,53,train
709,7,53,train
710,7,53,train
711,7,53,train
712,7,53,train
713,7,53,train
714,7,53,train
715,7,53,train
716,7,53,train
717,7,53,train
718,7,54,train
719,7,54,train
720,7,54,train
721,7,54,train
722,7,54,train
723,7,54,train
724,7,54,train
725,7,54,train
726,7,54,train
727,7,54,train
728,7,54,train
729,7,54,train
730,7,54,train
731,7,54,train
732,7,54,train
733,7,54,train
734,7,54,train
735,7,54,train
736,7,54,train
737,7,54,train
738,7,54,train
739,7,54,train
740,7,54,train
741,7,54,train
742,7,54,train
743,7,54,train
744,7,54,train
745,7,54,train
746,7,54,train
747,7,54,train
748,7,54,train
749,7,54,train
750,7,54,train
751,7,54,train
752,7,54,train
753,7,54,train
754,7,54,train
755,7,54,train
756,7,54,train
757,7,54,train
758,7,54,train
759,7,54,train
760,7,54,train
761,7,54,train
762,7,54,train
763,7,54,train
764,7,54,train
765,7,54,train
766,7,54,train
767,7,54,train
768,7,54,train
769,7,54,train
770,7,54,train
771,7,54,train
772,7,54,train
773,7,54,train
774,7,54,train
775,7,54,train
776,7,54,train
777,7,54,train
778,7,54,train
779,7,54,train
780,7,54,train
781,7,54,train
782,7,54,train
783,7,54,train
784,7,54,train
785,7,54,train
786,7,54,train
787,7,54,train
788,7,54,train
789,7,54,train
790,7,55,train
791,7,55,train
792,7,55,train
793,7,55,train
794,7,55,train
795,7,55,train
796,7,55,train
797,7,55,train
798,7,55,train
799,7,55,train
800,7,55,train
801,7,55,train
802,7,55,train
803,7,55,train
804,7,55,train
805,7,55,train
806,7,55,train
807,7,55,train
808,7,55,train
809,7,55,train
810,7,55,train
811,7,55,train
812,7,55,train
813,7,55,train
814,7,55,train
815,7,55,train
816,7,55,train
817,7,55,train
818,7,55,train
819,7,55,train
820,7,55,train
821,7,55,train
822,7,55,train
823,7,55,train
824,7,55,train
825,7,55,train
826,7,55,train
827,7,55,train
828,7,55,train
829,7,55,train
830,7,55,train
831,7,55,train
832,7,55,train
833,7,55,train
834,7,55,train
835,7,55,train
836,7,55,train
837,7,55,train
838,7,55,train
839,7,55,train
840,7,55,train
841,7,55,train
842,7,55,train
843,7,55,train
844,7,55,train
845,7,55,train
846,7,55,train
847,7,55,train
848,7,55,train
849,7,55,train
850,7,55,train
851,7,55,train
852,7,55,train
853,7,55,train
854,7,55,train
855,7,55,train
856,7,55,train
857,7,55,train
858,7,55,train
859,7,55,train
860,7,55,train
861,7,55,train
862,7,55,train
863,7,55,train
864,7,55,train
865,7,55,train
866,7,55,train
867,7,55,train
868,7,55,train
869,7,56,train
870,7,56,train
871,7,56,train
872,7,56,train
873,7,56,train
874,7,56,train
875,7,56,train
876,7,56,train
877,7,56,train
878,7,56,train
879,7,56,train
880,7,56,train
881,7,56,train
882,7,56,train
883,7,56,train
884,7,56,train
885,7,56,train
886,7,56,train
887,7,56,train
888,7,56,train
889,7,56,train
890,7,56,train
891,7,56,train
892,7,56,train
893,7,56,train
894,7,56,train
895,7,56,train
896,7,56,train
897,7,56,train
898,7,56,train
899,7,56,train
900,7,56,train
901,7,56,train
902,7,56,train
903,7,56,train
904,7,56,train
905,7,56,train
906,7,56,train
907,7,56,train
908,7,56,train
909,7,56,train
910,7,56,train
911,7,56,train
912,7,56,train
913,7,56,train
914,7,56,train
915,7,56,train
916,7,56,train
917,7,56,train
918,7,56,train
919,7,56,train
920,7,56,train
921,7,56,train
922,7,56,train
923,7,56,train
924,7,56,train
925,7,56,train
926,7,56,train
927,7,56,train
928,7,56,train
929,7,56,train
930,7,56,train
931,7,56,train
932,7,56,train
933,7,56,train
934,7,56,train
935,7,56,train
936,7,56,train
937,7,56,train
938,7,56,train
939,7,56,train
940,7,56,train
941,7,56,train
942,7,56,train
943,7,56,train
944,7,56,train
945,7,56,train
946,7,56,train
947,7,56,train
948,7,56,train
949,7,56,train
950,7,56,train
951,7,56,train
952,7,56,train
953,7,56,train
954,7,56,train
955,7,56,train
956,7,57,test
957,7,57,test
958,7,57,test
959,7,57,test
960,7,57,test
961,7,57,test
962,7,57,test
963,7,57,test
964,7,57,test
965,7,57,test
966,7,57,test
967,7,57,test
968,7,57,test
969,7,57,test
970,7,57,test
971,7,57,test
972,7,57,test
973,7,57,test
974,7,57,test
975,7,57,test
976,7,57,test
977,7,57,test
978,7,57,test
979,7,57,test
980,7,57,test
981,7,57,test
982,7,57,test
983,7,57,test
984,7,57,test
985,7,57,test
986,7,57,test
987,7,57,test
988,7,57,test
989,7,57,test
990,7,57,test
991,7,57,test
992,7,57,test
993,7,57,test
994,7,57,test
995,7,57,test
996,7,57,test
997,7,57,test
998,7,57,test
999,7,57,test
1000,7,57,test
1001,7,57,test
1002,7,57,test
1003,7,57,test
1004,7,57,test
1005,7,57,test
1006,7,57,test
1007,7,57,test
1008,7,57,test
1009,7,57,test
1010,7,57,test
1011,7,57,test
1012,7,57,test
1013,7,57,test
1014,7,57,test
1015,7,57,test
1016,7,57,test
1017,7,57,test
1018,7,57,test
1019,7,57,test
1020,7,57,test
1021,7,57,test
1022,7,57,test
1023,7,57,test
1024,7,57,test
1025,7,57,test
1026,7,57,test
1027,7,57,test
1028,7,57,test
1029,7,57,test
1030,7,57,test
1031,7,57,test
1032,7,57,test
1033,7,57,test
1034,7,57,test
1035,7,57,test
1036,7,57,test
1037,7,57,test
1038,7,57,test
1039,7,57,test
1040,7,57,test
1041,7,57,test
1042,7,57,test
1043,7,57,test
1044,7,57,test
1045,7,57,test
1046,7,57,test
1047,7,57,test
1048,7,57,test
1049,7,57,test
1050,7,57,test
1051,7,57,test
1052,7,58,train
1053,7,58,train
1054,7,58,train
1055,7,58,train
1056,7,58,train
1057,7,58,train
1058,7,58,train
1059,7,58,train
1060,7,58,train
1061,7,58,train
1062,7,58,train
1063,7,58,train
1064,7,58,train
1065,7,58,train
1066,7,58,train
1067,7,58,train
1068,7,58,train
1069,7,58,train
1070,7,58,train
1071,7,58,train
1072,7,58,train
1073,7,58,train
1074,7,58,train
1075,7,58,train
1076,7,58,train
1077,7,58,train
1078,7,58,train
1079,7,58,train
1080,7,58,train
1081,7,58,train
1082,7,58,train
1083,7,58,train
1084,7,58,train
1085,7,58,train
1086,7,58,train
1087,7,58,train
1088,7,58,train
1089,7,58,train
1090,7,58,train
1091,7,58,train
1092,7,58,train
1093,7,58,train
1094,7,58,train
1095,7,58,train
1096,7,58,train
1097,7,58,train
1098,7,58,train
1099,7,58,train
1100,7,58,train
1101,7,58,train
1102,7,58,train
1103,7,58,train
1104,7,58,train
1105,7,58,train
1106,7,58,train
1107,7,58,train
1108,7,58,train
1109,7,58,train
1110,7,58,train
1111,7,58,train
1112,7,58,train
1113,7,58,train
1114,7,58,train
1115,7,58,train
1116,7,58,train
1117,7,58,train
1118,7,58,train
1119,7,58,train
1120,7,58,train
1121,7,58,train
1122,7,58,train
1123,7,58,train
1124,7,58,train
1125,7,58,train
1126,7,58,train
1127,7,58,train
1128,7,58,train
1129,7,58,train
1130,7,58,train
1131,7,58,train
1132,7,58,train
1133,7,58,train
1134,7,58,train
1135,7,58,train
1136,7,58,train
1137,7,58,train
1138,7,58,train
1139,7,58,train
1140,7,58,train
1141,7,58,train
1142,7,58,train
1143,7,58,train
1144,7,58,train
1145,7,58,train
1146,7,58,train
1147,7,58,train
1148,7,58,train
1149,7,58,train
1150,7,58,train
1151,7,58,train
1152,7,58,train
1153,7,58,train
1154,7,58,train
1155,7,58,train
1156,7,58,train
1157,7,59,holdout
1158,7,59,holdout
1159,7,59,holdout
1160,7,59,holdout
1161,7,59,holdout
1162,7,59,holdout
1163,7,59,holdout
1164,7,59,holdout
1165,7,59,holdout
1166,7,59,holdout
1167,7,59,holdout
1168,7,59,holdout
1169,7,59,holdout
1170,7,59,holdout
1171,7,59,holdout
1172,7,59,holdout
1173,7,59,holdout
1174,7,59,holdout
1175,7,59,holdout
1176,7,59,holdout
1177,7,59,holdout
1178,7,59,holdout
1179,7,59,holdout
1180,7,59,holdout
1181,7,59,holdout
1182,7,59,holdout
1183,7,59,holdout
1184,7,59,holdout
1185,7,59,holdout
1186,7,59,holdout
1187,7,59,holdout
1188,7,59,holdout
1189,7,59,holdout
1190,7,59,holdout
1191,7,59,holdout
1192,7,59,holdout
1193,7,59,holdout
1194,7,59,holdout
1195,7,59,holdout
1196,7,59,holdout
1197,7,59,holdout
1198,7,59,holdout
1199,7,59,holdout
1200,7,59,holdout
1201,7,59,holdout
1202,7,59,holdout
1203,7,59,holdout
1204,7,59,holdout
1205,7,59,holdout
1206,7,59,holdout
1207,7,59,holdout
1208,7,59,holdout
1209,7,59,holdout
1210,7,59,holdout
1211,7,59,holdout
1212,7,59,holdout
1213,7,59,holdout
1214,7,59,holdout
1215,7,59,holdout
1216,7,59,holdout
1217,7,59,holdout
1218,7,59,holdout
1219,7,59,holdout
1220,7,59,holdout
1221,7,59,holdout
1222,7,59,holdout
1223,7,59,holdout
1224,7,59,holdout
1225,7,59,holdout
1226,7,59,holdout
1227,7,59,holdout
1228,7,59,holdout
1229,7,59,holdout
1230,7,59,holdout
1231,7,59,holdout
1232,7,59,holdout
1233,7,59,holdout
1234,7,59,holdout
1235,7,59,holdout
1236,7,59,holdout
1237,7,59,holdout
1238,7,59,holdout
1239,7,59,holdout
1240,7,59,holdout
1241,7,59,holdout
1242,7,59,holdout
1243,7,59,holdout
1244,7,59,holdout
1245,7,59,holdout
1246,7,59,holdout
1247,7,59,holdout
1248,7,59,holdout
1249,7,59,holdout
1250,7,59,holdout
1251,7,59,holdout
1252,7,59,holdout
1253,7,59,holdout
1254,7,59,holdout
1255,7,59,holdout
1256,7,59,holdout
1257,7,59,holdout
1258,7,59,holdout
1259,7,59,holdout
1260,7,59,holdout
1261,7,59,holdout
1262,7,59,holdout
1263,7,59,holdout
1264,7,59,holdout
1265,7,59,holdout
1266,7,59,holdout
1267,7,59,holdout
1268,7,59,holdout
1269,7,59,holdout
1270,7,59,holdout
1271,7,59,holdout
1272,7,60,train
1273,7,60,train
1274,7,60,train
1275,7,60,train
1276,7,60,train
1277,7,60,train
1278,7,60,train
1279,7,60,train
1280,7,60,train
1281,7,60,train
1282,7,60,train
1283,7,60,train
1284,7,60,train
1285,7,60,train
1286,7,60,train
1287,7,60,train
1288,7,60,train
1289,7,60,train
1290,7,60,train
1291,7,60,train
1292,7,60,train
1293,7,60,train
1294,7,60,train
1295,7,60,train
1296,7,60,train
1297,7,60,train
1298,7,60,train
1299,7,60,train
1300,7,60,train
1301,7,60,train
1302,7,60,train
1303,7,60,train
1304,7,60,train
1305,7,60,train
1306,7,60,train
1307,7,60,train
1308,7,60,train
1309,7,60,train
1310,7,60,train
1311,7,60,train
1312,7,60,train
1313,7,60,train
1314,7,60,train
1315,7,60,train
1316,7,60,train
1317,7,60,train
1318,7,60,train
1319,7,60,train
1320,7,60,train
1321,7,60,train
1322,7,60,train
1323,7,60,train
1324,7,60,train
1325,7,60,train
1326,7,60,train
1327,7,60,train
1328,7,60,train
1329,7,60,train
1330,7,60,train
1331,7,60,train
1332,7,60,train
1333,7,60,train
1334,7,60,train
1335,7,60,train
1336,7,60,train
1337,7,60,train
1338,7,60,train
1339,7,60,train
1340,7,60,train
1341,7,60,train
1342,7,60,train
1343,7,60,train
1344,7,60,train
1345,7,60,train
1346,7,60,train
1347,7,60,train
1348,7,60,train
1349,7,60,train
1350,7,60,train
1351,7,60,train
1352,7,60,train
1353,7,60,train
1354,7,60,train
1355,7,60,train
1356,7,60,train
1357,7,60,train
1358,7,60,train
1359,7,60,train
1360,7,60,train
1361,7,60,train
1362,7,60,train
1363,7,60,train
1364,7,60,train
1365,7,60,train
1366,7,60,train
1367,7,60,train
1368,7,60,train
1369,7,60,train
1370,7,60,train
1371,7,60,train
1372,7,60,train
1373,7,60,train
1374,7,60,train
1375,7,60,train
1376,7,60,train
1377,7,60,train
1378,7,60,train
1379,7,60,train
1380,7,60,train
1381,7,60,train
1382,7,60,train
1383,7,60,train
1384,7,60,train
1385,7,60,train
1386,7,60,train
1387,7,60,train
1388,7,60,train
1389,7,60,train
1390,7,60,train
1391,7,60,train
1392,7,60,train
1393,7,60,train
1394,7,60,train
1395,7,60,train
1396,7,60,train
1397,7,60,train
1398,7,60,train
1399,7,60,train
1400,8,61,train
1401,8,61,train
1402,8,61,train
1403,8,61,train
1404,8,61,train
1405,8,61,train
1406,8,61,train
1407,8,61,train
1408,8,61,train
1409,8,61,train
1410,8,61,train
1411,8,61,train
1412,8,61,train
1413,8,61,train
1414,8,61,train
1415,8,61,train
1416,8,61,train
1417,8,61,train
1418,8,61,train
1419,8,61,train
1420,8,61,train
1421,8,61,train
1422,8,61,train
1423,8,61,train
1424,8,61,train
1425,8,61,train
1426,8,61,train
1427,8,61,train
1428,8,61,train
1429,8,61,train
1430,8,61,train
1431,8,61,train
1432,8,61,train
1433,8,61,train
1434,8,61,train
1435,8,61,train
1436,8,61,train
1437,8,61,train
1438,8,61,train
1439,8,61,train
1440,8,61,train
1441,8,61,train
1442,8,61,train
1443,8,61,train
1444,8,61,train
1445,8,61,train
1446,8,61,train
1447,8,61,train
1448,8,61,train
1449,8,61,train
1450,8,61,train
1451,8,61,train
1452,8,61,train
1453,8,61,train
1454,8,61,train
1455,8,61,train
1456,8,61,train
1457,8,61,train
1458,8,61,train
1459,8,61,train
1460,8,61,train
1461,8,61,train
1462,8,61,train
1463,8,61,train
1464,8,61,train
1465,8,61,train
1466,8,61,train
1467,8,61,train
1468,8,61,train
1469,8,61,train
1470,8,61,train
1471,8,61,train
1472,8,61,train
1473,8,61,train
1474,8,61,train
1475,8,61,train
1476,8,61,train
1477,8,61,train
1478,8,61,train
1479,8,61,train
1480,8,61,train
1481,8,61,train
1482,8,61,train
1483,8,61,train
1484,8,61,train
1485,8,61,train
1486,8,61,train
1487,8,61,train
1488,8,61,train
1489,8,61,train
1490,8,61,train
1491,8,61,train
1492,8,61,train
1493,8,61,train
1494,8,61,train
1495,8,61,train
1496,8,61,train
1497,8,61,train
1498,8,61,train
1499,8,61,train
1500,8,61,train
1501,8,61,train
1502,8,61,train
1503,8,61,train
1504,8,61,train
1505,8,61,train
1506,8,61,train
1507,8,61,train
1508,8,61,train
1509,8,61,train
1510,8,61,train
1511,8,61,train
1512,8,61,train
1513,8,61,train
1514,8,61,train
1515,8,61,train
1516,8,61,train
1517,8,61,train
1518,8,61,train
1519,8,61,train
1520,8,61,train
1521,8,61,train
1522,8,61,train
1523,8,61,train
1524,8,61,train
1525,8,61,train
1526,8,61,train
1527,8,61,train
1528,8,61,train
1529,8,61,train
1530,8,61,train
1531,8,61,train
1532,8,61,train
1533,8,61,train
1534,8,61,train
1535,8,61,train
1536,8,61,train
1537,8,61,train
1538,8,61,train
1539,8,62,train
1540,8,62,train
1541,8,62,train
1542,8,62,train
1543,8,62,train
1544,8,62,train
1545,8,62,train
1546,8,62,train
1547,8,62,train
1548,8,62,train
1549,8,62,train
1550,8,62,train
1551,8,62,train
1552,8,62,train
1553,8,62,train
1554,8,62,train
1555,8,62,train
1556,8,62,train
1557,8,62,train
1558,8,62,train
1559,8,62,train
1560,8,62,train
1561,8,62,train
1562,8,62,train
1563,8,62,train
1564,8,62,train
1565,8,62,train
1566,8,62,train
1567,8,62,train
1568,8,62,train
1569,8,62,train
1570,8,62,train
1571,8,62,train
1572,8,62,train
1573,8,62,train
1574,8,62,train
1575,8,62,train
1576,8,62,train
1577,8,62,train
1578,8,62,train
1579,8,62,train
1580,8,62,train
1581,8,62,train
1582,8,62,train
1583,8,62,train
1584,8,62,train
1585,8,62,train
1586,8,62,train
1587,8,62,train
1588,8,62,train
1589,8,62,train
1590,8,62,train
1591,8,62,train
1592,8,62,train
1593,8,62,train
1594,8,62,train
1595,8,62,train
1596,8,62,train
1597,8,62,train
1598,8,62,train
1599,8,62,train
1600,8,62,train
1601,8,62,train
1602,8,62,train
1603,8,62,train
1604,8,62,train
1605,8,62,train
1606,8,62,train
1607,8,62,train
1608,8,62,train
1609,8,62,train
1610,8,62,train
1611,8,62,train
1612,8,62,train
1613,8,62,train
1614,8,62,train
1615,8,62,train
1616,8,62,train
1617,8,62,train
1618,8,62,train
1619,8,62,train
1620,8,62,train
1621,8,62,train
1622,8,62,train
1623,8,62,train
1624,8,62,train
1625,8,62,train
1626,8,62,train
1627,8,62,train
1628,8,62,train
1629,8,62,train
1630,8,62,train
1631,8,62,train
1632,8,62,train
1633,8,62,train
1634,8,62,train
1635,8,62,train
1636,8,62,train
1637,8,62,train
1638,8,62,train
1639,8,62,train
1640,8,62,train
1641,8,62,train
1642,8,62,train
1643,8,62,train
1644,8,62,train
1645,8,62,train
1646,8,62,train
1647,8,62,train
1648,8,62,train
1649,8,62,train
1650,8,62,train
1651,8,62,train
1652,8,62,train
1653,8,62,train
1654,8,62,train
1655,8,62,train
1656,8,62,train
1657,8,62,train
1658,8,62,train
1659,8,62,train
1660,8,62,train
1661,8,62,train
1662,8,62,train
1663,8,62,train
1664,8,62,train
1665,8,62,train
1666,8,62,train
1667,8,62,train
1668,8,62,train
1669,8,62,train
1670,8,62,train
1671,8,62,train
1672,8,62,train
1673,8,62,train
1674,8,62,train
1675,8,62,train
1676,8,62,train
1677,8,62,train
1678,8,62,train
1679,8,62,train
1680,8,62,train
1681,8,62,train
1682,8,62,train
1683,8,62,train
1684,8,62,train
1685,8,62,train
1686,8,62,train
1687,8,62,train
1688,8,62,train
1689,8,62,train
1690,8,62,train
1691,8,62,train
1692,8,62,train
1693,8,63,test
1694,8,63,test
1695,8,63,test
1696,8,63,test
1697,8,63,test
1698,8,63,test
1699,8,63,test
1700,8,63,test
1701,8,63,test
1702,8,63,test
1703,8,63,test
1704,8,63,test
1705,8,63,test
1706,8,63,test
1707,8,63,test
1708,8,63,test
1709,8,63,test
1710,8,63,test
1711,8,63,test
1712,8,63,test
1713,8,63,test
1714,8,63,test
1715,8,63,test
1716,8,63,test
1717,8,63,test
1718,8,63,test
1719,8,63,test
1720,8,63,test
1721,8,63,test
1722,8,63,test
1723,8,63,test
1724,8,63,test
1725,8,63,test
1726,8,63,test
1727,8,63,test
1728,8,63,test
1729,8,63,test
1730,8,63,test
1731,8,63,test
1732,8,63,test
1733,8,63,test
1734,8,63,test
1735,8,63,test
1736,8,63,test
1737,8,63,test
1738,8,63,test
1739,8,63,test
1740,8,63,test
1741,8,63,test
1742,8,63,test
1743,8,63,test
1744,8,63,test
1745,8,63,test
1746,8,63,test
1747,8,63,test
1748,8,63,test
1749,8,63,test
1750,8,63,test
1751,8,63,test
1752,8,63,test
1753,8,63,test
1754,8,63,test
1755,8,63,test
1756,8,63,test
1757,8,63,test
1758,8,63,test
1759,8,63,test
1760,8,63,test
1761,8,63,test
1762,8,63,test
1763,8,63,test
1764,8,63,test
1765,8,63,test
1766,8,63,test
1767,8,63,test
1768,8,63,test
1769,8,63,test
1770,8,63,test
1771,8,63,test
1772,8,63,test
1773,8,63,test
1774,8,63,test
1775,8,63,test
1776,8,63,test
1777,8,63,test
1778,8,63,test
1779,8,63,test
1780,8,63,test
1781,8,63,test
1782,8,63,test
1783,8,63,test
1784,8,63,test
1785,8,63,test
1786,8,63,test
1787,8,63,test
1788,8,63,test
1789,8,63,test
1790,8,63,test
1791,8,63,test
1792,8,63,test
1793,8,63,test
1794,8,63,test
1795,8,63,test
1796,8,63,test
1797,8,63,test
1798,8,63,test
1799,8,63,test
1800,8,63,test
1801,8,63,test
1802,8,63,test
1803,8,63,test
1804,8,63,test
1805,8,63,test
1806,8,63,test
1807,8,63,test
1808,8,63,test
1809,8,63,test
1810,8,63,test
1811,8,63,test
1812,8,63,test
1813,8,63,test
1814,8,63,test
1815,8,63,test
1816,8,63,test
1817,8,63,test
1818,8,63,test
1819,8,63,test
1820,8,63,test
1821,8,63,test
1822,8,63,test
1823,8,63,test
1824,8,63,test
1825,8,63,test
1826,8,63,test
1827,8,63,test
1828,8,63,test
1829,8,63,test
1830,8,63,test
1831,8,63,test
1832,8,63,test
1833,8,63,test
1834,8,63,test
1835,8,63,test
1836,8,63,test
1837,8,63,test
1838,8,63,test
1839,8,63,test
1840,8,63,test
1841,8,63,test
1842,8,63,test
1843,8,63,test
1844,8,63,test
1845,8,63,test
1846,8,63,test
1847,8,63,test
1848,8,63,test
1849,8,63,test
1850,8,63,test
1851,8,63,test
1852,8,63,test
1853,8,63,test
1854,8,63,test
1855,8,63,test
1856,8,63,test
1857,8,63,test
1858,8,63,test
1859,8,63,test
1860,8,63,test
1861,8,63,test
1862,8,63,test
1863,8,64,train
1864,8,64,train
1865,8,64,train
1866,8,64,train
1867,8,64,train
1868,8,64,train
1869,8,64,train
1870,8,64,train
1871,8,64,train
1872,8,64,train
1873,8,64,train
1874,8,64,train
1875,8,64,train
1876,8,64,train
1877,8,64,train
1878,8,64,train
1879,8,64,train
1880,8,64,train
1881,8,64,train
1882,8,64,train
1883,8,64,train
1884,8,64,train
1885,8,64,train
1886,8,64,train
1887,8,64,train
1888,8,64,train
1889,8,64,train
1890,8,64,train
1891,8,64,train
1892,8,64,train
1893,8,64,train
1894,8,64,train
1895,8,64,train
1896,8,64,train
1897,8,64,train
1898,8,64,train
1899,8,64,train
1900,8,64,train
1901,8,64,train
1902,8,64,train
1903,8,64,train
1904,8,64,train
1905,8,64,train
1906,8,64,train
1907,8,64,train
1908,8,64,train
1909,8,64,train
1910,8,64,train
1911,8,64,train
1912,8,64,train
1913,8,64,train
1914,8,64,train
1915,8,64,train
1916,8,64,train
1917,8,64,train
1918,8,64,train
1919,8,64,train
1920,8,64,train
1921,8,64,train
1922,8,64,train
1923,8,64,train
1924,8,64,train
1925,8,64,train
1926,8,64,train
1927,8,64,train
1928,8,64,train
1929,8,64,train
1930,8,64,train
1931,8,64,train
1932,8,64,train
1933,8,64,train
1934,8,64,train
1935,8,64,train
1936,8,64,train
1937,8,64,train
1938,8,64,train
1939,8,64,train
1940,8,64,train
1941,8,64,train
1942,8,64,train
1943,8,64,train
1944,8,64,train
1945,8,64,train
1946,8,64,train
1947,8,64,train
1948,8,64,train
1949,8,64,train
1950,8,64,train
1951,8,64,train
1952,8,64,train
1953,8,64,train
1954,8,64,train
1955,8,64,train
1956,8,64,train
1957,8,64,train
1958,8,64,train
1959,8,64,train
1960,8,64,train
1961,8,64,train
1962,8,64,train
1963,8,64,train
1964,8,64,train
1965,8,64,train
1966,8,64,train
1967,8,64,train
1968,8,64,train
1969,8,64,train
1970,8,64,train
1971,8,64,train
1972,8,64,train
1973,8,64,train
1974,8,64,train
1975,8,64,train
1976,8,64,train
1977,8,64,train
1978,8,64,train
1979,8,64,train
1980,8,64,train
1981,8,64,train
1982,8,64,train
1983,8,64,train
1984,8,64,train
1985,8,64,train
1986,8,64,train
1987,8,64,train
1988,8,64,train
1989,8,64,train
1990,8,64,train
1991,8,64,train
1992,8,64,train
1993,8,64,train
1994,8,64,train
1995,8,64,train
1996,8,64,train
1997,8,64,train
1998,8,64,train
1999,8,64,train
2000,8,64,train
2001,8,64,train
2002,8,64,train
2003,8,64,train
2004,8,64,train
2005,8,64,train
2006,8,64,train
2007,8,64,train
2008,8,64,train
2009,8,64,train
2010,8,64,train
2011,8,64,train
2012,8,64,train
2013,8,64,train
2014,8,64,train
2015,8,64,train
2016,8,64,train
2017,8,64,train
2018,8,64,train
2019,8,64,train
2020,8,64,train
2021,8,64,train
2022,8,64,train
2023,8,64,train
2024,8,64,train
2025,8,64,train
2026,8,64,train
2027,8,64,train
2028,8,64,train
2029,8,64,train
2030,8,64,train
2031,8,64,train
2032,8,64,train
2033,8,64,train
2034,8,64,train
2035,8,64,train
2036,8,64,train
2037,8,64,train
2038,8,64,train
2039,8,64,train
2040,8,64,train
2041,8,64,train
2042,8,64,train
2043,8,64,train
2044,8,64,train
2045,8,64,train
2046,8,64,train
2047,8,64,train
2048,8,64,train
2056,8,65,holdout
2064,8,65,holdout
2072,8,65,holdout
2080,8,65,holdout
2088,8,65,holdout
2096,8,65,holdout
2104,8,65,holdout
2112,8,65,holdout
2120,8,65,holdout
2128,8,65,holdout
2136,8,65,holdout
2144,8,65,holdout
2152,8,65,holdout
2160,8,65,holdout
2168,8,65,holdout
2176,8,65,holdout
2184,8,65,holdout
2192,8,65,holdout
2200,8,65,holdout
2208,8,65,holdout
2216,8,65,holdout
2224,8,65,holdout
2232,8,65,holdout
2240,8,65,holdout
2248,8,65,holdout
2256,8,66,train
2264,8,66,train
2272,8,66,train
2280,8,66,train
2288,8,66,train
2296,8,66,train
2304,8,66,train
2312,8,66,train
2320,8,66,train
2328,8,66,train
2336,8,66,train
2344,8,66,train
2352,8,66,train
2360,8,66,train
2368,8,66,train
2376,8,66,train
2384,8,66,train
2392,8,66,train
2400,8,66,train
2408,8,66,train
2416,8,66,train
2424,8,66,train
2432,8,66,train
2440,8,66,train
2448,8,66,train
2456,8,66,train
2464,8,66,train
2472,8,66,train
2480,8,67,train
2488,8,67,train
2496,8,67,train
2504,8,67,train
2512,8,67,train
2520,8,67,train
2528,8,67,train
2536,8,67,train
2544,8,67,train
2552,8,67,train
2560,8,67,train
2568,8,67,train
2576,8,67,train
2584,8,67,train
2592,8,67,train
2600,8,67,train
2608,8,67,train
2616,8,67,train
2624,8,67,train
2632,8,67,train
2640,8,67,train
2648,8,67,train
2656,8,67,train
2664,8,67,train
2672,8,67,train
2680,8,67,train
2688,8,67,train
2696,8,67,train
2704,8,67,train
2712,8,67,train
2720,8,67,train
2728,8,68,train
2736,8,68,train
2744,8,68,train
2752,8,68,train
2760,8,68,train
2768,8,68,train
2776,8,68,train
2784,8,68,train
2792,8,68,train
2800,8,68,train
2808,8,68,train
2816,8,68,train
2824,8,68,train
2832,8,68,train
2840,8,68,train
2848,8,68,train
2856,8,68,train
2864,8,68,train
2872,8,68,train
2880,8,68,train
2888,8,68,train
2896,8,68,train
2904,8,68,train
2912,8,68,train
2920,8,68,train
2928,8,68,train
2936,8,68,train
2944,8,68,train
2952,8,68,train
2960,8,68,train
2968,8,68,train
2976,8,68,train
2984,8,68,train
2992,8,68,train
3000,8,69,holdout
3008,8,69,holdout
3016,8,69,holdout
3024,8,69,holdout
3032,8,69,holdout
3040,8,69,holdout
3048,8,69,holdout
3056,8,69,holdout
3064,8,69,holdout
3072,8,69,holdout
3080,8,69,holdout
3088,8,69,holdout
3096,8,69,holdout
3104,8,69,holdout
3112,8,69,holdout
3120,8,69,holdout
3128,8,69,holdout
3136,8,69,holdout
3144,8,69,holdout
3152,8,69,holdout
3160,8,69,holdout
3168,8,69,holdout
3176,8,69,holdout
3184,8,69,holdout
3192,8,69,holdout
3200,8,69,holdout
3208,8,69,holdout
3216,8,69,holdout
3224,8,69,holdout
3232,8,69,holdout
3240,8,69,holdout
3248,8,69,holdout
3256,8,69,holdout
3264,8,69,holdout
3272,8,69,holdout
3280,8,69,holdout
3288,8,69,holdout
3296,8,69,holdout
3304,9,70,train
3312,9,70,train
3320,9,70,train
3328,9,70,train
3336,9,70,train
3344,9,70,train
3352,9,70,train
3360,9,70,train
3368,9,70,train
3376,9,70,train
3384,9,70,train
3392,9,70,train
3400,9,70,train
3408,9,70,train
3416,9,70,train
3424,9,70,train
3432,9,70,train
3440,9,70,train
3448,9,70,train
3456,9,70,train
3464,9,70,train
3472,9,70,train
3480,9,70,train
3488,9,70,train
3496,9,70,train
3504,9,70,train
3512,9,70,train
3520,9,70,train
3528,9,70,train
3536,9,70,train
3544,9,70,train
3552,9,70,train
3560,9,70,train
3568,9,70,train
3576,9,70,train
3584,9,70,train
3592,9,70,train
3600,9,70,train
3608,9,70,train
3616,9,70,train
3624,9,70,train
3632,9,71,train
3640,9,71,train
3648,9,71,train
3656,9,71,train
3664,9,71,train
3672,9,71,train
3680,9,71,train
3688,9,71,train
3696,9,71,train
3704,9,71,train
3712,9,71,train
3720,9,71,train
3728,9,71,train
3736,9,71,train
3744,9,71,train
3752,9,71,train
3760,9,71,train
3768,9,71,train
3776,9,71,train
3784,9,71,train
3792,9,71,train
3800,9,71,train
3808,9,71,train
3816,9,71,train
3824,9,71,train
3832,9,71,train
3840,9,71,train
3848,9,71,train
3856,9,71,train
3864,9,71,train
3872,9,71,train
3880,9,71,train
3888,9,71,train
3896,9,71,train
3904,9,71,train
3912,9,71,train
3920,9,71,train
3928,9,71,train
3936,9,71,train
3944,9,71,train
3952,9,71,train
3960,9,71,train
3968,9,71,train
3976,9,71,train
3984,9,71,train
3992,9,72,train
4008,9,72,train
4016,9,72,train
4024,9,72,train
4032,9,72,train
4040,9,72,train
4048,9,72,train
4056,9,72,train
4064,9,72,train
4072,9,72,train
4080,9,72,train
4088,9,72,train
4096,9,72,train
4104,9,72,train
4112,9,72,train
4120,9,72,train
4128,9,72,train
4136,9,72,train
4144,9,72,train
4152,9,72,train
4160,9,72,train
4168,9,72,train
4176,9,72,train
4184,9,72,train
4192,9,72,train
4200,9,72,train
4208,9,72,train
4216,9,72,train
4224,9,72,train
4232,9,72,train
4240,9,72,train
4248,9,72,train
4256,9,72,train
4264,9,72,train
4272,9,72,train
4280,9,72,train
4288,9,72,train
4296,9,72,train
4304,9,72,train
4312,9,72,train
4320,9,72,train
4328,9,72,train
4336,9,72,train
4344,9,72,train
4352,9,72,train
4360,9,72,train
4368,9,72,train
4376,9,72,train
4384,9,72,train
4392,9,73,train
4400,9,73,train
4408,9,73,train
4416,9,73,train
4424,9,73,train
4432,9,73,train
4440,9,73,train
4448,9,73,train
4456,9,73,train
4464,9,73,train
4472,9,73,train
4480,9,73,train
4488,9,73,train
4496,9,73,train
4504,9,73,train
4512,9,73,train
4520,9,73,train
4528,9,73,train
4536,9,73,train
4544,9,73,train
4552,9,73,train
4560,9,73,train
4568,9,73,train
4576,9,73,train
4584,9,73,train
4592,9,73,train
4600,9,73,train
4608,9,73,train
4616,9,73,train
4624,9,73,train
4632,9,73,train
4640,9,73,train
4648,9,73,train
4656,9,73,train
4664,9,73,train
4672,9,73,train
4680,9,73,train
4688,9,73,train
4696,9,73,train
4704,9,73,train
4712,9,73,train
4720,9,73,train
4728,9,73,train
4736,9,73,train
4744,9,73,train
4752,9,73,train
4760,9,73,train
4768,9,73,train
4776,9,73,train
4784,9,73,train
4792,9,73,train
4800,9,73,train
4808,9,73,train
4816,9,73,train
4824,9,73,train
4832,9,74,train
4840,9,74,train
4848,9,74,train
4856,9,74,train
4864,9,74,train
4872,9,74,train
4880,9,74,train
4888,9,74,train
4896,9,74,train
4904,9,74,train
4912,9,74,train
4920,9,74,train
4928,9,74,train
4936,9,74,train
4944,9,74,train
4952,9,74,train
4960,9,74,train
4968,9,74,train
4976,9,74,train
4984,9,74,train
4992,9,74,train
5000,9,74,train
5008,9,74,train
5016,9,74,train
5024,9,74,train
5032,9,74,train
5040,9,74,train
5048,9,74,train
5056,9,74,train
5064,9,74,train
5072,9,74,train
5080,9,74,train
5088,9,74,train
5096,9,74,train
5104,9,74,train
5112,9,74,train
5120,9,74,train
5128,9,74,train
5136,9,74,train
5144,9,74,train
5152,9,74,train
5160,9,74,train
5168,9,74,train
5176,9,74,train
5184,9,74,train
5192,9,74,train
5200,9,74,train
5208,9,74,train
5216,9,74,train
5224,9,74,train
5232,9,74,train
5240,9,74,train
5248,9,74,train
5256,9,74,train
5264,9,74,train
5272,9,74,train
5280,9,74,train
5288,9,74,train
5296,9,74,train
5304,9,74,train
5312,9,74,train
5320,9,75,train
5328,9,75,train
5336,9,75,train
5344,9,75,train
5352,9,75,train
5360,9,75,train
5368,9,75,train
5376,9,75,train
5384,9,75,train
5392,9,75,train
5400,9,75,train
5408,9,75,train
5416,9,75,train
5424,9,75,train
5432,9,75,train
5440,9,75,train
5448,9,75,train
5456,9,75,train
5464,9,75,train
5472,9,75,train
5480,9,75,train
5488,9,75,train
5496,9,75,train
5504,9,75,train
5512,9,75,train
5520,9,75,train
5528,9,75,train
5536,9,75,train
5544,9,75,train
5552,9,75,train
5560,9,75,train
5568,9,75,train
5576,9,75,train
5584,9,75,train
5592,9,75,train
5600,9,75,train
5608,9,75,train
5616,9,75,train
5624,9,75,train
5632,9,75,train
5640,9,75,train
5648,9,75,train
5656,9,75,train
5664,9,75,train
5672,9,75,train
5680,9,75,train
5688,9,75,train
5696,9,75,train
5704,9,75,train
5712,9,75,train
5720,9,75,train
5728,9,75,train
5736,9,75,train
5744,9,75,train
5752,9,75,train
5760,9,75,train
5768,9,75,train
5776,9,75,train
5784,9,75,train
5792,9,75,train
5800,9,75,train
5808,9,75,train
5816,9,75,train
5824,9,75,train
5832,9,75,train
5840,9,75,train
5848,9,76,holdout
5856,9,76,holdout
5864,9,76,holdout
5872,9,76,holdout
5880,9,76,holdout
5888,9,76,holdout
5896,9,76,holdout
5904,9,76,holdout
5912,9,76,holdout
5920,9,76,holdout
5928,9,76,holdout
5936,9,76,holdout
5944,9,76,holdout
5952,9,76,holdout
5960,9,76,holdout
5968,9,76,holdout
5976,9,76,holdout
5984,9,76,holdout
5992,9,76,holdout
6000,9,76,holdout
6008,9,76,holdout
6016,9,76,holdout
6024,9,76,holdout
6032,9,76,holdout
6040,9,76,holdout
6048,9,76,holdout
6056,9,76,holdout
6064,9,76,holdout
6072,9,76,holdout
6080,9,76,holdout
6088,9,76,holdout
6096,9,76,holdout
6104,9,76,holdout
6112,9,76,holdout
6120,9,76,holdout
6128,9,76,holdout
6136,9,76,holdout
6144,9,76,holdout
6152,9,76,holdout
6160,9,76,holdout
6168,9,76,holdout
6176,9,76,holdout
6184,9,76,holdout
6192,9,76,holdout
6200,9,76,holdout
6208,9,76,holdout
6216,9,76,holdout
6224,9,76,holdout
6232,9,76,holdout
6240,9,76,holdout
6248,9,76,holdout
6256,9,76,holdout
6264,9,76,holdout
6272,9,76,holdout
6280,9,76,holdout
6288,9,76,holdout
6296,9,76,holdout
6304,9,76,holdout
6312,9,76,holdout
6320,9,76,holdout
6328,9,76,holdout
6336,9,76,holdout
6344,9,76,holdout
6352,9,76,holdout
6360,9,76,holdout
6368,9,76,holdout
6376,9,76,holdout
6384,9,76,holdout
6392,9,76,holdout
6400,9,76,holdout
6408,9,76,holdout
6416,9,76,holdout
6424,9,76,holdout
6432,9,77,test
6440,9,77,test
6448,9,77,test
6456,9,77,test
6464,9,77,test
6472,9,77,test
6480,9,77,test
6488,9,77,test
6496,9,77,test
6504,9,77,test
6512,9,77,test
6520,9,77,test
6528,9,77,test
6536,9,77,test
6544,9,77,test
6552,9,77,test
6560,9,77,test
6568,9,77,test
6576,9,77,test
6584,9,77,test
6592,9,77,test
6600,9,77,test
6608,9,77,test
6616,9,77,test
6624,9,77,test
6632,9,77,test
6640,9,77,test
6648,9,77,test
6656,9,77,test
6664,9,77,test
6672,9,77,test
6680,9,77,test
6688,9,77,test
6696,9,77,test
6704,9,77,test
6712,9,77,test
6720,9,77,test
6728,9,77,test
6736,9,77,test
6744,9,77,test
6752,9,77,test
6760,9,77,test
6768,9,77,test
6776,9,77,test
6784,9,77,test
6792,9,77,test
6800,9,77,test
6808,9,77,test
6816,9,77,test
6824,9,77,test
6832,9,77,test
6840,9,77,test
6848,9,77,test
6856,9,77,test
6864,9,77,test
6872,9,77,test
6880,9,77,test
6888,9,77,test
6896,9,77,test
6904,9,77,test
6912,9,77,test
6920,9,77,test
6928,9,77,test
6936,9,77,test
6944,9,77,test
6952,9,77,test
6960,9,77,test
6968,9,77,test
6976,9,77,test
6984,9,77,test
6992,9,77,test
7000,9,77,test
7008,9,77,test
7016,9,77,test
7024,9,77,test
7032,9,77,test
7040,9,77,test
7048,9,77,test
7056,9,77,test
7064,9,77,test
7072,10,78,train
7080,10,78,train
7088,10,78,train
7096,10,78,train
7104,10,78,train
7112,10,78,train
7120,10,78,train
7128,10,78,train
7136,10,78,train
7144,10,78,train
7152,10,78,train
7160,10,78,train
7168,10,78,train
7176,10,78,train
7184,10,78,train
7192,10,78,train
7200,10,78,train
7208,10,78,train
7216,10,78,train
7224,10,78,train
7232,10,78,train
7240,10,78,train
7248,10,78,train
7256,10,78,train
7264,10,78,train
7272,10,78,train
7280,10,78,train
7288,10,78,train
7296,10,78,train
7304,10,78,train
7312,10,78,train
7320,10,78,train
7328,10,78,train
7336,10,78,train
7344,10,78,train
7352,10,78,train
7360,10,78,train
7368,10,78,train
7376,10,78,train
7384,10,78,train
7392,10,78,train
7400,10,78,train
7408,10,78,train
7416,10,78,train
7424,10,78,train
7432,10,78,train
7440,10,78,train
7448,10,78,train
7456,10,78,train
7464,10,78,train
7472,10,78,train
7480,10,78,train
7488,10,78,train
7496,10,78,train
7504,10,78,train
7512,10,78,train
7520,10,78,train
7528,10,78,train
7536,10,78,train
7544,10,78,train
7552,10,78,train
7560,10,78,train
7568,10,78,train
7576,10,78,train
7584,10,78,train
7592,10,78,train
7600,10,78,train
7608,10,78,train
7616,10,78,train
7624,10,78,train
7632,10,78,train
7640,10,78,train
7648,10,78,train
7656,10,78,train
7664,10,78,train
7672,10,78,train
7680,10,78,train
7688,10,78,train
7696,10,78,train
7704,10,78,train
7712,10,78,train
7720,10,78,train
7728,10,78,train
7736,10,78,train
7744,10,78,train
7752,10,78,train
7760,10,78,train
7768,10,78,train
7776,10,78,train
7784,10,79,train
7792,10,79,train
7800,10,79,train
7808,10,79,train
7816,10,79,train
7824,10,79,train
7832,10,79,train
7840,10,79,train
7848,10,79,train
7856,10,79,train
7864,10,79,train
7872,10,79,train
7880,10,79,train
7888,10,79,train
7896,10,79,train
7904,10,79,train
7912,10,79,train
7920,10,79,train
7928,10,79,train
7936,10,79,train
7944,10,79,train
7952,10,79,train
7960,10,79,train
7968,10,79,train
7976,10,79,train
7984,10,79,train
7992,10,79,train
8000,10,79,train
8008,10,79,train
8016,10,79,train
8024,10,79,train
8032,10,79,train
8040,10,79,train
8048,10,79,train
8056,10,79,train
8064,10,79,train
8072,10,79,train
8080,10,79,train
8088,10,79,train
8096,10,79,train
8104,10,79,train
8112,10,79,train
8120,10,79,train
8128,10,79,train
8136,10,79,train
8144,10,79,train
8152,10,79,train
8160,10,79,train
8168,10,79,train
8176,10,79,train
8184,10,79,train
8192,10,79,train
8208,10,79,train
8224,10,79,train
8240,10,79,train
8256,10,79,train
8272,10,79,train
8288,10,79,train
8304,10,79,train
8320,10,79,train
8336,10,79,train
8352,10,79,train
8368,10,79,train
8384,10,79,train
8400,10,79,train
8416,10,79,train
8432,10,79,train
8448,10,79,train
8464,10,79,train
8480,10,79,train
8496,10,79,train
8512,10,79,train
8528,10,79,train
8544,10,79,train
8560,10,80,train
8576,10,80,train
8592,10,80,train
8608,10,80,train
8624,10,80,train
8640,10,80,train
8656,10,80,train
8672,10,80,train
8688,10,80,train
8704,10,80,train
8720,10,80,train
8736,10,80,train
8752,10,80,train
8768,10,80,train
8784,10,80,train
8800,10,80,train
8816,10,80,train
8832,10,80,train
8848,10,80,train
8864,10,80,train
8880,10,80,train
8896,10,80,train
8912,10,80,train
8928,10,80,train
8944,10,80,train
8960,10,80,train
8976,10,80,train
8992,10,80,train
9008,10,80,train
9024,10,80,train
9040,10,80,train
9056,10,80,train
9072,10,80,train
9088,10,80,train
9104,10,80,train
9120,10,80,train
9136,10,80,train
9152,10,80,train
9168,10,80,train
9184,10,80,train
9200,10,80,train
9216,10,80,train
9232,10,80,train
9248,10,80,train
9264,10,80,train
9280,10,80,train
9296,10,80,train
9312,10,80,train
9328,10,80,train
9344,10,80,train
9360,10,80,train
9376,10,80,train
9392,10,80,train
9408,10,80,train
9424,10,81,train
9440,10,81,train
9456,10,81,train
9472,10,81,train
9488,10,81,train
9504,10,81,train
9520,10,81,train
9536,10,81,train
9552,10,81,train
9568,10,81,train
9584,10,81,train
9600,10,81,train
9616,10,81,train
9632,10,81,train
9648,10,81,train
9664,10,81,train
9680,10,81,train
9696,10,81,train
9712,10,81,train
9728,10,81,train
9744,10,81,train
9760,10,81,train
9776,10,81,train
9792,10,81,train
9808,10,81,train
9824,10,81,train
9840,10,81,train
9856,10,81,train
9872,10,81,train
9888,10,81,train
9904,10,81,train
9920,10,81,train
9936,10,81,train
9952,10,81,train
9968,10,81,train
9984,10,81,train
10000,10,81,train
10016,10,81,train
10032,10,81,train
10048,10,81,train
10064,10,81,train
10080,10,81,train
10096,10,81,train
10112,10,81,train
10128,10,81,train
10144,10,81,train
10160,10,81,train
10176,10,81,train
10192,10,81,train
10208,10,81,train
10224,10,81,train
10240,10,81,train
10256,10,81,train
10272,10,81,train
10288,10,81,train
10304,10,81,train
10320,10,81,train
10336,10,81,train
10352,10,81,train
10368,10,82,test
10384,10,82,test
10400,10,82,test
10416,10,82,test
10432,10,82,test
10448,10,82,test
10464,10,82,test
10480,10,82,test
10496,10,82,test
10512,10,82,test
10528,10,82,test
10544,10,82,test
10560,10,82,test
10576,10,82,test
10592,10,82,test
10608,10,82,test
10624,10,82,test
10640,10,82,test
10656,10,82,test
10672,10,82,test
10688,10,82,test
10704,10,82,test
10720,10,82,test
10736,10,82,test
10752,10,82,test
10768,10,82,test
10784,10,82,test
10800,10,82,test
10816,10,82,test
10832,10,82,test
10848,10,82,test
10864,10,82,test
10880,10,82,test
10896,10,82,test
10912,10,82,test
10928,10,82,test
10944,10,82,test
10960,10,82,test
10976,10,82,test
10992,10,82,test
11008,10,82,test
11024,10,82,test
11040,10,82,test
11056,10,82,test
11072,10,82,test
11088,10,82,test
11104,10,82,test
11120,10,82,test
11136,10,82,test
11152,10,82,test
11168,10,82,test
11184,10,82,test
11200,10,82,test
11216,10,82,test
11232,10,82,test
11248,10,82,test
11264,10,82,test
11280,10,82,test
11296,10,82,test
11312,10,82,test
11328,10,82,test
11344,10,82,test
11360,10,82,test
11376,10,82,test
11392,10,83,train
11408,10,83,train
11424,10,83,train
11440,10,83,train
11456,10,83,train
11472,10,83,train
11488,10,83,train
11504,10,83,train
11520,10,83,train
11536,10,83,train
11552,10,83,train
11568,10,83,train
11584,10,83,train
11600,10,83,train
11616,10,83,train
11632,10,83,train
11648,10,83,train
11664,10,83,train
11680,10,83,train
11696,10,83,train
11712,10,83,train
11728,10,83,train
11744,10,83,train
11760,10,83,train
11776,10,83,train
11792,10,83,train
11808,10,83,train
11824,10,83,train
11840,10,83,train
11856,10,83,train
11872,10,83,train
11888,10,83,train
11904,10,83,train
11920,10,83,train
11936,10,83,train
11952,10,83,train
11968,10,83,train
11984,10,83,train
12000,10,83,train
12016,10,83,train
12032,10,83,train
12048,10,83,train
12064,10,83,train
12080,10,83,train
12096,10,83,train
12112,10,83,train
12128,10,83,train
12144,10,83,train
12160,10,83,train
12176,10,83,train
12192,10,83,train
12208,10,83,train
12224,10,83,train
12240,10,83,train
12256,10,83,train
12272,10,83,train
12288,10,83,train
12304,10,83,train
12320,10,83,train
12336,10,83,train
12352,10,83,train
12368,10,83,train
12384,10,83,train
12400,10,83,train
12416,10,83,train
12432,10,83,train
12448,10,83,train
12464,10,83,train
12480,10,83,train
12496,10,83,train
12512,10,83,train
12528,10,84,train
12544,10,84,train
12560,10,84,train
12576,10,84,train
12592,10,84,train
12608,10,84,train
12624,10,84,train
12640,10,84,train
12656,10,84,train
12672,10,84,train
12688,10,84,train
12704,10,84,train
12720,10,84,train
12736,10,84,train
12752,10,84,train
12768,10,84,train
12784,10,84,train
12800,10,84,train
12816,10,84,train
12832,10,84,train
12848,10,84,train
12864,10,84,train
12880,10,84,train
12896,10,84,train
12912,10,84,train
12928,10,84,train
12944,10,84,train
12960,10,84,train
12976,10,84,train
12992,10,84,train
13008,10,84,train
13024,10,84,train
13040,10,84,train
13056,10,84,train
13072,10,84,train
13088,10,84,train
13104,10,84,train
13120,10,84,train
13136,10,84,train
13152,10,84,train
13168,10,84,train
13184,10,84,train
13200,10,84,train
13216,10,84,train
13232,10,84,train
13248,10,84,train
13264,10,84,train
13280,10,84,train
13296,10,84,train
13312,10,84,train
13328,10,84,train
13344,10,84,train
13360,10,84,train
13376,10,84,train
13392,10,84,train
13408,10,84,train
13424,10,84,train
13440,10,84,train
13456,10,84,train
13472,10,84,train
13488,10,84,train
13504,10,84,train
13520,10,84,train
13536,10,84,train
13552,10,84,train
13568,10,84,train
13584,10,84,train
13600,10,84,train
13616,10,84,train
13632,10,84,train
13648,10,84,train
13664,10,84,train
13680,10,84,train
13696,10,84,train
13712,10,84,train
13728,10,84,train
13744,10,84,train
13760,10,84,train
13776,10,84,train
13792,10,85,train
13808,10,85,train
13824,10,85,train
13840,10,85,train
13856,10,85,train
13872,10,85,train
13888,10,85,train
13904,10,85,train
13920,10,85,train
13936,10,85,train
13952,10,85,train
13968,10,85,train
13984,10,85,train
14000,10,85,train
14016,10,85,train
14032,10,85,train
14048,10,85,train
14064,10,85,train
14080,10,85,train
14096,10,85,train
14112,10,85,train
14128,10,85,train
14144,10,85,train
14160,10,85,train
14176,10,85,train
14192,10,85,train
14208,10,85,train
14224,10,85,train
14240,10,85,train
14256,10,85,train
14272,10,85,train
14288,10,85,train
14304,10,85,train
14320,10,85,train
14336,10,85,train
14352,10,85,train
14368,10,85,train
14384,10,85,train
14400,10,85,train
14416,10,85,train
14432,10,85,train
14448,10,85,train
14464,10,85,train
14480,10,85,train
14496,10,85,train
14512,10,85,train
14528,10,85,train
14544,10,85,train
14560,10,85,train
14576,10,85,train
14592,10,85,train
14608,10,85,train
14624,10,85,train
14640,10,85,train
14656,10,85,train
14672,10,85,train
14688,10,85,train
14704,10,85,train
14720,10,85,train
14736,10,85,train
14752,10,85,train
14768,10,85,train
14784,10,85,train
14800,10,85,train
14816,10,85,train
14832,10,85,train
14848,10,85,train
14864,10,85,train
14880,10,85,train
14896,10,85,train
14912,10,85,train
14928,10,85,train
14944,10,85,train
14960,10,85,train
14976,10,85,train
14992,10,85,train
15008,10,85,train
15024,10,85,train
15040,10,85,train
15056,10,85,train
15072,10,85,train
15088,10,85,train
15104,10,85,train
15120,10,85,train
15136,10,85,train
15152,10,85,train
15168,10,86,holdout
15184,10,86,holdout
15200,10,86,holdout
15216,10,86,holdout
15232,10,86,holdout
15248,10,86,holdout
15264,10,86,holdout
15280,10,86,holdout
15296,10,86,holdout
15312,10,86,holdout
15328,10,86,holdout
15344,10,86,holdout
15360,10,86,holdout
15376,10,86,holdout
15392,10,86,holdout
15408,10,86,holdout
15424,10,86,holdout
15440,10,86,holdout
15456,10,86,holdout
15472,10,86,holdout
15488,10,86,holdout
15504,10,86,holdout
15520,10,86,holdout
15536,10,86,holdout
15552,10,86,holdout
15568,10,86,holdout
15584,10,86,holdout
15600,10,86,holdout
15616,10,86,holdout
15632,10,86,holdout
15648,10,86,holdout
15664,10,86,holdout
15680,10,86,holdout
15696,10,86,holdout
15712,10,86,holdout
15728,10,86,holdout
15744,10,86,holdout
15760,10,86,holdout
15776,10,86,holdout
15792,10,86,holdout
15808,10,86,holdout
15824,10,86,holdout
15840,10,86,holdout
15856,10,86,holdout
15872,10,86,holdout
15888,10,86,holdout
15904,10,86,holdout
15920,10,86,holdout
15936,10,86,holdout
15952,10,86,holdout
15968,10,86,holdout
15984,10,86,holdout
16000,10,86,holdout
16016,10,86,holdout
16032,10,86,holdout
16048,10,86,holdout
16064,10,86,holdout
16080,10,86,holdout
16096,10,86,holdout
16112,10,86,holdout
16128,10,86,holdout
16144,10,86,holdout
16160,10,86,holdout
16176,10,86,holdout
16192,10,86,holdout
16208,10,86,holdout
16224,10,86,holdout
16240,10,86,holdout
16256,10,86,holdout
16272,10,86,holdout
16288,10,86,holdout
16304,10,86,holdout
16320,10,86,holdout
16336,10,86,holdout
16352,10,86,holdout
16368,10,86,holdout
16384,10,86,holdout
