,rank,num_workers,size,collective,devices_per_node,max_devices_per_node,profiling_precision
0,0,2,2048,send_recv,2,8,BF16
1,0,2,10240,send_recv,2,8,BF16
2,0,2,18432,send_recv,2,8,BF16
3,0,2,26624,send_recv,2,8,BF16
4,0,2,34816,send_recv,2,8,BF16
5,0,2,43008,send_recv,2,8,BF16
6,0,2,51200,send_recv,2,8,BF16
7,0,2,59392,send_recv,2,8,BF16
8,0,2,67584,send_recv,2,8,BF16
9,0,2,75776,send_recv,2,8,BF16
10,0,2,83968,send_recv,2,8,BF16
11,0,2,92160,send_recv,2,8,BF16
12,0,2,100352,send_recv,2,8,BF16
13,0,2,108544,send_recv,2,8,BF16
14,0,2,116736,send_recv,2,8,BF16
15,0,2,124928,send_recv,2,8,BF16
16,0,2,133120,send_recv,2,8,BF16
17,0,2,141312,send_recv,2,8,BF16
18,0,2,149504,send_recv,2,8,BF16
19,0,2,157696,send_recv,2,8,BF16
20,0,2,165888,send_recv,2,8,BF16
21,0,2,174080,send_recv,2,8,BF16
22,0,2,182272,send_recv,2,8,BF16
23,0,2,190464,send_recv,2,8,BF16
24,0,2,198656,send_recv,2,8,BF16
25,0,2,206848,send_recv,2,8,BF16
26,0,2,215040,send_recv,2,8,BF16
27,0,2,223232,send_recv,2,8,BF16
28,0,2,231424,send_recv,2,8,BF16
29,0,2,239616,send_recv,2,8,BF16
30,0,2,247808,send_recv,2,8,BF16
31,0,2,256000,send_recv,2,8,BF16
32,0,2,264192,send_recv,2,8,BF16
33,0,2,272384,send_recv,2,8,BF16
34,0,2,280576,send_recv,2,8,BF16
35,0,2,288768,send_recv,2,8,BF16
36,0,2,296960,send_recv,2,8,BF16
37,0,2,305152,send_recv,2,8,BF16
38,0,2,313344,send_recv,2,8,BF16
39,0,2,321536,send_recv,2,8,BF16
40,0,2,329728,send_recv,2,8,BF16
41,0,2,337920,send_recv,2,8,BF16
42,0,2,346112,send_recv,2,8,BF16
43,0,2,354304,send_recv,2,8,BF16
44,0,2,362496,send_recv,2,8,BF16
45,0,2,370688,send_recv,2,8,BF16
46,0,2,378880,send_recv,2,8,BF16
47,0,2,387072,send_recv,2,8,BF16
48,0,2,395264,send_recv,2,8,BF16
49,0,2,403456,send_recv,2,8,BF16
50,0,2,411648,send_recv,2,8,BF16
51,0,2,419840,send_recv,2,8,BF16
52,0,2,428032,send_recv,2,8,BF16
53,0,2,436224,send_recv,2,8,BF16
54,0,2,444416,send_recv,2,8,BF16
55,0,2,452608,send_recv,2,8,BF16
56,0,2,460800,send_recv,2,8,BF16
57,0,2,468992,send_recv,2,8,BF16
58,0,2,477184,send_recv,2,8,BF16
59,0,2,485376,send_recv,2,8,BF16
60,0,2,493568,send_recv,2,8,BF16
61,0,2,501760,send_recv,2,8,BF16
62,0,2,509952,send_recv,2,8,BF16
63,0,2,518144,send_recv,2,8,BF16
64,0,2,526336,send_recv,2,8,BF16
65,0,2,534528,send_recv,2,8,BF16
66,0,2,542720,send_recv,2,8,BF16
67,0,2,550912,send_recv,2,8,BF16
68,0,2,559104,send_recv,2,8,BF16
69,0,2,567296,send_recv,2,8,BF16
70,0,2,575488,send_recv,2,8,BF16
71,0,2,583680,send_recv,2,8,BF16
72,0,2,591872,send_recv,2,8,BF16
73,0,2,600064,send_recv,2,8,BF16
74,0,2,608256,send_recv,2,8,BF16
75,0,2,616448,send_recv,2,8,BF16
76,0,2,624640,send_recv,2,8,BF16
77,0,2,632832,send_recv,2,8,BF16
78,0,2,641024,send_recv,2,8,BF16
79,0,2,649216,send_recv,2,8,BF16
80,0,2,657408,send_recv,2,8,BF16
81,0,2,665600,send_recv,2,8,BF16
82,0,2,673792,send_recv,2,8,BF16
83,0,2,681984,send_recv,2,8,BF16
84,0,2,690176,send_recv,2,8,BF16
85,0,2,698368,send_recv,2,8,BF16
86,0,2,706560,send_recv,2,8,BF16
87,0,2,714752,send_recv,2,8,BF16
88,0,2,722944,send_recv,2,8,BF16
89,0,2,731136,send_recv,2,8,BF16
90,0,2,739328,send_recv,2,8,BF16
91,0,2,747520,send_recv,2,8,BF16
92,0,2,755712,send_recv,2,8,BF16
93,0,2,763904,send_recv,2,8,BF16
94,0,2,772096,send_recv,2,8,BF16
95,0,2,780288,send_recv,2,8,BF16
96,0,2,788480,send_recv,2,8,BF16
97,0,2,796672,send_recv,2,8,BF16
98,0,2,804864,send_recv,2,8,BF16
99,0,2,813056,send_recv,2,8,BF16
100,0,2,821248,send_recv,2,8,BF16
101,0,2,829440,send_recv,2,8,BF16
102,0,2,837632,send_recv,2,8,BF16
103,0,2,845824,send_recv,2,8,BF16
104,0,2,854016,send_recv,2,8,BF16
105,0,2,862208,send_recv,2,8,BF16
106,0,2,870400,send_recv,2,8,BF16
107,0,2,878592,send_recv,2,8,BF16
108,0,2,886784,send_recv,2,8,BF16
109,0,2,894976,send_recv,2,8,BF16
110,0,2,903168,send_recv,2,8,BF16
111,0,2,911360,send_recv,2,8,BF16
112,0,2,919552,send_recv,2,8,BF16
113,0,2,927744,send_recv,2,8,BF16
114,0,2,935936,send_recv,2,8,BF16
115,0,2,944128,send_recv,2,8,BF16
116,0,2,952320,send_recv,2,8,BF16
117,0,2,960512,send_recv,2,8,BF16
118,0,2,968704,send_recv,2,8,BF16
119,0,2,976896,send_recv,2,8,BF16
120,0,2,985088,send_recv,2,8,BF16
121,0,2,993280,send_recv,2,8,BF16
122,0,2,1001472,send_recv,2,8,BF16
123,0,2,1009664,send_recv,2,8,BF16
124,0,2,1017856,send_recv,2,8,BF16
125,0,2,1026048,send_recv,2,8,BF16
126,0,2,1034240,send_recv,2,8,BF16
127,0,2,1042432,send_recv,2,8,BF16
128,0,2,1048576,send_recv,2,8,BF16
129,0,2,1081344,send_recv,2,8,BF16
130,0,2,1114112,send_recv,2,8,BF16
131,0,2,1146880,send_recv,2,8,BF16
132,0,2,1179648,send_recv,2,8,BF16
133,0,2,1212416,send_recv,2,8,BF16
134,0,2,1245184,send_recv,2,8,BF16
135,0,2,1277952,send_recv,2,8,BF16
136,0,2,1310720,send_recv,2,8,BF16
137,0,2,1343488,send_recv,2,8,BF16
138,0,2,1376256,send_recv,2,8,BF16
139,0,2,1409024,send_recv,2,8,BF16
140,0,2,1441792,send_recv,2,8,BF16
141,0,2,1474560,send_recv,2,8,BF16
142,0,2,1507328,send_recv,2,8,BF16
143,0,2,1540096,send_recv,2,8,BF16
144,0,2,1572864,send_recv,2,8,BF16
145,0,2,1605632,send_recv,2,8,BF16
146,0,2,1638400,send_recv,2,8,BF16
147,0,2,1671168,send_recv,2,8,BF16
148,0,2,1703936,send_recv,2,8,BF16
149,0,2,1736704,send_recv,2,8,BF16
150,0,2,1769472,send_recv,2,8,BF16
151,0,2,1802240,send_recv,2,8,BF16
152,0,2,1835008,send_recv,2,8,BF16
153,0,2,1867776,send_recv,2,8,BF16
154,0,2,1900544,send_recv,2,8,BF16
155,0,2,1933312,send_recv,2,8,BF16
156,0,2,1966080,send_recv,2,8,BF16
157,0,2,1998848,send_recv,2,8,BF16
158,0,2,2031616,send_recv,2,8,BF16
159,0,2,2064384,send_recv,2,8,BF16
160,0,2,2097152,send_recv,2,8,BF16
161,0,2,2129920,send_recv,2,8,BF16
162,0,2,2162688,send_recv,2,8,BF16
163,0,2,2195456,send_recv,2,8,BF16
164,0,2,2228224,send_recv,2,8,BF16
165,0,2,2260992,send_recv,2,8,BF16
166,0,2,2293760,send_recv,2,8,BF16
167,0,2,2326528,send_recv,2,8,BF16
168,0,2,2359296,send_recv,2,8,BF16
169,0,2,2392064,send_recv,2,8,BF16
170,0,2,2424832,send_recv,2,8,BF16
171,0,2,2457600,send_recv,2,8,BF16
172,0,2,2490368,send_recv,2,8,BF16
173,0,2,2523136,send_recv,2,8,BF16
174,0,2,2555904,send_recv,2,8,BF16
175,0,2,2588672,send_recv,2,8,BF16
176,0,2,2621440,send_recv,2,8,BF16
177,0,2,2654208,send_recv,2,8,BF16
178,0,2,2686976,send_recv,2,8,BF16
179,0,2,2719744,send_recv,2,8,BF16
180,0,2,2752512,send_recv,2,8,BF16
181,0,2,2785280,send_recv,2,8,BF16
182,0,2,2818048,send_recv,2,8,BF16
183,0,2,2850816,send_recv,2,8,BF16
184,0,2,2883584,send_recv,2,8,BF16
185,0,2,2916352,send_recv,2,8,BF16
186,0,2,2949120,send_recv,2,8,BF16
187,0,2,2981888,send_recv,2,8,BF16
188,0,2,3014656,send_recv,2,8,BF16
189,0,2,3047424,send_recv,2,8,BF16
190,0,2,3080192,send_recv,2,8,BF16
191,0,2,3112960,send_recv,2,8,BF16
192,0,2,3145728,send_recv,2,8,BF16
193,0,2,3178496,send_recv,2,8,BF16
194,0,2,3211264,send_recv,2,8,BF16
195,0,2,3244032,send_recv,2,8,BF16
196,0,2,3276800,send_recv,2,8,BF16
197,0,2,3309568,send_recv,2,8,BF16
198,0,2,3342336,send_recv,2,8,BF16
199,0,2,3375104,send_recv,2,8,BF16
200,0,2,3407872,send_recv,2,8,BF16
201,0,2,3440640,send_recv,2,8,BF16
202,0,2,3473408,send_recv,2,8,BF16
203,0,2,3506176,send_recv,2,8,BF16
204,0,2,3538944,send_recv,2,8,BF16
205,0,2,3571712,send_recv,2,8,BF16
206,0,2,3604480,send_recv,2,8,BF16
207,0,2,3637248,send_recv,2,8,BF16
208,0,2,3670016,send_recv,2,8,BF16
209,0,2,3702784,send_recv,2,8,BF16
210,0,2,3735552,send_recv,2,8,BF16
211,0,2,3768320,send_recv,2,8,BF16
212,0,2,3801088,send_recv,2,8,BF16
213,0,2,3833856,send_recv,2,8,BF16
214,0,2,3866624,send_recv,2,8,BF16
215,0,2,3899392,send_recv,2,8,BF16
216,0,2,3932160,send_recv,2,8,BF16
217,0,2,3964928,send_recv,2,8,BF16
218,0,2,3997696,send_recv,2,8,BF16
219,0,2,4030464,send_recv,2,8,BF16
220,0,2,4063232,send_recv,2,8,BF16
221,0,2,4096000,send_recv,2,8,BF16
222,0,2,4128768,send_recv,2,8,BF16
223,0,2,4161536,send_recv,2,8,BF16
224,0,2,4194304,send_recv,2,8,BF16
225,0,2,4227072,send_recv,2,8,BF16
226,0,2,4259840,send_recv,2,8,BF16
227,0,2,4292608,send_recv,2,8,BF16
228,0,2,4325376,send_recv,2,8,BF16
229,0,2,4358144,send_recv,2,8,BF16
230,0,2,4390912,send_recv,2,8,BF16
231,0,2,4423680,send_recv,2,8,BF16
232,0,2,4456448,send_recv,2,8,BF16
233,0,2,4489216,send_recv,2,8,BF16
234,0,2,4521984,send_recv,2,8,BF16
235,0,2,4554752,send_recv,2,8,BF16
236,0,2,4587520,send_recv,2,8,BF16
237,0,2,4620288,send_recv,2,8,BF16
238,0,2,4653056,send_recv,2,8,BF16
239,0,2,4685824,send_recv,2,8,BF16
240,0,2,4718592,send_recv,2,8,BF16
241,0,2,4751360,send_recv,2,8,BF16
242,0,2,4784128,send_recv,2,8,BF16
243,0,2,4816896,send_recv,2,8,BF16
244,0,2,4849664,send_recv,2,8,BF16
245,0,2,4882432,send_recv,2,8,BF16
246,0,2,4915200,send_recv,2,8,BF16
247,0,2,4947968,send_recv,2,8,BF16
248,0,2,4980736,send_recv,2,8,BF16
249,0,2,5013504,send_recv,2,8,BF16
250,0,2,5046272,send_recv,2,8,BF16
251,0,2,5079040,send_recv,2,8,BF16
252,0,2,5111808,send_recv,2,8,BF16
253,0,2,5144576,send_recv,2,8,BF16
254,0,2,5177344,send_recv,2,8,BF16
255,0,2,5210112,send_recv,2,8,BF16
256,0,2,5242880,send_recv,2,8,BF16
257,0,2,5275648,send_recv,2,8,BF16
258,0,2,5308416,send_recv,2,8,BF16
259,0,2,5341184,send_recv,2,8,BF16
260,0,2,5373952,send_recv,2,8,BF16
261,0,2,5406720,send_recv,2,8,BF16
262,0,2,5439488,send_recv,2,8,BF16
263,0,2,5472256,send_recv,2,8,BF16
264,0,2,5505024,send_recv,2,8,BF16
265,0,2,5537792,send_recv,2,8,BF16
266,0,2,5570560,send_recv,2,8,BF16
267,0,2,5603328,send_recv,2,8,BF16
268,0,2,5636096,send_recv,2,8,BF16
269,0,2,5668864,send_recv,2,8,BF16
270,0,2,5701632,send_recv,2,8,BF16
271,0,2,5734400,send_recv,2,8,BF16
272,0,2,5767168,send_recv,2,8,BF16
273,0,2,5799936,send_recv,2,8,BF16
274,0,2,5832704,send_recv,2,8,BF16
275,0,2,5865472,send_recv,2,8,BF16
276,0,2,5898240,send_recv,2,8,BF16
277,0,2,5931008,send_recv,2,8,BF16
278,0,2,5963776,send_recv,2,8,BF16
279,0,2,5996544,send_recv,2,8,BF16
280,0,2,6029312,send_recv,2,8,BF16
281,0,2,6062080,send_recv,2,8,BF16
282,0,2,6094848,send_recv,2,8,BF16
283,0,2,6127616,send_recv,2,8,BF16
284,0,2,6160384,send_recv,2,8,BF16
285,0,2,6193152,send_recv,2,8,BF16
286,0,2,6225920,send_recv,2,8,BF16
287,0,2,6258688,send_recv,2,8,BF16
288,0,2,6291456,send_recv,2,8,BF16
289,0,2,6324224,send_recv,2,8,BF16
290,0,2,6356992,send_recv,2,8,BF16
291,0,2,6389760,send_recv,2,8,BF16
292,0,2,6422528,send_recv,2,8,BF16
293,0,2,6455296,send_recv,2,8,BF16
294,0,2,6488064,send_recv,2,8,BF16
295,0,2,6520832,send_recv,2,8,BF16
296,0,2,6553600,send_recv,2,8,BF16
297,0,2,6586368,send_recv,2,8,BF16
298,0,2,6619136,send_recv,2,8,BF16
299,0,2,6651904,send_recv,2,8,BF16
300,0,2,6684672,send_recv,2,8,BF16
301,0,2,6717440,send_recv,2,8,BF16
302,0,2,6750208,send_recv,2,8,BF16
303,0,2,6782976,send_recv,2,8,BF16
304,0,2,6815744,send_recv,2,8,BF16
305,0,2,6848512,send_recv,2,8,BF16
306,0,2,6881280,send_recv,2,8,BF16
307,0,2,6914048,send_recv,2,8,BF16
308,0,2,6946816,send_recv,2,8,BF16
309,0,2,6979584,send_recv,2,8,BF16
310,0,2,7012352,send_recv,2,8,BF16
311,0,2,7045120,send_recv,2,8,BF16
312,0,2,7077888,send_recv,2,8,BF16
313,0,2,7110656,send_recv,2,8,BF16
314,0,2,7143424,send_recv,2,8,BF16
315,0,2,7176192,send_recv,2,8,BF16
316,0,2,7208960,send_recv,2,8,BF16
317,0,2,7241728,send_recv,2,8,BF16
318,0,2,7274496,send_recv,2,8,BF16
319,0,2,7307264,send_recv,2,8,BF16
320,0,2,7340032,send_recv,2,8,BF16
321,0,2,7372800,send_recv,2,8,BF16
322,0,2,7405568,send_recv,2,8,BF16
323,0,2,7438336,send_recv,2,8,BF16
324,0,2,7471104,send_recv,2,8,BF16
325,0,2,7503872,send_recv,2,8,BF16
326,0,2,7536640,send_recv,2,8,BF16
327,0,2,7569408,send_recv,2,8,BF16
328,0,2,7602176,send_recv,2,8,BF16
329,0,2,7634944,send_recv,2,8,BF16
330,0,2,7667712,send_recv,2,8,BF16
331,0,2,7700480,send_recv,2,8,BF16
332,0,2,7733248,send_recv,2,8,BF16
333,0,2,7766016,send_recv,2,8,BF16
334,0,2,7798784,send_recv,2,8,BF16
335,0,2,7831552,send_recv,2,8,BF16
336,0,2,7864320,send_recv,2,8,BF16
337,0,2,7897088,send_recv,2,8,BF16
338,0,2,7929856,send_recv,2,8,BF16
339,0,2,7962624,send_recv,2,8,BF16
340,0,2,7995392,send_recv,2,8,BF16
341,0,2,8028160,send_recv,2,8,BF16
342,0,2,8060928,send_recv,2,8,BF16
343,0,2,8093696,send_recv,2,8,BF16
344,0,2,8126464,send_recv,2,8,BF16
345,0,2,8159232,send_recv,2,8,BF16
346,0,2,8192000,send_recv,2,8,BF16
347,0,2,8224768,send_recv,2,8,BF16
348,0,2,8257536,send_recv,2,8,BF16
349,0,2,8290304,send_recv,2,8,BF16
350,0,2,8323072,send_recv,2,8,BF16
351,0,2,8355840,send_recv,2,8,BF16
352,0,2,8388608,send_recv,2,8,BF16
353,0,2,8421376,send_recv,2,8,BF16
354,0,2,8454144,send_recv,2,8,BF16
355,0,2,8486912,send_recv,2,8,BF16
356,0,2,8519680,send_recv,2,8,BF16
357,0,2,8552448,send_recv,2,8,BF16
358,0,2,8585216,send_recv,2,8,BF16
359,0,2,8617984,send_recv,2,8,BF16
360,0,2,8650752,send_recv,2,8,BF16
361,0,2,8683520,send_recv,2,8,BF16
362,0,2,8716288,send_recv,2,8,BF16
363,0,2,8749056,send_recv,2,8,BF16
364,0,2,8781824,send_recv,2,8,BF16
365,0,2,8814592,send_recv,2,8,BF16
366,0,2,8847360,send_recv,2,8,BF16
367,0,2,8880128,send_recv,2,8,BF16
368,0,2,8912896,send_recv,2,8,BF16
369,0,2,8945664,send_recv,2,8,BF16
370,0,2,8978432,send_recv,2,8,BF16
371,0,2,9011200,send_recv,2,8,BF16
372,0,2,9043968,send_recv,2,8,BF16
373,0,2,9076736,send_recv,2,8,BF16
374,0,2,9109504,send_recv,2,8,BF16
375,0,2,9142272,send_recv,2,8,BF16
376,0,2,9175040,send_recv,2,8,BF16
377,0,2,9207808,send_recv,2,8,BF16
378,0,2,9240576,send_recv,2,8,BF16
379,0,2,9273344,send_recv,2,8,BF16
380,0,2,9306112,send_recv,2,8,BF16
381,0,2,9338880,send_recv,2,8,BF16
382,0,2,9371648,send_recv,2,8,BF16
383,0,2,9404416,send_recv,2,8,BF16
384,0,2,9437184,send_recv,2,8,BF16
385,0,2,9469952,send_recv,2,8,BF16
386,0,2,9502720,send_recv,2,8,BF16
387,0,2,9535488,send_recv,2,8,BF16
388,0,2,9568256,send_recv,2,8,BF16
389,0,2,9601024,send_recv,2,8,BF16
390,0,2,9633792,send_recv,2,8,BF16
391,0,2,9666560,send_recv,2,8,BF16
392,0,2,9699328,send_recv,2,8,BF16
393,0,2,9732096,send_recv,2,8,BF16
394,0,2,9764864,send_recv,2,8,BF16
395,0,2,9797632,send_recv,2,8,BF16
396,0,2,9830400,send_recv,2,8,BF16
397,0,2,9863168,send_recv,2,8,BF16
398,0,2,9895936,send_recv,2,8,BF16
399,0,2,9928704,send_recv,2,8,BF16
400,0,2,9961472,send_recv,2,8,BF16
401,0,2,9994240,send_recv,2,8,BF16
402,0,2,10027008,send_recv,2,8,BF16
403,0,2,10059776,send_recv,2,8,BF16
404,0,2,10092544,send_recv,2,8,BF16
405,0,2,10125312,send_recv,2,8,BF16
406,0,2,10158080,send_recv,2,8,BF16
407,0,2,10190848,send_recv,2,8,BF16
408,0,2,10223616,send_recv,2,8,BF16
409,0,2,10256384,send_recv,2,8,BF16
410,0,2,10289152,send_recv,2,8,BF16
411,0,2,10321920,send_recv,2,8,BF16
412,0,2,10354688,send_recv,2,8,BF16
413,0,2,10387456,send_recv,2,8,BF16
414,0,2,10420224,send_recv,2,8,BF16
415,0,2,10452992,send_recv,2,8,BF16
416,0,2,10485760,send_recv,2,8,BF16
417,0,2,10518528,send_recv,2,8,BF16
418,0,2,10551296,send_recv,2,8,BF16
419,0,2,10584064,send_recv,2,8,BF16
420,0,2,10616832,send_recv,2,8,BF16
421,0,2,10649600,send_recv,2,8,BF16
422,0,2,10682368,send_recv,2,8,BF16
423,0,2,10715136,send_recv,2,8,BF16
424,0,2,10747904,send_recv,2,8,BF16
425,0,2,10780672,send_recv,2,8,BF16
426,0,2,10813440,send_recv,2,8,BF16
427,0,2,10846208,send_recv,2,8,BF16
428,0,2,10878976,send_recv,2,8,BF16
429,0,2,10911744,send_recv,2,8,BF16
430,0,2,10944512,send_recv,2,8,BF16
431,0,2,10977280,send_recv,2,8,BF16
432,0,2,11010048,send_recv,2,8,BF16
433,0,2,11042816,send_recv,2,8,BF16
434,0,2,11075584,send_recv,2,8,BF16
435,0,2,11108352,send_recv,2,8,BF16
436,0,2,11141120,send_recv,2,8,BF16
437,0,2,11173888,send_recv,2,8,BF16
438,0,2,11206656,send_recv,2,8,BF16
439,0,2,11239424,send_recv,2,8,BF16
440,0,2,11272192,send_recv,2,8,BF16
441,0,2,11304960,send_recv,2,8,BF16
442,0,2,11337728,send_recv,2,8,BF16
443,0,2,11370496,send_recv,2,8,BF16
444,0,2,11403264,send_recv,2,8,BF16
445,0,2,11436032,send_recv,2,8,BF16
446,0,2,11468800,send_recv,2,8,BF16
447,0,2,11501568,send_recv,2,8,BF16
448,0,2,11534336,send_recv,2,8,BF16
449,0,2,11567104,send_recv,2,8,BF16
450,0,2,11599872,send_recv,2,8,BF16
451,0,2,11632640,send_recv,2,8,BF16
452,0,2,11665408,send_recv,2,8,BF16
453,0,2,11698176,send_recv,2,8,BF16
454,0,2,11730944,send_recv,2,8,BF16
455,0,2,11763712,send_recv,2,8,BF16
456,0,2,11796480,send_recv,2,8,BF16
457,0,2,11829248,send_recv,2,8,BF16
458,0,2,11862016,send_recv,2,8,BF16
459,0,2,11894784,send_recv,2,8,BF16
460,0,2,11927552,send_recv,2,8,BF16
461,0,2,11960320,send_recv,2,8,BF16
462,0,2,11993088,send_recv,2,8,BF16
463,0,2,12025856,send_recv,2,8,BF16
464,0,2,12058624,send_recv,2,8,BF16
465,0,2,12091392,send_recv,2,8,BF16
466,0,2,12124160,send_recv,2,8,BF16
467,0,2,12156928,send_recv,2,8,BF16
468,0,2,12189696,send_recv,2,8,BF16
469,0,2,12222464,send_recv,2,8,BF16
470,0,2,12255232,send_recv,2,8,BF16
471,0,2,12288000,send_recv,2,8,BF16
472,0,2,12320768,send_recv,2,8,BF16
473,0,2,12353536,send_recv,2,8,BF16
474,0,2,12386304,send_recv,2,8,BF16
475,0,2,12419072,send_recv,2,8,BF16
476,0,2,12451840,send_recv,2,8,BF16
477,0,2,12484608,send_recv,2,8,BF16
478,0,2,12517376,send_recv,2,8,BF16
479,0,2,12550144,send_recv,2,8,BF16
480,0,2,12582912,send_recv,2,8,BF16
481,0,2,12615680,send_recv,2,8,BF16
482,0,2,12648448,send_recv,2,8,BF16
483,0,2,12681216,send_recv,2,8,BF16
484,0,2,12713984,send_recv,2,8,BF16
485,0,2,12746752,send_recv,2,8,BF16
486,0,2,12779520,send_recv,2,8,BF16
487,0,2,12812288,send_recv,2,8,BF16
488,0,2,12845056,send_recv,2,8,BF16
489,0,2,12877824,send_recv,2,8,BF16
490,0,2,12910592,send_recv,2,8,BF16
491,0,2,12943360,send_recv,2,8,BF16
492,0,2,12976128,send_recv,2,8,BF16
493,0,2,13008896,send_recv,2,8,BF16
494,0,2,13041664,send_recv,2,8,BF16
495,0,2,13074432,send_recv,2,8,BF16
496,0,2,13107200,send_recv,2,8,BF16
497,0,2,13139968,send_recv,2,8,BF16
498,0,2,13172736,send_recv,2,8,BF16
499,0,2,13205504,send_recv,2,8,BF16
500,0,2,13238272,send_recv,2,8,BF16
501,0,2,13271040,send_recv,2,8,BF16
502,0,2,13303808,send_recv,2,8,BF16
503,0,2,13336576,send_recv,2,8,BF16
504,0,2,13369344,send_recv,2,8,BF16
505,0,2,13402112,send_recv,2,8,BF16
506,0,2,13434880,send_recv,2,8,BF16
507,0,2,13467648,send_recv,2,8,BF16
508,0,2,13500416,send_recv,2,8,BF16
509,0,2,13533184,send_recv,2,8,BF16
510,0,2,13565952,send_recv,2,8,BF16
511,0,2,13598720,send_recv,2,8,BF16
512,0,2,13631488,send_recv,2,8,BF16
513,0,2,13664256,send_recv,2,8,BF16
514,0,2,13697024,send_recv,2,8,BF16
515,0,2,13729792,send_recv,2,8,BF16
516,0,2,13762560,send_recv,2,8,BF16
517,0,2,13795328,send_recv,2,8,BF16
518,0,2,13828096,send_recv,2,8,BF16
519,0,2,13860864,send_recv,2,8,BF16
520,0,2,13893632,send_recv,2,8,BF16
521,0,2,13926400,send_recv,2,8,BF16
522,0,2,13959168,send_recv,2,8,BF16
523,0,2,13991936,send_recv,2,8,BF16
524,0,2,14024704,send_recv,2,8,BF16
525,0,2,14057472,send_recv,2,8,BF16
526,0,2,14090240,send_recv,2,8,BF16
527,0,2,14123008,send_recv,2,8,BF16
528,0,2,14155776,send_recv,2,8,BF16
529,0,2,14188544,send_recv,2,8,BF16
530,0,2,14221312,send_recv,2,8,BF16
531,0,2,14254080,send_recv,2,8,BF16
532,0,2,14286848,send_recv,2,8,BF16
533,0,2,14319616,send_recv,2,8,BF16
534,0,2,14352384,send_recv,2,8,BF16
535,0,2,14385152,send_recv,2,8,BF16
536,0,2,14417920,send_recv,2,8,BF16
537,0,2,14450688,send_recv,2,8,BF16
538,0,2,14483456,send_recv,2,8,BF16
539,0,2,14516224,send_recv,2,8,BF16
540,0,2,14548992,send_recv,2,8,BF16
541,0,2,14581760,send_recv,2,8,BF16
542,0,2,14614528,send_recv,2,8,BF16
543,0,2,14647296,send_recv,2,8,BF16
544,0,2,14680064,send_recv,2,8,BF16
545,0,2,14712832,send_recv,2,8,BF16
546,0,2,14745600,send_recv,2,8,BF16
547,0,2,14778368,send_recv,2,8,BF16
548,0,2,14811136,send_recv,2,8,BF16
549,0,2,14843904,send_recv,2,8,BF16
550,0,2,14876672,send_recv,2,8,BF16
551,0,2,14909440,send_recv,2,8,BF16
552,0,2,14942208,send_recv,2,8,BF16
553,0,2,14974976,send_recv,2,8,BF16
554,0,2,15007744,send_recv,2,8,BF16
555,0,2,15040512,send_recv,2,8,BF16
556,0,2,15073280,send_recv,2,8,BF16
557,0,2,15106048,send_recv,2,8,BF16
558,0,2,15138816,send_recv,2,8,BF16
559,0,2,15171584,send_recv,2,8,BF16
560,0,2,15204352,send_recv,2,8,BF16
561,0,2,15237120,send_recv,2,8,BF16
562,0,2,15269888,send_recv,2,8,BF16
563,0,2,15302656,send_recv,2,8,BF16
564,0,2,15335424,send_recv,2,8,BF16
565,0,2,15368192,send_recv,2,8,BF16
566,0,2,15400960,send_recv,2,8,BF16
567,0,2,15433728,send_recv,2,8,BF16
568,0,2,15466496,send_recv,2,8,BF16
569,0,2,15499264,send_recv,2,8,BF16
570,0,2,15532032,send_recv,2,8,BF16
571,0,2,15564800,send_recv,2,8,BF16
572,0,2,15597568,send_recv,2,8,BF16
573,0,2,15630336,send_recv,2,8,BF16
574,0,2,15663104,send_recv,2,8,BF16
575,0,2,15695872,send_recv,2,8,BF16
576,0,2,15728640,send_recv,2,8,BF16
577,0,2,15761408,send_recv,2,8,BF16
578,0,2,15794176,send_recv,2,8,BF16
579,0,2,15826944,send_recv,2,8,BF16
580,0,2,15859712,send_recv,2,8,BF16
581,0,2,15892480,send_recv,2,8,BF16
582,0,2,15925248,send_recv,2,8,BF16
583,0,2,15958016,send_recv,2,8,BF16
584,0,2,15990784,send_recv,2,8,BF16
585,0,2,16023552,send_recv,2,8,BF16
586,0,2,16056320,send_recv,2,8,BF16
587,0,2,16089088,send_recv,2,8,BF16
588,0,2,16121856,send_recv,2,8,BF16
589,0,2,16154624,send_recv,2,8,BF16
590,0,2,16187392,send_recv,2,8,BF16
591,0,2,16220160,send_recv,2,8,BF16
592,0,2,16252928,send_recv,2,8,BF16
593,0,2,16285696,send_recv,2,8,BF16
594,0,2,16318464,send_recv,2,8,BF16
595,0,2,16351232,send_recv,2,8,BF16
596,0,2,16384000,send_recv,2,8,BF16
597,0,2,16416768,send_recv,2,8,BF16
598,0,2,16449536,send_recv,2,8,BF16
599,0,2,16482304,send_recv,2,8,BF16
600,0,2,16515072,send_recv,2,8,BF16
601,0,2,16547840,send_recv,2,8,BF16
602,0,2,16580608,send_recv,2,8,BF16
603,0,2,16613376,send_recv,2,8,BF16
604,0,2,16646144,send_recv,2,8,BF16
605,0,2,16678912,send_recv,2,8,BF16
606,0,2,16711680,send_recv,2,8,BF16
607,0,2,16744448,send_recv,2,8,BF16
608,0,2,16777216,send_recv,2,8,BF16
609,0,2,16777216,send_recv,2,8,BF16
610,0,2,16908288,send_recv,2,8,BF16
611,0,2,17039360,send_recv,2,8,BF16
612,0,2,17170432,send_recv,2,8,BF16
613,0,2,17301504,send_recv,2,8,BF16
614,0,2,17432576,send_recv,2,8,BF16
615,0,2,17563648,send_recv,2,8,BF16
616,0,2,17694720,send_recv,2,8,BF16
617,0,2,17825792,send_recv,2,8,BF16
618,0,2,17956864,send_recv,2,8,BF16
619,0,2,18087936,send_recv,2,8,BF16
620,0,2,18219008,send_recv,2,8,BF16
621,0,2,18350080,send_recv,2,8,BF16
622,0,2,18481152,send_recv,2,8,BF16
623,0,2,18612224,send_recv,2,8,BF16
624,0,2,18743296,send_recv,2,8,BF16
625,0,2,18874368,send_recv,2,8,BF16
626,0,2,19005440,send_recv,2,8,BF16
627,0,2,19136512,send_recv,2,8,BF16
628,0,2,19267584,send_recv,2,8,BF16
629,0,2,19398656,send_recv,2,8,BF16
630,0,2,19529728,send_recv,2,8,BF16
631,0,2,19660800,send_recv,2,8,BF16
632,0,2,19791872,send_recv,2,8,BF16
633,0,2,19922944,send_recv,2,8,BF16
634,0,2,20054016,send_recv,2,8,BF16
635,0,2,20185088,send_recv,2,8,BF16
636,0,2,20316160,send_recv,2,8,BF16
637,0,2,20447232,send_recv,2,8,BF16
638,0,2,20578304,send_recv,2,8,BF16
639,0,2,20709376,send_recv,2,8,BF16
640,0,2,20840448,send_recv,2,8,BF16
641,0,2,20971520,send_recv,2,8,BF16
642,0,2,21102592,send_recv,2,8,BF16
643,0,2,21233664,send_recv,2,8,BF16
644,0,2,21364736,send_recv,2,8,BF16
645,0,2,21495808,send_recv,2,8,BF16
646,0,2,21626880,send_recv,2,8,BF16
647,0,2,21757952,send_recv,2,8,BF16
648,0,2,21889024,send_recv,2,8,BF16
649,0,2,22020096,send_recv,2,8,BF16
650,0,2,22151168,send_recv,2,8,BF16
651,0,2,22282240,send_recv,2,8,BF16
652,0,2,22413312,send_recv,2,8,BF16
653,0,2,22544384,send_recv,2,8,BF16
654,0,2,22675456,send_recv,2,8,BF16
655,0,2,22806528,send_recv,2,8,BF16
656,0,2,22937600,send_recv,2,8,BF16
657,0,2,23068672,send_recv,2,8,BF16
658,0,2,23199744,send_recv,2,8,BF16
659,0,2,23330816,send_recv,2,8,BF16
660,0,2,23461888,send_recv,2,8,BF16
661,0,2,23592960,send_recv,2,8,BF16
662,0,2,23724032,send_recv,2,8,BF16
663,0,2,23855104,send_recv,2,8,BF16
664,0,2,23986176,send_recv,2,8,BF16
665,0,2,24117248,send_recv,2,8,BF16
666,0,2,24248320,send_recv,2,8,BF16
667,0,2,24379392,send_recv,2,8,BF16
668,0,2,24510464,send_recv,2,8,BF16
669,0,2,24641536,send_recv,2,8,BF16
670,0,2,24772608,send_recv,2,8,BF16
671,0,2,24903680,send_recv,2,8,BF16
672,0,2,25034752,send_recv,2,8,BF16
673,0,2,25165824,send_recv,2,8,BF16
674,0,2,25296896,send_recv,2,8,BF16
675,0,2,25427968,send_recv,2,8,BF16
676,0,2,25559040,send_recv,2,8,BF16
677,0,2,25690112,send_recv,2,8,BF16
678,0,2,25821184,send_recv,2,8,BF16
679,0,2,25952256,send_recv,2,8,BF16
680,0,2,26083328,send_recv,2,8,BF16
681,0,2,26214400,send_recv,2,8,BF16
682,0,2,26345472,send_recv,2,8,BF16
683,0,2,26476544,send_recv,2,8,BF16
684,0,2,26607616,send_recv,2,8,BF16
685,0,2,26738688,send_recv,2,8,BF16
686,0,2,26869760,send_recv,2,8,BF16
687,0,2,27000832,send_recv,2,8,BF16
688,0,2,27131904,send_recv,2,8,BF16
689,0,2,27262976,send_recv,2,8,BF16
690,0,2,27394048,send_recv,2,8,BF16
691,0,2,27525120,send_recv,2,8,BF16
692,0,2,27656192,send_recv,2,8,BF16
693,0,2,27787264,send_recv,2,8,BF16
694,0,2,27918336,send_recv,2,8,BF16
695,0,2,28049408,send_recv,2,8,BF16
696,0,2,28180480,send_recv,2,8,BF16
697,0,2,28311552,send_recv,2,8,BF16
698,0,2,28442624,send_recv,2,8,BF16
699,0,2,28573696,send_recv,2,8,BF16
700,0,2,28704768,send_recv,2,8,BF16
701,0,2,28835840,send_recv,2,8,BF16
702,0,2,28966912,send_recv,2,8,BF16
703,0,2,29097984,send_recv,2,8,BF16
704,0,2,29229056,send_recv,2,8,BF16
705,0,2,29360128,send_recv,2,8,BF16
706,0,2,29491200,send_recv,2,8,BF16
707,0,2,29622272,send_recv,2,8,BF16
708,0,2,29753344,send_recv,2,8,BF16
709,0,2,29884416,send_recv,2,8,BF16
710,0,2,30015488,send_recv,2,8,BF16
711,0,2,30146560,send_recv,2,8,BF16
712,0,2,30277632,send_recv,2,8,BF16
713,0,2,30408704,send_recv,2,8,BF16
714,0,2,30539776,send_recv,2,8,BF16
715,0,2,30670848,send_recv,2,8,BF16
716,0,2,30801920,send_recv,2,8,BF16
717,0,2,30932992,send_recv,2,8,BF16
718,0,2,31064064,send_recv,2,8,BF16
719,0,2,31195136,send_recv,2,8,BF16
720,0,2,31326208,send_recv,2,8,BF16
721,0,2,31457280,send_recv,2,8,BF16
722,0,2,31588352,send_recv,2,8,BF16
723,0,2,31719424,send_recv,2,8,BF16
724,0,2,31850496,send_recv,2,8,BF16
725,0,2,31981568,send_recv,2,8,BF16
726,0,2,32112640,send_recv,2,8,BF16
727,0,2,32243712,send_recv,2,8,BF16
728,0,2,32374784,send_recv,2,8,BF16
729,0,2,32505856,send_recv,2,8,BF16
730,0,2,32636928,send_recv,2,8,BF16
731,0,2,32768000,send_recv,2,8,BF16
732,0,2,32899072,send_recv,2,8,BF16
733,0,2,33030144,send_recv,2,8,BF16
734,0,2,33161216,send_recv,2,8,BF16
735,0,2,33292288,send_recv,2,8,BF16
736,0,2,33423360,send_recv,2,8,BF16
737,0,2,33554432,send_recv,2,8,BF16
738,0,2,33685504,send_recv,2,8,BF16
739,0,2,33816576,send_recv,2,8,BF16
740,0,2,33947648,send_recv,2,8,BF16
741,0,2,34078720,send_recv,2,8,BF16
742,0,2,34209792,send_recv,2,8,BF16
743,0,2,34340864,send_recv,2,8,BF16
744,0,2,34471936,send_recv,2,8,BF16
745,0,2,34603008,send_recv,2,8,BF16
746,0,2,34734080,send_recv,2,8,BF16
747,0,2,34865152,send_recv,2,8,BF16
748,0,2,34996224,send_recv,2,8,BF16
749,0,2,35127296,send_recv,2,8,BF16
750,0,2,35258368,send_recv,2,8,BF16
751,0,2,35389440,send_recv,2,8,BF16
752,0,2,35520512,send_recv,2,8,BF16
753,0,2,35651584,send_recv,2,8,BF16
754,0,2,35782656,send_recv,2,8,BF16
755,0,2,35913728,send_recv,2,8,BF16
756,0,2,36044800,send_recv,2,8,BF16
757,0,2,36175872,send_recv,2,8,BF16
758,0,2,36306944,send_recv,2,8,BF16
759,0,2,36438016,send_recv,2,8,BF16
760,0,2,36569088,send_recv,2,8,BF16
761,0,2,36700160,send_recv,2,8,BF16
762,0,2,36831232,send_recv,2,8,BF16
763,0,2,36962304,send_recv,2,8,BF16
764,0,2,37093376,send_recv,2,8,BF16
765,0,2,37224448,send_recv,2,8,BF16
766,0,2,37355520,send_recv,2,8,BF16
767,0,2,37486592,send_recv,2,8,BF16
768,0,2,37617664,send_recv,2,8,BF16
769,0,2,37748736,send_recv,2,8,BF16
770,0,2,37879808,send_recv,2,8,BF16
771,0,2,38010880,send_recv,2,8,BF16
772,0,2,38141952,send_recv,2,8,BF16
773,0,2,38273024,send_recv,2,8,BF16
774,0,2,38404096,send_recv,2,8,BF16
775,0,2,38535168,send_recv,2,8,BF16
776,0,2,38666240,send_recv,2,8,BF16
777,0,2,38797312,send_recv,2,8,BF16
778,0,2,38928384,send_recv,2,8,BF16
779,0,2,39059456,send_recv,2,8,BF16
780,0,2,39190528,send_recv,2,8,BF16
781,0,2,39321600,send_recv,2,8,BF16
782,0,2,39452672,send_recv,2,8,BF16
783,0,2,39583744,send_recv,2,8,BF16
784,0,2,39714816,send_recv,2,8,BF16
785,0,2,39845888,send_recv,2,8,BF16
786,0,2,39976960,send_recv,2,8,BF16
787,0,2,40108032,send_recv,2,8,BF16
788,0,2,40239104,send_recv,2,8,BF16
789,0,2,40370176,send_recv,2,8,BF16
790,0,2,40501248,send_recv,2,8,BF16
791,0,2,40632320,send_recv,2,8,BF16
792,0,2,40763392,send_recv,2,8,BF16
793,0,2,40894464,send_recv,2,8,BF16
794,0,2,41025536,send_recv,2,8,BF16
795,0,2,41156608,send_recv,2,8,BF16
796,0,2,41287680,send_recv,2,8,BF16
797,0,2,41418752,send_recv,2,8,BF16
798,0,2,41549824,send_recv,2,8,BF16
799,0,2,41680896,send_recv,2,8,BF16
800,0,2,41811968,send_recv,2,8,BF16
801,0,2,41943040,send_recv,2,8,BF16
802,0,2,42074112,send_recv,2,8,BF16
803,0,2,42205184,send_recv,2,8,BF16
804,0,2,42336256,send_recv,2,8,BF16
805,0,2,42467328,send_recv,2,8,BF16
806,0,2,42598400,send_recv,2,8,BF16
807,0,2,42729472,send_recv,2,8,BF16
808,0,2,42860544,send_recv,2,8,BF16
809,0,2,42991616,send_recv,2,8,BF16
810,0,2,43122688,send_recv,2,8,BF16
811,0,2,43253760,send_recv,2,8,BF16
812,0,2,43384832,send_recv,2,8,BF16
813,0,2,43515904,send_recv,2,8,BF16
814,0,2,43646976,send_recv,2,8,BF16
815,0,2,43778048,send_recv,2,8,BF16
816,0,2,43909120,send_recv,2,8,BF16
817,0,2,44040192,send_recv,2,8,BF16
818,0,2,44171264,send_recv,2,8,BF16
819,0,2,44302336,send_recv,2,8,BF16
820,0,2,44433408,send_recv,2,8,BF16
821,0,2,44564480,send_recv,2,8,BF16
822,0,2,44695552,send_recv,2,8,BF16
823,0,2,44826624,send_recv,2,8,BF16
824,0,2,44957696,send_recv,2,8,BF16
825,0,2,45088768,send_recv,2,8,BF16
826,0,2,45219840,send_recv,2,8,BF16
827,0,2,45350912,send_recv,2,8,BF16
828,0,2,45481984,send_recv,2,8,BF16
829,0,2,45613056,send_recv,2,8,BF16
830,0,2,45744128,send_recv,2,8,BF16
831,0,2,45875200,send_recv,2,8,BF16
832,0,2,46006272,send_recv,2,8,BF16
833,0,2,46137344,send_recv,2,8,BF16
834,0,2,46268416,send_recv,2,8,BF16
835,0,2,46399488,send_recv,2,8,BF16
836,0,2,46530560,send_recv,2,8,BF16
837,0,2,46661632,send_recv,2,8,BF16
838,0,2,46792704,send_recv,2,8,BF16
839,0,2,46923776,send_recv,2,8,BF16
840,0,2,47054848,send_recv,2,8,BF16
841,0,2,47185920,send_recv,2,8,BF16
842,0,2,47316992,send_recv,2,8,BF16
843,0,2,47448064,send_recv,2,8,BF16
844,0,2,47579136,send_recv,2,8,BF16
845,0,2,47710208,send_recv,2,8,BF16
846,0,2,47841280,send_recv,2,8,BF16
847,0,2,47972352,send_recv,2,8,BF16
848,0,2,48103424,send_recv,2,8,BF16
849,0,2,48234496,send_recv,2,8,BF16
850,0,2,48365568,send_recv,2,8,BF16
851,0,2,48496640,send_recv,2,8,BF16
852,0,2,48627712,send_recv,2,8,BF16
853,0,2,48758784,send_recv,2,8,BF16
854,0,2,48889856,send_recv,2,8,BF16
855,0,2,49020928,send_recv,2,8,BF16
856,0,2,49152000,send_recv,2,8,BF16
857,0,2,49283072,send_recv,2,8,BF16
858,0,2,49414144,send_recv,2,8,BF16
859,0,2,49545216,send_recv,2,8,BF16
860,0,2,49676288,send_recv,2,8,BF16
861,0,2,49807360,send_recv,2,8,BF16
862,0,2,49938432,send_recv,2,8,BF16
863,0,2,50069504,send_recv,2,8,BF16
864,0,2,50200576,send_recv,2,8,BF16
865,0,2,50331648,send_recv,2,8,BF16
866,0,2,50462720,send_recv,2,8,BF16
867,0,2,50593792,send_recv,2,8,BF16
868,0,2,50724864,send_recv,2,8,BF16
869,0,2,50855936,send_recv,2,8,BF16
870,0,2,50987008,send_recv,2,8,BF16
871,0,2,51118080,send_recv,2,8,BF16
872,0,2,51249152,send_recv,2,8,BF16
873,0,2,51380224,send_recv,2,8,BF16
874,0,2,51511296,send_recv,2,8,BF16
875,0,2,51642368,send_recv,2,8,BF16
876,0,2,51773440,send_recv,2,8,BF16
877,0,2,51904512,send_recv,2,8,BF16
878,0,2,52035584,send_recv,2,8,BF16
879,0,2,52166656,send_recv,2,8,BF16
880,0,2,52297728,send_recv,2,8,BF16
881,0,2,52428800,send_recv,2,8,BF16
882,0,2,52559872,send_recv,2,8,BF16
883,0,2,52690944,send_recv,2,8,BF16
884,0,2,52822016,send_recv,2,8,BF16
885,0,2,52953088,send_recv,2,8,BF16
886,0,2,53084160,send_recv,2,8,BF16
887,0,2,53215232,send_recv,2,8,BF16
888,0,2,53346304,send_recv,2,8,BF16
889,0,2,53477376,send_recv,2,8,BF16
890,0,2,53608448,send_recv,2,8,BF16
891,0,2,53739520,send_recv,2,8,BF16
892,0,2,53870592,send_recv,2,8,BF16
893,0,2,54001664,send_recv,2,8,BF16
894,0,2,54132736,send_recv,2,8,BF16
895,0,2,54263808,send_recv,2,8,BF16
896,0,2,54394880,send_recv,2,8,BF16
897,0,2,54525952,send_recv,2,8,BF16
898,0,2,54657024,send_recv,2,8,BF16
899,0,2,54788096,send_recv,2,8,BF16
900,0,2,54919168,send_recv,2,8,BF16
901,0,2,55050240,send_recv,2,8,BF16
902,0,2,55181312,send_recv,2,8,BF16
903,0,2,55312384,send_recv,2,8,BF16
904,0,2,55443456,send_recv,2,8,BF16
905,0,2,55574528,send_recv,2,8,BF16
906,0,2,55705600,send_recv,2,8,BF16
907,0,2,55836672,send_recv,2,8,BF16
908,0,2,55967744,send_recv,2,8,BF16
909,0,2,56098816,send_recv,2,8,BF16
910,0,2,56229888,send_recv,2,8,BF16
911,0,2,56360960,send_recv,2,8,BF16
912,0,2,56492032,send_recv,2,8,BF16
913,0,2,56623104,send_recv,2,8,BF16
914,0,2,56754176,send_recv,2,8,BF16
915,0,2,56885248,send_recv,2,8,BF16
916,0,2,57016320,send_recv,2,8,BF16
917,0,2,57147392,send_recv,2,8,BF16
918,0,2,57278464,send_recv,2,8,BF16
919,0,2,57409536,send_recv,2,8,BF16
920,0,2,57540608,send_recv,2,8,BF16
921,0,2,57671680,send_recv,2,8,BF16
922,0,2,57802752,send_recv,2,8,BF16
923,0,2,57933824,send_recv,2,8,BF16
924,0,2,58064896,send_recv,2,8,BF16
925,0,2,58195968,send_recv,2,8,BF16
926,0,2,58327040,send_recv,2,8,BF16
927,0,2,58458112,send_recv,2,8,BF16
928,0,2,58589184,send_recv,2,8,BF16
929,0,2,58720256,send_recv,2,8,BF16
930,0,2,58851328,send_recv,2,8,BF16
931,0,2,58982400,send_recv,2,8,BF16
932,0,2,59113472,send_recv,2,8,BF16
933,0,2,59244544,send_recv,2,8,BF16
934,0,2,59375616,send_recv,2,8,BF16
935,0,2,59506688,send_recv,2,8,BF16
936,0,2,59637760,send_recv,2,8,BF16
937,0,2,59768832,send_recv,2,8,BF16
938,0,2,59899904,send_recv,2,8,BF16
939,0,2,60030976,send_recv,2,8,BF16
940,0,2,60162048,send_recv,2,8,BF16
941,0,2,60293120,send_recv,2,8,BF16
942,0,2,60424192,send_recv,2,8,BF16
943,0,2,60555264,send_recv,2,8,BF16
944,0,2,60686336,send_recv,2,8,BF16
945,0,2,60817408,send_recv,2,8,BF16
946,0,2,60948480,send_recv,2,8,BF16
947,0,2,61079552,send_recv,2,8,BF16
948,0,2,61210624,send_recv,2,8,BF16
949,0,2,61341696,send_recv,2,8,BF16
950,0,2,61472768,send_recv,2,8,BF16
951,0,2,61603840,send_recv,2,8,BF16
952,0,2,61734912,send_recv,2,8,BF16
953,0,2,61865984,send_recv,2,8,BF16
954,0,2,61997056,send_recv,2,8,BF16
955,0,2,62128128,send_recv,2,8,BF16
956,0,2,62259200,send_recv,2,8,BF16
957,0,2,62390272,send_recv,2,8,BF16
958,0,2,62521344,send_recv,2,8,BF16
959,0,2,62652416,send_recv,2,8,BF16
960,0,2,62783488,send_recv,2,8,BF16
961,0,2,62914560,send_recv,2,8,BF16
962,0,2,63045632,send_recv,2,8,BF16
963,0,2,63176704,send_recv,2,8,BF16
964,0,2,63307776,send_recv,2,8,BF16
965,0,2,63438848,send_recv,2,8,BF16
966,0,2,63569920,send_recv,2,8,BF16
967,0,2,63700992,send_recv,2,8,BF16
968,0,2,63832064,send_recv,2,8,BF16
969,0,2,63963136,send_recv,2,8,BF16
970,0,2,64094208,send_recv,2,8,BF16
971,0,2,64225280,send_recv,2,8,BF16
972,0,2,64356352,send_recv,2,8,BF16
973,0,2,64487424,send_recv,2,8,BF16
974,0,2,64618496,send_recv,2,8,BF16
975,0,2,64749568,send_recv,2,8,BF16
976,0,2,64880640,send_recv,2,8,BF16
977,0,2,65011712,send_recv,2,8,BF16
978,0,2,65142784,send_recv,2,8,BF16
979,0,2,65273856,send_recv,2,8,BF16
980,0,2,65404928,send_recv,2,8,BF16
981,0,2,65536000,send_recv,2,8,BF16
982,0,2,65667072,send_recv,2,8,BF16
983,0,2,65798144,send_recv,2,8,BF16
984,0,2,65929216,send_recv,2,8,BF16
985,0,2,66060288,send_recv,2,8,BF16
986,0,2,66191360,send_recv,2,8,BF16
987,0,2,66322432,send_recv,2,8,BF16
988,0,2,66453504,send_recv,2,8,BF16
989,0,2,66584576,send_recv,2,8,BF16
990,0,2,66715648,send_recv,2,8,BF16
991,0,2,66846720,send_recv,2,8,BF16
992,0,2,66977792,send_recv,2,8,BF16
993,0,2,67108864,send_recv,2,8,BF16
