time_stats.moe_gating_linear.min,time_stats.moe_gating_linear.max,time_stats.moe_gating_linear.mean,time_stats.moe_gating_linear.median,time_stats.moe_gating_linear.std,time_stats.moe_gating_linear.count,time_stats.moe_gating_routing_topk.min,time_stats.moe_gating_routing_topk.max,time_stats.moe_gating_routing_topk.mean,time_stats.moe_gating_routing_topk.median,time_stats.moe_gating_routing_topk.std,time_stats.moe_gating_routing_topk.count,time_stats.moe_shuffling.min,time_stats.moe_shuffling.max,time_stats.moe_shuffling.mean,time_stats.moe_shuffling.median,time_stats.moe_shuffling.std,time_stats.moe_shuffling.count,time_stats.moe_grouped_gemm.min,time_stats.moe_grouped_gemm.max,time_stats.moe_grouped_gemm.mean,time_stats.moe_grouped_gemm.median,time_stats.moe_grouped_gemm.std,time_stats.moe_grouped_gemm.count,num_tokens,num_experts,num_experts_per_device,expert_parallel_size,routing_runtime_path,routing_assignment_policy,routing_weight_policy,routing_uses_router_logits,gating_runtime_context,gating_runtime_context_impl,router_topk,hidden_dim,expert_hidden_dim,use_gated,num_tensor_parallel_workers,total_routed_tokens,model_expansion_ratio,tokens_per_expert_avg,tokens_to_experts_ratio,expert_utilization,min_load_ratio,load_imbalance_cv,max_load_ratio,load_entropy,load_gini_coefficient,load_distribution,seed,moe_grouped_gemm_backend,measurement_type,profiling_precision,model_arch,model_architecture_profile,quant_signature
0.006799,0.006799,0.006799,0.006799,0.0,1,0.0633259999999999,0.0633259999999999,0.0633259999999999,0.0633259999999999,0.0,1,0.009118,0.009118,0.009118,0.009118,0.0,1,0.193357,0.205796,0.1977647,0.1969365,0.0031777723345135,20,32,128,128,1,uniform_topk,round_robin_uniform,uniform_1_over_topk,False,standalone_legacy,none,8,2048,768,True,1,256,0.375,2.0,2.0,0.8671875,0.0,0.673145600891813,3.0,6.611033548154109,0.373291015625,uniform,0,vllm_fused,KERNEL_ONLY,BF16,generic,generic,none
0.005639,0.005639,0.005639,0.005639,0.0,1,0.0613249999999999,0.0613249999999999,0.0613249999999999,0.0613249999999999,0.0,1,0.008438,0.008438,0.008438,0.008438,0.0,1,0.190197,0.198316,0.1941307,0.1940365,0.0022528676414738,20,32,128,128,1,uniform_topk,round_robin_uniform,uniform_1_over_topk,False,standalone_legacy,none,8,2048,768,True,1,256,0.375,2.0,2.0,0.84375,0.0,0.7207851621669248,3.0,6.5589047280680814,0.39886474609375,uniform,1,vllm_fused,KERNEL_ONLY,BF16,generic,generic,none
0.005679,0.005679,0.005679,0.005679,0.0,1,0.0608059999999999,0.0608059999999999,0.0608059999999999,0.0608059999999999,0.0,1,0.008398,0.008398,0.008398,0.008398,0.0,1,0.192917,0.201836,0.19630075,0.196237,0.0019444773558722,20,32,128,128,1,uniform_topk,round_robin_uniform,uniform_1_over_topk,False,standalone_legacy,none,8,2048,768,True,1,256,0.375,2.0,2.0,0.8671875,0.0,0.6931585316505886,3.5,6.60801150168535,0.37054443359375,uniform,2,vllm_fused,KERNEL_ONLY,BF16,generic,generic,none
0.005519,0.005519,0.005519,0.005519,0.0,1,0.0607249999999999,0.0607249999999999,0.0607249999999999,0.0607249999999999,0.0,1,0.008558,0.008558,0.008558,0.008558,0.0,1,0.190637,0.203997,0.1963127499999999,0.1953565,0.0034951163339007,20,31,128,128,1,uniform_topk,round_robin_uniform,uniform_1_over_topk,False,standalone_legacy,none,8,2048,768,True,1,248,0.375,1.9375,1.9375,0.859375,0.0,0.6820120810279346,3.096774193548387,6.598428432543006,0.3777091733870967,uniform,0,vllm_fused,KERNEL_ONLY,BF16,generic,generic,none
0.005479,0.005479,0.005479,0.005479,0.0,1,0.0604459999999999,0.0604459999999999,0.0604459999999999,0.0604459999999999,0.0,1,0.008398,0.008398,0.008398,0.008398,0.0,1,0.190397,0.201357,0.19409075,0.193537,0.0026420248271922,20,31,128,128,1,uniform_topk,round_robin_uniform,uniform_1_over_topk,False,standalone_legacy,none,8,2048,768,True,1,248,0.375,1.9375,1.9375,0.84375,0.0,0.7176966277834512,3.096774193548387,6.561411574015607,0.3971144153225807,uniform,1,vllm_fused,KERNEL_ONLY,BF16,generic,generic,none
0.005519,0.005519,0.005519,0.005519,0.0,1,0.0619249999999999,0.0619249999999999,0.0619249999999999,0.0619249999999999,0.0,1,0.008438,0.008438,0.008438,0.008438,0.0,1,0.190717,0.198477,0.1937568,0.1932565,0.0021112176960228,20,31,128,128,1,uniform_topk,round_robin_uniform,uniform_1_over_topk,False,standalone_legacy,none,8,2048,768,True,1,248,0.375,1.9375,1.9375,0.8515625,0.0,0.7000817552971196,3.612903225806452,6.590457011551798,0.3758190524193547,uniform,2,vllm_fused,KERNEL_ONLY,BF16,generic,generic,none
0.005599,0.005599,0.005599,0.005599,0.0,1,0.061006,0.061006,0.061006,0.061006,0.0,1,0.008358,0.008358,0.008358,0.008358,0.0,1,0.190317,0.198477,0.19319475,0.1924565,0.0022444070904138,20,30,128,128,1,uniform_topk,round_robin_uniform,uniform_1_over_topk,False,standalone_legacy,none,8,2048,768,True,1,240,0.375,1.875,1.875,0.84375,0.0,0.7055336829505575,3.2,6.570554517716213,0.3899088541666666,uniform,0,vllm_fused,KERNEL_ONLY,BF16,generic,generic,none
0.005639,0.005639,0.005639,0.005639,0.0,1,0.059686,0.059686,0.059686,0.059686,0.0,1,0.008358,0.008358,0.008358,0.008358,0.0,1,0.1889169999999999,0.200317,0.1934167499999999,0.192717,0.0033867037348283,20,30,128,128,1,uniform_topk,round_robin_uniform,uniform_1_over_topk,False,standalone_legacy,none,8,2048,768,True,1,240,0.375,1.875,1.875,0.8359375,0.0,0.7118052168020874,2.6666666666666665,6.560449128459913,0.3942708333333333,uniform,1,vllm_fused,KERNEL_ONLY,BF16,generic,generic,none
0.005559,0.005559,0.005559,0.005559,0.0,1,0.0599259999999999,0.0599259999999999,0.0599259999999999,0.0599259999999999,0.0,1,0.008318,0.008318,0.008318,0.008318,0.0,1,0.1852359999999999,0.194317,0.18920475,0.188317,0.0023531545184071,20,30,128,128,1,uniform_topk,round_robin_uniform,uniform_1_over_topk,False,standalone_legacy,none,8,2048,768,True,1,240,0.375,1.875,1.875,0.828125,0.0,0.7149203529842405,3.2,6.558135976150212,0.3889973958333332,uniform,2,vllm_fused,KERNEL_ONLY,BF16,generic,generic,none
0.005479,0.005479,0.005479,0.005479,0.0,1,0.0609259999999999,0.0609259999999999,0.0609259999999999,0.0609259999999999,0.0,1,0.008318,0.008318,0.008318,0.008318,0.0,1,0.184596,0.191716,0.18711475,0.186277,0.0019958975894318,20,29,128,128,1,uniform_topk,round_robin_uniform,uniform_1_over_topk,False,standalone_legacy,none,8,2048,768,True,1,232,0.375,1.8125,1.8125,0.8203125,0.0,0.7355423795759153,3.310344827586207,6.530542326254615,0.40625,uniform,0,vllm_fused,KERNEL_ONLY,BF16,generic,generic,none
0.005359,0.005359,0.005359,0.005359,0.0,1,0.0614859999999999,0.0614859999999999,0.0614859999999999,0.0614859999999999,0.0,1,0.008398,0.008398,0.008398,0.008398,0.0,1,0.188077,0.202197,0.19220075,0.1914565,0.0036626496129851,20,29,128,128,1,uniform_topk,round_robin_uniform,uniform_1_over_topk,False,standalone_legacy,none,8,2048,768,True,1,232,0.375,1.8125,1.8125,0.8359375,0.0,0.7191949522280762,2.7586206896551726,6.556142475098113,0.3966190732758621,uniform,1,vllm_fused,KERNEL_ONLY,BF16,generic,generic,none
0.005679,0.005679,0.005679,0.005679,0.0,1,0.0608859999999999,0.0608859999999999,0.0608859999999999,0.0608859999999999,0.0,1,0.008478,0.008478,0.008478,0.008478,0.0,1,0.184757,0.196397,0.18927475,0.189077,0.0026996739039187,20,29,128,128,1,uniform_topk,round_robin_uniform,uniform_1_over_topk,False,standalone_legacy,none,8,2048,768,True,1,232,0.375,1.8125,1.8125,0.828125,0.0,0.7191949522280762,3.310344827586207,6.553319104302339,0.3933863146551724,uniform,2,vllm_fused,KERNEL_ONLY,BF16,generic,generic,none
0.005479,0.005479,0.005479,0.005479,0.0,1,0.0610859999999999,0.0610859999999999,0.0610859999999999,0.0610859999999999,0.0,1,0.008398,0.008398,0.008398,0.008398,0.0,1,0.180477,0.191277,0.18424075,0.183957,0.0025192304752642,20,28,128,128,1,uniform_topk,round_robin_uniform,uniform_1_over_topk,False,standalone_legacy,none,8,2048,768,True,1,224,0.375,1.75,1.75,0.8046875,0.0,0.7525466966323384,3.4285714285714284,6.507306334235844,0.4139229910714286,uniform,0,vllm_fused,KERNEL_ONLY,BF16,generic,generic,none
0.005559,0.005559,0.005559,0.005559,0.0,1,0.0614459999999999,0.0614459999999999,0.0614459999999999,0.0614459999999999,0.0,1,0.008358,0.008358,0.008358,0.008358,0.0,1,0.188797,0.196676,0.1926607,0.192297,0.0021022946059008,20,28,128,128,1,uniform_topk,round_robin_uniform,uniform_1_over_topk,False,standalone_legacy,none,8,2048,768,True,1,224,0.375,1.75,1.75,0.8359375,0.0,0.7284313590846835,2.857142857142857,6.550496387856426,0.3996930803571428,uniform,1,vllm_fused,KERNEL_ONLY,BF16,generic,generic,none
0.005479,0.005479,0.005479,0.005479,0.0,1,0.060366,0.060366,0.060366,0.060366,0.0,1,0.008478,0.008478,0.008478,0.008478,0.0,1,0.182837,0.196956,0.18784075,0.1873369999999999,0.0035096794992563,20,28,128,128,1,uniform_topk,round_robin_uniform,uniform_1_over_topk,False,standalone_legacy,none,8,2048,768,True,1,224,0.375,1.75,1.75,0.8203125,0.0,0.7319250547113999,3.4285714285714284,6.538082463586152,0.39990234375,uniform,2,vllm_fused,KERNEL_ONLY,BF16,generic,generic,none
0.005479,0.005479,0.005479,0.005479,0.0,1,0.060446,0.060446,0.060446,0.060446,0.0,1,0.008438,0.008438,0.008438,0.008438,0.0,1,0.179596,0.188556,0.1833787499999999,0.182877,0.0026165426018889,20,27,128,128,1,uniform_topk,round_robin_uniform,uniform_1_over_topk,False,standalone_legacy,none,8,2048,768,True,1,216,0.375,1.6875,1.6875,0.796875,0.0,0.7865466882072334,3.555555555555556,6.47499863099045,0.4308449074074074,uniform,0,vllm_fused,KERNEL_ONLY,BF16,generic,generic,none
0.005559,0.005559,0.005559,0.005559,0.0,1,0.060366,0.060366,0.060366,0.060366,0.0,1,0.008198,0.008198,0.008198,0.008198,0.0,1,0.181956,0.194357,0.18666675,0.1858165,0.0031501300270782,20,27,128,128,1,uniform_topk,round_robin_uniform,uniform_1_over_topk,False,standalone_legacy,none,8,2048,768,True,1,216,0.375,1.6875,1.6875,0.8125,0.0,0.75812924038736,2.962962962962963,6.510529057037037,0.4154369212962963,uniform,1,vllm_fused,KERNEL_ONLY,BF16,generic,generic,none
0.005519,0.005519,0.005519,0.005519,0.0,1,0.0610459999999999,0.0610459999999999,0.0610459999999999,0.0610459999999999,0.0,1,0.008358,0.008358,0.008358,0.008358,0.0,1,0.179877,0.1921169999999999,0.1836067499999999,0.182637,0.0028411225224372,20,27,128,128,1,uniform_topk,round_robin_uniform,uniform_1_over_topk,False,standalone_legacy,none,8,2048,768,True,1,216,0.375,1.6875,1.6875,0.8046875,0.0,0.7508568493597516,3.555555555555556,6.512097096085592,0.4094328703703704,uniform,2,vllm_fused,KERNEL_ONLY,BF16,generic,generic,none
0.005559,0.005559,0.005559,0.005559,0.0,1,0.0610459999999999,0.0610459999999999,0.0610459999999999,0.0610459999999999,0.0,1,0.008518,0.008518,0.008518,0.008518,0.0,1,0.177357,0.188077,0.1813068,0.1806365,0.0026277656212074,20,26,128,128,1,uniform_topk,round_robin_uniform,uniform_1_over_topk,False,standalone_legacy,none,8,2048,768,True,1,208,0.375,1.625,1.625,0.78125,0.0,0.8067760370539627,3.692307692307693,6.449519844754402,0.4395282451923077,uniform,0,vllm_fused,KERNEL_ONLY,BF16,generic,generic,none
0.005479,0.005479,0.005479,0.005479,0.0,1,0.0612059999999999,0.0612059999999999,0.0612059999999999,0.0612059999999999,0.0,1,0.0083179999999999,0.0083179999999999,0.0083179999999999,0.0083179999999999,0.0,1,0.178957,0.192877,0.18335075,0.181717,0.0041703214729202,20,26,128,128,1,uniform_topk,round_robin_uniform,uniform_1_over_topk,False,standalone_legacy,none,8,2048,768,True,1,208,0.375,1.625,1.625,0.7890625,0.0,0.7844645405527361,3.076923076923077,6.471899758335844,0.4296123798076923,uniform,1,vllm_fused,KERNEL_ONLY,BF16,generic,generic,none
0.005519,0.005519,0.005519,0.005519,0.0,1,0.0596449999999999,0.0596449999999999,0.0596449999999999,0.0596449999999999,0.0,1,0.008398,0.008398,0.008398,0.008398,0.0,1,0.1799169999999999,0.195796,0.1832168,0.181257,0.0043767197945493,20,26,128,128,1,uniform_topk,round_robin_uniform,uniform_1_over_topk,False,standalone_legacy,none,8,2048,768,True,1,208,0.375,1.625,1.625,0.796875,0.0,0.7730673554708377,3.692307692307693,6.491674440697858,0.4174429086538462,uniform,2,vllm_fused,KERNEL_ONLY,BF16,generic,generic,none
0.005599,0.005599,0.005599,0.005599,0.0,1,0.0620859999999999,0.0620859999999999,0.0620859999999999,0.0620859999999999,0.0,1,0.008478,0.008478,0.008478,0.008478,0.0,1,0.176317,0.187437,0.17944475,0.178477,0.0032722151805008,20,25,128,128,1,uniform_topk,round_robin_uniform,uniform_1_over_topk,False,standalone_legacy,none,8,2048,768,True,1,200,0.375,1.5625,1.5625,0.7734375,0.0,0.8148619514985345,3.84,6.436544801192475,0.4442187500000001,uniform,0,vllm_fused,KERNEL_ONLY,BF16,generic,generic,none
0.005479,0.005479,0.005479,0.005479,0.0,1,0.060126,0.060126,0.060126,0.060126,0.0,1,0.008358,0.008358,0.008358,0.008358,0.0,1,0.176997,0.190316,0.18072875,0.179517,0.0034637399133739,20,25,128,128,1,uniform_topk,round_robin_uniform,uniform_1_over_topk,False,standalone_legacy,none,8,2048,768,True,1,200,0.375,1.5625,1.5625,0.7734375,0.0,0.8029943959953892,3.2,6.44422283395828,0.44015625,uniform,1,vllm_fused,KERNEL_ONLY,BF16,generic,generic,none
0.005479,0.005479,0.005479,0.005479,0.0,1,0.0604059999999999,0.0604059999999999,0.0604059999999999,0.0604059999999999,0.0,1,0.008478,0.008478,0.008478,0.008478,0.0,1,0.177756,0.186957,0.1804868,0.179917,0.0022016948380736,20,25,128,128,1,uniform_topk,round_robin_uniform,uniform_1_over_topk,False,standalone_legacy,none,8,2048,768,True,1,200,0.375,1.5625,1.5625,0.78125,0.0,0.7787168933572715,3.84,6.474788503615095,0.420625,uniform,2,vllm_fused,KERNEL_ONLY,BF16,generic,generic,none
0.005519,0.005519,0.005519,0.005519,0.0,1,0.059885,0.059885,0.059885,0.059885,0.0,1,0.008318,0.008318,0.008318,0.008318,0.0,1,0.174877,0.186677,0.1779748,0.176637,0.0032781609722525,20,24,128,128,1,uniform_topk,round_robin_uniform,uniform_1_over_topk,False,standalone_legacy,none,8,2048,768,True,1,192,0.375,1.5,1.5,0.765625,0.0,0.8333333333333334,4.0,6.418543215732472,0.4506022135416667,uniform,0,vllm_fused,KERNEL_ONLY,BF16,generic,generic,none
0.005519,0.005519,0.005519,0.005519,0.0,1,0.0621659999999999,0.0621659999999999,0.0621659999999999,0.0621659999999999,0.0,1,0.008358,0.008358,0.008358,0.008358,0.0,1,0.1731569999999999,0.183637,0.17772075,0.177557,0.0024492591099146,20,24,128,128,1,uniform_topk,round_robin_uniform,uniform_1_over_topk,False,standalone_legacy,none,8,2048,768,True,1,192,0.375,1.5,1.5,0.7578125,0.0,0.82915619758885,3.333333333333333,6.410159671628036,0.4541829427083332,uniform,1,vllm_fused,KERNEL_ONLY,BF16,generic,generic,none
0.005639,0.005639,0.005639,0.005639,0.0,1,0.061006,0.061006,0.061006,0.061006,0.0,1,0.008198,0.008198,0.008198,0.008198,0.0,1,0.177196,0.195837,0.18073475,0.1802365,0.0039378513414678,20,24,128,128,1,uniform_topk,round_robin_uniform,uniform_1_over_topk,False,standalone_legacy,none,8,2048,768,True,1,192,0.375,1.5,1.5,0.78125,0.0,0.7817359599705717,3.333333333333333,6.470830194920049,0.424560546875,uniform,2,vllm_fused,KERNEL_ONLY,BF16,generic,generic,none
0.005519,0.005519,0.005519,0.005519,0.0,1,0.0616459999999999,0.0616459999999999,0.0616459999999999,0.0616459999999999,0.0,1,0.008398,0.008398,0.008398,0.008398,0.0,1,0.173877,0.183316,0.17706675,0.1767765,0.0019407584052374,20,23,128,128,1,uniform_topk,round_robin_uniform,uniform_1_over_topk,False,standalone_legacy,none,8,2048,768,True,1,184,0.375,1.4375,1.4375,0.7578125,0.0,0.837450447141662,3.4782608695652173,6.407814778382578,0.4538892663043479,uniform,0,vllm_fused,KERNEL_ONLY,BF16,generic,generic,none
0.005559,0.005559,0.005559,0.005559,0.0,1,0.0623259999999999,0.0623259999999999,0.0623259999999999,0.0623259999999999,0.0,1,0.008318,0.008318,0.008318,0.008318,0.0,1,0.1672769999999999,0.177556,0.17051475,0.169157,0.0028366027546168,20,23,128,128,1,uniform_topk,round_robin_uniform,uniform_1_over_topk,False,standalone_legacy,none,8,2048,768,True,1,184,0.375,1.4375,1.4375,0.7265625,0.0,0.8553180683872175,3.4782608695652173,6.362214998485564,0.4695991847826086,uniform,1,vllm_fused,KERNEL_ONLY,BF16,generic,generic,none
0.005559,0.005559,0.005559,0.005559,0.0,1,0.0608859999999999,0.0608859999999999,0.0608859999999999,0.0608859999999999,0.0,1,0.008238,0.008238,0.008238,0.008238,0.0,1,0.172797,0.1829559999999999,0.17704875,0.176097,0.0027893773834854,20,23,128,128,1,uniform_topk,round_robin_uniform,uniform_1_over_topk,False,standalone_legacy,none,8,2048,768,True,1,184,0.375,1.4375,1.4375,0.7578125,0.0,0.8005196799792159,2.782608695652174,6.434954552617597,0.4372452445652173,uniform,2,vllm_fused,KERNEL_ONLY,BF16,generic,generic,none
0.005399,0.005399,0.005399,0.005399,0.0,1,0.0625259999999999,0.0625259999999999,0.0625259999999999,0.0625259999999999,0.0,1,0.008438,0.008438,0.008438,0.008438,0.0,1,0.170396,0.179556,0.1741828,0.173677,0.0021405435197631,20,22,128,128,1,uniform_topk,round_robin_uniform,uniform_1_over_topk,False,standalone_legacy,none,8,2048,768,True,1,176,0.375,1.375,1.375,0.7421875,0.0,0.8528028654224418,3.636363636363636,6.383877751062941,0.4606711647727273,uniform,0,vllm_fused,KERNEL_ONLY,BF16,generic,generic,none
0.005519,0.005519,0.005519,0.005519,0.0,1,0.0602059999999999,0.0602059999999999,0.0602059999999999,0.0602059999999999,0.0,1,0.008358,0.008358,0.008358,0.008358,0.0,1,0.162357,0.176596,0.1677748,0.166657,0.0042546566676995,20,22,128,128,1,uniform_topk,round_robin_uniform,uniform_1_over_topk,False,standalone_legacy,none,8,2048,768,True,1,176,0.375,1.375,1.375,0.703125,0.0,0.8766955237266323,3.636363636363636,6.324841617561735,0.48046875,uniform,1,vllm_fused,KERNEL_ONLY,BF16,generic,generic,none
0.005359,0.005359,0.005359,0.005359,0.0,1,0.0600049999999999,0.0600049999999999,0.0600049999999999,0.0600049999999999,0.0,1,0.008477,0.008477,0.008477,0.008477,0.0,1,0.168996,0.176637,0.1718428,0.170977,0.0024584724037499,20,22,128,128,1,uniform_topk,round_robin_uniform,uniform_1_over_topk,False,standalone_legacy,none,8,2048,768,True,1,176,0.375,1.375,1.375,0.7265625,0.0,0.8232168307397653,2.909090909090909,6.389523878738968,0.4501953125,uniform,2,vllm_fused,KERNEL_ONLY,BF16,generic,generic,none
0.005599,0.005599,0.005599,0.005599,0.0,1,0.0607659999999999,0.0607659999999999,0.0607659999999999,0.0607659999999999,0.0,1,0.008238,0.008238,0.008238,0.008238,0.0,1,0.166317,0.1743159999999999,0.1691448,0.168917,0.0019776550154159,20,21,128,128,1,uniform_topk,round_robin_uniform,uniform_1_over_topk,False,standalone_legacy,none,8,2048,768,True,1,168,0.375,1.3125,1.3125,0.71875,0.0,0.8870445719141503,3.809523809523809,6.338550647880419,0.4760974702380953,uniform,0,vllm_fused,KERNEL_ONLY,BF16,generic,generic,none
0.005479,0.005479,0.005479,0.005479,0.0,1,0.0614859999999999,0.0614859999999999,0.0614859999999999,0.0614859999999999,0.0,1,0.008398,0.008398,0.008398,0.008398,0.0,1,0.1621169999999999,0.175317,0.1655228,0.1653565,0.002668870652542,20,21,128,128,1,uniform_topk,round_robin_uniform,uniform_1_over_topk,False,standalone_legacy,none,8,2048,768,True,1,168,0.375,1.3125,1.3125,0.6953125,0.0,0.8921425711997711,3.809523809523809,6.307924177577091,0.4855840773809523,uniform,1,vllm_fused,KERNEL_ONLY,BF16,generic,generic,none
0.005599,0.005599,0.005599,0.005599,0.0,1,0.0602059999999999,0.0602059999999999,0.0602059999999999,0.0602059999999999,0.0,1,0.008438,0.008438,0.008438,0.008438,0.0,1,0.163917,0.171317,0.1667708,0.1665765,0.0021076816078335,20,21,128,128,1,uniform_topk,round_robin_uniform,uniform_1_over_topk,False,standalone_legacy,none,8,2048,768,True,1,168,0.375,1.3125,1.3125,0.703125,0.0,0.861101967620244,3.0476190476190474,6.338396888725344,0.4709821428571428,uniform,2,vllm_fused,KERNEL_ONLY,BF16,generic,generic,none
0.005519,0.005519,0.005519,0.005519,0.0,1,0.060326,0.060326,0.060326,0.060326,0.0,1,0.008478,0.008478,0.008478,0.008478,0.0,1,0.1633959999999999,0.169517,0.1658748,0.165277,0.0016316088256687,20,20,128,128,1,uniform_topk,round_robin_uniform,uniform_1_over_topk,False,standalone_legacy,none,8,2048,768,True,1,160,0.375,1.25,1.25,0.6953125,0.0,0.9219544457292888,4.0,6.2880332342229375,0.4949218749999999,uniform,0,vllm_fused,KERNEL_ONLY,BF16,generic,generic,none
0.005559,0.005559,0.005559,0.005559,0.0,1,0.0605659999999999,0.0605659999999999,0.0605659999999999,0.0605659999999999,0.0,1,0.0083179999999999,0.0083179999999999,0.0083179999999999,0.0083179999999999,0.0,1,0.162637,0.1695569999999999,0.1661248,0.1658764999999999,0.0020354585134558,20,20,128,128,1,uniform_topk,round_robin_uniform,uniform_1_over_topk,False,standalone_legacy,none,8,2048,768,True,1,160,0.375,1.25,1.25,0.6953125,0.0,0.8717797887081348,3.2,6.324747627850809,0.4740234375000001,uniform,1,vllm_fused,KERNEL_ONLY,BF16,generic,generic,none
0.005399,0.005399,0.005399,0.005399,0.0,1,0.0643259999999999,0.0643259999999999,0.0643259999999999,0.0643259999999999,0.0,1,0.008598,0.008598,0.008598,0.008598,0.0,1,0.159317,0.172357,0.16339085,0.1627165,0.0033984446924291,20,20,128,128,1,uniform_topk,round_robin_uniform,uniform_1_over_topk,False,standalone_legacy,none,8,2048,768,True,1,160,0.375,1.25,1.25,0.6875,0.0,0.8774964387392122,3.2,6.312247627884235,0.4776367187499999,uniform,2,vllm_fused,KERNEL_ONLY,BF16,generic,generic,none
0.005559,0.005559,0.005559,0.005559,0.0,1,0.0643659999999999,0.0643659999999999,0.0643659999999999,0.0643659999999999,0.0,1,0.008358,0.008358,0.008358,0.008358,0.0,1,0.160277,0.1721569999999999,0.1636548,0.1628765,0.0028870599855215,20,19,128,128,1,uniform_topk,round_robin_uniform,uniform_1_over_topk,False,standalone_legacy,none,8,2048,768,True,1,152,0.375,1.1875,1.1875,0.6796875,0.0,0.9459053029269172,4.2105263157894735,6.256688762070079,0.504111842105263,uniform,0,vllm_fused,KERNEL_ONLY,BF16,generic,generic,none
0.005439,0.005439,0.005439,0.005439,0.0,1,0.0636459999999999,0.0636459999999999,0.0636459999999999,0.0636459999999999,0.0,1,0.008518,0.008518,0.008518,0.008518,0.0,1,0.158796,0.173877,0.1629188,0.1617565,0.0042065478673135,20,19,128,128,1,uniform_topk,round_robin_uniform,uniform_1_over_topk,False,standalone_legacy,none,8,2048,768,True,1,152,0.375,1.1875,1.1875,0.6796875,0.0,0.897827479433262,3.3684210526315788,6.290369127059437,0.486533717105263,uniform,1,vllm_fused,KERNEL_ONLY,BF16,generic,generic,none
0.005559,0.005559,0.005559,0.005559,0.0,1,0.0643259999999999,0.0643259999999999,0.0643259999999999,0.0643259999999999,0.0,1,0.008478,0.008478,0.008478,0.008478,0.0,1,0.156237,0.167317,0.1597588,0.159017,0.0028354451079151,20,19,128,128,1,uniform_topk,round_robin_uniform,uniform_1_over_topk,False,standalone_legacy,none,8,2048,768,True,1,152,0.375,1.1875,1.1875,0.6640625,0.0,0.916152378185748,3.3684210526315788,6.260828173207707,0.4952713815789473,uniform,2,vllm_fused,KERNEL_ONLY,BF16,generic,generic,none
0.005399,0.005399,0.005399,0.005399,0.0,1,0.0646459999999999,0.0646459999999999,0.0646459999999999,0.0646459999999999,0.0,1,0.008438,0.008438,0.008438,0.008438,0.0,1,0.154237,0.166157,0.15760685,0.1569965,0.0029959471169398,20,18,128,128,1,uniform_topk,round_robin_uniform,uniform_1_over_topk,False,standalone_legacy,none,8,2048,768,True,1,144,0.375,1.125,1.125,0.6484375,0.0,0.9813067629253164,4.444444444444445,6.198304149340603,0.5219184027777777,uniform,0,vllm_fused,KERNEL_ONLY,BF16,generic,generic,none
0.005599,0.005599,0.005599,0.005599,0.0,1,0.0645259999999999,0.0645259999999999,0.0645259999999999,0.0645259999999999,0.0,1,0.008518,0.008518,0.008518,0.008518,0.0,1,0.1539559999999999,0.163677,0.1570868,0.1566765,0.0023965592335679,20,18,128,128,1,uniform_topk,round_robin_uniform,uniform_1_over_topk,False,standalone_legacy,none,8,2048,768,True,1,144,0.375,1.125,1.125,0.6484375,0.0,0.9162456945817024,3.555555555555556,6.242502260286123,0.4983723958333332,uniform,1,vllm_fused,KERNEL_ONLY,BF16,generic,generic,none
0.005359,0.005359,0.005359,0.005359,0.0,1,0.0643259999999999,0.0643259999999999,0.0643259999999999,0.0643259999999999,0.0,1,0.008358,0.008358,0.008358,0.008358,0.0,1,0.157477,0.1628369999999999,0.1597068,0.159377,0.0018587469327479,20,18,128,128,1,uniform_topk,round_robin_uniform,uniform_1_over_topk,False,standalone_legacy,none,8,2048,768,True,1,144,0.375,1.125,1.125,0.6640625,0.0,0.9296222517045284,3.555555555555556,6.2548247429339,0.4962022569444444,uniform,2,vllm_fused,KERNEL_ONLY,BF16,generic,generic,none
0.005439,0.005439,0.005439,0.005439,0.0,1,0.0636059999999999,0.0636059999999999,0.0636059999999999,0.0636059999999999,0.0,1,0.008318,0.008318,0.008318,0.008318,0.0,1,0.149797,0.156597,0.1527268,0.1523165,0.0019244168363428,20,17,128,128,1,uniform_topk,round_robin_uniform,uniform_1_over_topk,False,standalone_legacy,none,8,2048,768,True,1,136,0.375,1.0625,1.0625,0.625,0.0,1.0034542417195282,3.764705882352941,6.153208063801257,0.5359604779411764,uniform,0,vllm_fused,KERNEL_ONLY,BF16,generic,generic,none
0.005399,0.005399,0.005399,0.005399,0.0,1,0.0636459999999999,0.0636459999999999,0.0636459999999999,0.0636459999999999,0.0,1,0.008278,0.008278,0.008278,0.008278,0.0,1,0.147557,0.159277,0.15271285,0.1518965,0.0026742750283955,20,17,128,128,1,uniform_topk,round_robin_uniform,uniform_1_over_topk,False,standalone_legacy,none,8,2048,768,True,1,136,0.375,1.0625,1.0625,0.625,0.0,0.9466751140841811,3.764705882352941,6.19372111530083,0.5141314338235294,uniform,1,vllm_fused,KERNEL_ONLY,BF16,generic,generic,none
0.005359,0.005359,0.005359,0.005359,0.0,1,0.0640459999999999,0.0640459999999999,0.0640459999999999,0.0640459999999999,0.0,1,0.008398,0.008398,0.008398,0.008398,0.0,1,0.153957,0.161437,0.15764685,0.157557,0.0019652814372247,20,17,128,128,1,uniform_topk,round_robin_uniform,uniform_1_over_topk,False,standalone_legacy,none,8,2048,768,True,1,136,0.375,1.0625,1.0625,0.65625,0.0,0.9539573376604032,3.764705882352941,6.230629571113511,0.5050551470588236,uniform,2,vllm_fused,KERNEL_ONLY,BF16,generic,generic,none
0.006239,0.006239,0.006239,0.006239,0.0,1,0.0634059999999999,0.0634059999999999,0.0634059999999999,0.0634059999999999,0.0,1,0.008438,0.008438,0.008438,0.008438,0.0,1,0.144317,0.153437,0.14879285,0.148937,0.0024149631317061,20,16,128,128,1,uniform_topk,round_robin_uniform,uniform_1_over_topk,False,standalone_legacy,none,8,2048,768,True,1,128,0.375,1.0,1.0,0.609375,0.0,1.0231690964840563,4.0,6.122626857503489,0.5433349609375,uniform,0,vllm_fused,KERNEL_ONLY,BF16,generic,generic,none
0.0061589999999999,0.0061589999999999,0.0061589999999999,0.0061589999999999,0.0,1,0.0641259999999999,0.0641259999999999,0.0641259999999999,0.0641259999999999,0.0,1,0.008398,0.008398,0.008398,0.008398,0.0,1,0.147596,0.155317,0.15082685,0.1505165,0.0023533552913871,20,16,128,128,1,uniform_topk,round_robin_uniform,uniform_1_over_topk,False,standalone_legacy,none,8,2048,768,True,1,128,0.375,1.0,1.0,0.6171875,0.0,0.9682458365518544,4.0,6.171569533299451,0.521240234375,uniform,1,vllm_fused,KERNEL_ONLY,BF16,generic,generic,none
0.006199,0.006199,0.006199,0.006199,0.0,1,0.0646859999999999,0.0646859999999999,0.0646859999999999,0.0646859999999999,0.0,1,0.008438,0.008438,0.008438,0.008438,0.0,1,0.152357,0.166637,0.1560048,0.154997,0.0031790632834217,20,16,128,128,1,uniform_topk,round_robin_uniform,uniform_1_over_topk,False,standalone_legacy,none,8,2048,768,True,1,128,0.375,1.0,1.0,0.640625,0.0,0.9842509842514764,4.0,6.193092091810443,0.5164794921875,uniform,2,vllm_fused,KERNEL_ONLY,BF16,generic,generic,none
0.006359,0.006359,0.006359,0.006359,0.0,1,0.0638059999999999,0.0638059999999999,0.0638059999999999,0.0638059999999999,0.0,1,0.008558,0.008558,0.008558,0.008558,0.0,1,0.1392769999999999,0.146117,0.14163285,0.1409965,0.0018407441233099,20,15,128,128,1,uniform_topk,round_robin_uniform,uniform_1_over_topk,False,standalone_legacy,none,8,2048,768,True,1,120,0.375,0.9375,0.9375,0.5859375,0.0,1.0728984626287388,4.266666666666667,6.060649972750738,0.5615885416666666,uniform,0,vllm_fused,KERNEL_ONLY,BF16,generic,generic,none
0.006239,0.006239,0.006239,0.006239,0.0,1,0.0640059999999999,0.0640059999999999,0.0640059999999999,0.0640059999999999,0.0,1,0.008638,0.008638,0.008638,0.008638,0.0,1,0.139276,0.148637,0.1423567999999999,0.142057,0.0019762348443441,20,15,128,128,1,uniform_topk,round_robin_uniform,uniform_1_over_topk,False,standalone_legacy,none,8,2048,768,True,1,120,0.375,0.9375,0.9375,0.5859375,0.0,0.9955456348712052,3.2,6.112855493634913,0.5365885416666667,uniform,1,vllm_fused,KERNEL_ONLY,BF16,generic,generic,none
0.006199,0.006199,0.006199,0.006199,0.0,1,0.0637659999999999,0.0637659999999999,0.0637659999999999,0.0637659999999999,0.0,1,0.008598,0.008598,0.008598,0.008598,0.0,1,0.147677,0.157557,0.1522048,0.1516765,0.0022403409026306,20,15,128,128,1,uniform_topk,round_robin_uniform,uniform_1_over_topk,False,standalone_legacy,none,8,2048,768,True,1,120,0.375,0.9375,0.9375,0.6171875,0.0,1.0132456102380445,4.266666666666667,6.148394347722055,0.52734375,uniform,2,vllm_fused,KERNEL_ONLY,BF16,generic,generic,none
0.008079,0.008079,0.008079,0.008079,0.0,1,0.0638459999999999,0.0638459999999999,0.0638459999999999,0.0638459999999999,0.0,1,0.008598,0.008598,0.008598,0.008598,0.0,1,0.133996,0.1426359999999999,0.1368008,0.136357,0.0023748308908214,20,14,128,128,1,uniform_topk,round_robin_uniform,uniform_1_over_topk,False,standalone_legacy,none,8,2048,768,True,1,112,0.375,0.875,0.875,0.5625,0.0,1.1065666703449764,4.571428571428571,6.010174455596009,0.5738002232142858,uniform,0,vllm_fused,KERNEL_ONLY,BF16,generic,generic,none
0.006279,0.006279,0.006279,0.006279,0.0,1,0.0642459999999999,0.0642459999999999,0.0642459999999999,0.0642459999999999,0.0,1,0.008678,0.008678,0.008678,0.008678,0.0,1,0.135357,0.143396,0.1383128,0.138037,0.0023731730994598,20,14,128,128,1,uniform_topk,round_robin_uniform,uniform_1_over_topk,False,standalone_legacy,none,8,2048,768,True,1,112,0.375,0.875,0.875,0.5703125,0.0,1.0101525445522108,3.4285714285714284,6.083966085081059,0.5417131696428572,uniform,1,vllm_fused,KERNEL_ONLY,BF16,generic,generic,none
0.006239,0.006239,0.006239,0.006239,0.0,1,0.0640459999999999,0.0640459999999999,0.0640459999999999,0.0640459999999999,0.0,1,0.008558,0.008558,0.008558,0.008558,0.0,1,0.143597,0.153876,0.14685885,0.146397,0.0025024537413307,20,14,128,128,1,uniform_topk,round_robin_uniform,uniform_1_over_topk,False,standalone_legacy,none,8,2048,768,True,1,112,0.375,0.875,0.875,0.6015625,0.0,0.9793792286287204,3.4285714285714284,6.148654589390679,0.5219029017857142,uniform,2,vllm_fused,KERNEL_ONLY,BF16,generic,generic,none
0.0061589999999999,0.0061589999999999,0.0061589999999999,0.0061589999999999,0.0,1,0.0637659999999999,0.0637659999999999,0.0637659999999999,0.0637659999999999,0.0,1,0.008358,0.008358,0.008358,0.008358,0.0,1,0.126437,0.136197,0.12885285,0.127657,0.0023062308920617,20,13,128,128,1,uniform_topk,round_robin_uniform,uniform_1_over_topk,False,standalone_legacy,none,8,2048,768,True,1,104,0.375,0.8125,0.8125,0.5234375,0.0,1.1792084397504532,4.923076923076923,5.90688851868695,0.6029146634615385,uniform,0,vllm_fused,KERNEL_ONLY,BF16,generic,generic,none
0.006239,0.006239,0.006239,0.006239,0.0,1,0.0642859999999999,0.0642859999999999,0.0642859999999999,0.0642859999999999,0.0,1,0.008478,0.008478,0.008478,0.008478,0.0,1,0.131517,0.143117,0.13484685,0.134617,0.0024599014467047,20,13,128,128,1,uniform_topk,round_robin_uniform,uniform_1_over_topk,False,standalone_legacy,none,8,2048,768,True,1,104,0.375,0.8125,0.8125,0.5546875,0.0,1.0405960968052832,3.692307692307693,6.044048734956075,0.5530348557692308,uniform,1,vllm_fused,KERNEL_ONLY,BF16,generic,generic,none
0.006279,0.006279,0.006279,0.006279,0.0,1,0.0650059999999999,0.0650059999999999,0.0650059999999999,0.0650059999999999,0.0,1,0.008358,0.008358,0.008358,0.008358,0.0,1,0.134636,0.138717,0.13651685,0.136317,0.0012515143337173,20,13,128,128,1,uniform_topk,round_robin_uniform,uniform_1_over_topk,False,standalone_legacy,none,8,2048,768,True,1,104,0.375,0.8125,0.8125,0.5625,0.0,1.0405960968052832,3.692307692307693,6.056020970478562,0.5504807692307692,uniform,2,vllm_fused,KERNEL_ONLY,BF16,generic,generic,none
0.006359,0.006359,0.006359,0.006359,0.0,1,0.0640459999999999,0.0640459999999999,0.0640459999999999,0.0640459999999999,0.0,1,0.008478,0.008478,0.008478,0.008478,0.0,1,0.120357,0.130117,0.1234008499999999,0.122377,0.0026999683937964,20,12,128,128,1,uniform_topk,round_robin_uniform,uniform_1_over_topk,False,standalone_legacy,none,8,2048,768,True,1,96,0.375,0.75,0.75,0.5,0.0,1.2360330811826106,5.333333333333333,5.837312112679563,0.6193033854166667,uniform,0,vllm_fused,KERNEL_ONLY,BF16,generic,generic,none
0.006399,0.006399,0.006399,0.006399,0.0,1,0.0640859999999999,0.0640859999999999,0.0640859999999999,0.0640859999999999,0.0,1,0.008478,0.008478,0.008478,0.008478,0.0,1,0.127917,0.135997,0.13059485,0.129797,0.002110495564435,20,12,128,128,1,uniform_topk,round_robin_uniform,uniform_1_over_topk,False,standalone_legacy,none,8,2048,768,True,1,96,0.375,0.75,0.75,0.5234375,0.0,1.092906420717,4.0,5.965069013683102,0.5750325520833333,uniform,1,vllm_fused,KERNEL_ONLY,BF16,generic,generic,none
0.006319,0.006319,0.006319,0.006319,0.0,1,0.0636459999999999,0.0636459999999999,0.0636459999999999,0.0636459999999999,0.0,1,0.008478,0.008478,0.008478,0.008478,0.0,1,0.128277,0.1337169999999999,0.13068885,0.130437,0.0013347717885466,20,12,128,128,1,uniform_topk,round_robin_uniform,uniform_1_over_topk,False,standalone_legacy,none,8,2048,768,True,1,96,0.375,0.75,0.75,0.53125,0.0,1.1055415967851332,4.0,5.9701755240213625,0.5755208333333333,uniform,2,vllm_fused,KERNEL_ONLY,BF16,generic,generic,none
0.006319,0.006319,0.006319,0.006319,0.0,1,0.0636859999999999,0.0636859999999999,0.0636859999999999,0.0636859999999999,0.0,1,0.008518,0.008518,0.008518,0.008518,0.0,1,0.1105569999999999,0.120437,0.1140269,0.1136969999999999,0.0023574329449636,20,11,128,128,1,uniform_topk,round_robin_uniform,uniform_1_over_topk,False,standalone_legacy,none,8,2048,768,True,1,88,0.375,0.6875,0.6875,0.4609375,0.0,1.320530822393995,5.818181818181818,5.72057309867877,0.6482599431818181,uniform,0,vllm_fused,KERNEL_ONLY,BF16,generic,generic,none
0.006239,0.006239,0.006239,0.006239,0.0,1,0.0638859999999999,0.0638859999999999,0.0638859999999999,0.0638859999999999,0.0,1,0.008438,0.008438,0.008438,0.008438,0.0,1,0.118237,0.126757,0.12093485,0.120357,0.0020826909342242,20,11,128,128,1,uniform_topk,round_robin_uniform,uniform_1_over_topk,False,standalone_legacy,none,8,2048,768,True,1,88,0.375,0.6875,0.6875,0.484375,0.0,1.1606495758912458,4.363636363636363,5.85994426341914,0.6031605113636365,uniform,1,vllm_fused,KERNEL_ONLY,BF16,generic,generic,none
0.006239,0.006239,0.006239,0.006239,0.0,1,0.0645659999999999,0.0645659999999999,0.0645659999999999,0.0645659999999999,0.0,1,0.008438,0.008438,0.008438,0.008438,0.0,1,0.120517,0.128957,0.1228148499999999,0.1226565,0.0018124815936996,20,11,128,128,1,uniform_topk,round_robin_uniform,uniform_1_over_topk,False,standalone_legacy,none,8,2048,768,True,1,88,0.375,0.6875,0.6875,0.5,0.0,1.1748043621200075,4.363636363636363,5.879664007596235,0.5994318181818181,uniform,2,vllm_fused,KERNEL_ONLY,BF16,generic,generic,none
0.0061589999999999,0.0061589999999999,0.0061589999999999,0.0061589999999999,0.0,1,0.0638059999999999,0.0638059999999999,0.0638059999999999,0.0638059999999999,0.0,1,0.0083179999999999,0.0083179999999999,0.0083179999999999,0.0083179999999999,0.0,1,0.1085569999999999,0.113317,0.1103309,0.110117,0.0013036759144818,20,10,128,128,1,uniform_topk,round_robin_uniform,uniform_1_over_topk,False,standalone_legacy,none,8,2048,768,True,1,80,0.375,0.625,0.625,0.4453125,0.0,1.3416407864998738,6.4,5.684183722714014,0.6519531249999999,uniform,0,vllm_fused,KERNEL_ONLY,BF16,generic,generic,none
0.006279,0.006279,0.006279,0.006279,0.0,1,0.0644859999999999,0.0644859999999999,0.0644859999999999,0.0644859999999999,0.0,1,0.008358,0.008358,0.008358,0.008358,0.0,1,0.106437,0.1142369999999999,0.10863285,0.1084169999999999,0.0015425352273124,20,10,128,128,1,uniform_topk,round_robin_uniform,uniform_1_over_topk,False,standalone_legacy,none,8,2048,768,True,1,80,0.375,0.625,0.625,0.4375,0.0,1.2649110640673518,4.8,5.712492004077325,0.6419921875000001,uniform,1,vllm_fused,KERNEL_ONLY,BF16,generic,generic,none
0.006239,0.006239,0.006239,0.006239,0.0,1,0.0634459999999999,0.0634459999999999,0.0634459999999999,0.0634459999999999,0.0,1,0.008358,0.008358,0.008358,0.008358,0.0,1,0.111756,0.118637,0.11483485,0.1141969999999999,0.0019135390060043,20,10,128,128,1,uniform_topk,round_robin_uniform,uniform_1_over_topk,False,standalone_legacy,none,8,2048,768,True,1,80,0.375,0.625,0.625,0.4609375,0.0,1.2489995996796797,4.8,5.76861981642079,0.6275390624999999,uniform,2,vllm_fused,KERNEL_ONLY,BF16,generic,generic,none
0.007039,0.007039,0.007039,0.007039,0.0,1,0.0636849999999999,0.0636849999999999,0.0636849999999999,0.0636849999999999,0.0,1,0.008398,0.008398,0.008398,0.008398,0.0,1,0.099676,0.1078369999999999,0.1021009,0.101077,0.0021673395880664,20,9,128,128,1,uniform_topk,round_robin_uniform,uniform_1_over_topk,False,standalone_legacy,none,8,2048,768,True,1,72,0.375,0.5625,0.5625,0.4140625,0.0,1.3833221775543036,5.333333333333333,5.600209032171373,0.6690538194444444,uniform,0,vllm_fused,KERNEL_ONLY,BF16,generic,generic,none
0.011919,0.011919,0.011919,0.011919,0.0,1,0.0628859999999999,0.0628859999999999,0.0628859999999999,0.0628859999999999,0.0,1,0.008518,0.008518,0.008518,0.008518,0.0,1,0.097997,0.104557,0.1006248999999999,0.100417,0.0016334826873891,20,9,128,128,1,uniform_topk,round_robin_uniform,uniform_1_over_topk,False,standalone_legacy,none,8,2048,768,True,1,72,0.375,0.5625,0.5625,0.40625,0.0,1.3471506281091268,5.333333333333333,5.603884900350406,0.6673177083333333,uniform,1,vllm_fused,KERNEL_ONLY,BF16,generic,generic,none
0.011879,0.011879,0.011879,0.011879,0.0,1,0.0640459999999999,0.0640459999999999,0.0640459999999999,0.0640459999999999,0.0,1,0.008558,0.008558,0.008558,0.008558,0.0,1,0.106957,0.118317,0.1089049,0.108137,0.0023821766706103,20,9,128,128,1,uniform_topk,round_robin_uniform,uniform_1_over_topk,False,standalone_legacy,none,8,2048,768,True,1,72,0.375,0.5625,0.5625,0.4375,0.0,1.2909944487358056,5.333333333333333,5.704511462682459,0.6380208333333333,uniform,2,vllm_fused,KERNEL_ONLY,BF16,generic,generic,none
0.011359,0.011359,0.011359,0.011359,0.0,1,0.0640859999999999,0.0640859999999999,0.0640859999999999,0.0640859999999999,0.0,1,0.008598,0.008598,0.008598,0.008598,0.0,1,0.093877,0.1041169999999999,0.0961288999999999,0.095137,0.0023768951365173,20,8,128,128,1,uniform_topk,round_robin_uniform,uniform_1_over_topk,False,standalone_legacy,none,8,2048,768,True,1,64,0.375,0.5,0.5,0.3828125,0.0,1.4361406616345072,6.0,5.507659768766025,0.685791015625,uniform,0,vllm_fused,KERNEL_ONLY,BF16,generic,generic,none
0.011999,0.011999,0.011999,0.011999,0.0,1,0.0630859999999999,0.0630859999999999,0.0630859999999999,0.0630859999999999,0.0,1,0.008558,0.008558,0.008558,0.008558,0.0,1,0.095117,0.100997,0.0973669,0.096917,0.0012814890128284,20,8,128,128,1,uniform_topk,round_robin_uniform,uniform_1_over_topk,False,standalone_legacy,none,8,2048,768,True,1,64,0.375,0.5,0.5,0.3828125,0.0,1.4142135623730951,6.0,5.519454885986915,0.682861328125,uniform,1,vllm_fused,KERNEL_ONLY,BF16,generic,generic,none
0.011999,0.011999,0.011999,0.011999,0.0,1,0.0631659999999999,0.0631659999999999,0.0631659999999999,0.0631659999999999,0.0,1,0.008518,0.008518,0.008518,0.008518,0.0,1,0.097197,0.1037569999999999,0.09921885,0.098737,0.0018273157164266,20,8,128,128,1,uniform_topk,round_robin_uniform,uniform_1_over_topk,False,standalone_legacy,none,8,2048,768,True,1,64,0.375,0.5,0.5,0.3984375,0.0,1.3693063937629153,6.0,5.581954885917417,0.664794921875,uniform,2,vllm_fused,KERNEL_ONLY,BF16,generic,generic,none
0.011879,0.011879,0.011879,0.011879,0.0,1,0.0631659999999999,0.0631659999999999,0.0631659999999999,0.0631659999999999,0.0,1,0.008718,0.008718,0.008718,0.008718,0.0,1,0.086997,0.092557,0.0888989,0.0886965,0.0013682969304942,20,7,128,128,1,uniform_topk,round_robin_uniform,uniform_1_over_topk,False,standalone_legacy,none,8,2048,768,True,1,56,0.375,0.4375,0.4375,0.34375,0.0,1.5319721849662298,6.857142857142857,5.365303362900455,0.712890625,uniform,0,vllm_fused,KERNEL_ONLY,BF16,generic,generic,none
0.010999,0.010999,0.010999,0.010999,0.0,1,0.0634059999999999,0.0634059999999999,0.0634059999999999,0.0634059999999999,0.0,1,0.008518,0.008518,0.008518,0.008518,0.0,1,0.090837,0.094437,0.0929249,0.093077,0.0010601800271651,20,7,128,128,1,uniform_topk,round_robin_uniform,uniform_1_over_topk,False,standalone_legacy,none,8,2048,768,True,1,56,0.375,0.4375,0.4375,0.3515625,0.0,1.5050933932646768,6.857142857142857,5.401017648579799,0.7034040178571428,uniform,1,vllm_fused,KERNEL_ONLY,BF16,generic,generic,none
0.010959,0.010959,0.010959,0.010959,0.0,1,0.0632859999999999,0.0632859999999999,0.0632859999999999,0.0632859999999999,0.0,1,0.008438,0.008438,0.008438,0.008438,0.0,1,0.090957,0.101156,0.0926429,0.092017,0.0021537300875457,20,7,128,128,1,uniform_topk,round_robin_uniform,uniform_1_over_topk,False,standalone_legacy,none,8,2048,768,True,1,56,0.375,0.4375,0.4375,0.3671875,0.0,1.4498416521560311,6.857142857142857,5.4724462199384885,0.6827566964285714,uniform,2,vllm_fused,KERNEL_ONLY,BF16,generic,generic,none
0.006999,0.006999,0.006999,0.006999,0.0,1,0.0633259999999999,0.0633259999999999,0.0633259999999999,0.0633259999999999,0.0,1,0.008478,0.008478,0.008478,0.008478,0.0,1,0.071317,0.078357,0.0737129,0.073057,0.0017861408930988,20,6,128,128,1,uniform_topk,round_robin_uniform,uniform_1_over_topk,False,standalone_legacy,none,8,2048,768,True,1,48,0.375,0.375,0.375,0.296875,0.0,1.6666666666666667,5.333333333333333,5.168295837644755,0.7486979166666667,uniform,0,vllm_fused,KERNEL_ONLY,BF16,generic,generic,none
0.011039,0.011039,0.011039,0.011039,0.0,1,0.0634059999999999,0.0634059999999999,0.0634059999999999,0.0634059999999999,0.0,1,0.008398,0.008398,0.008398,0.008398,0.0,1,0.069517,0.077157,0.0719749,0.0711765,0.002108001824003,20,6,128,128,1,uniform_topk,round_robin_uniform,uniform_1_over_topk,False,standalone_legacy,none,8,2048,768,True,1,48,0.375,0.375,0.375,0.3046875,0.0,1.6666666666666667,8.0,5.194235681314934,0.7418619791666667,uniform,1,vllm_fused,KERNEL_ONLY,BF16,generic,generic,none
0.009799,0.009799,0.009799,0.009799,0.0,1,0.0632859999999999,0.0632859999999999,0.0632859999999999,0.0632859999999999,0.0,1,0.008518,0.008518,0.008518,0.008518,0.0,1,0.071557,0.076357,0.0731829,0.072857,0.0011963616886209,20,6,128,128,1,uniform_topk,round_robin_uniform,uniform_1_over_topk,False,standalone_legacy,none,8,2048,768,True,1,48,0.375,0.375,0.375,0.3203125,0.0,1.5986105077709063,8.0,5.27756901457794,0.7203776041666667,uniform,2,vllm_fused,KERNEL_ONLY,BF16,generic,generic,none
0.004439,0.004439,0.004439,0.004439,0.0,1,0.0638059999999999,0.0638059999999999,0.0638059999999999,0.0638059999999999,0.0,1,0.008558,0.008558,0.008558,0.008558,0.0,1,0.0591569999999999,0.063077,0.0606529,0.060317,0.001082648276219,20,5,128,128,1,uniform_topk,round_robin_uniform,uniform_1_over_topk,False,standalone_legacy,none,8,2048,768,True,1,40,0.375,0.3125,0.3125,0.2578125,0.0,1.82208671582886,6.4,4.971928098652765,0.7777343750000001,uniform,0,vllm_fused,KERNEL_ONLY,BF16,generic,generic,none
0.004319,0.004319,0.004319,0.004319,0.0,1,0.0637259999999999,0.0637259999999999,0.0637259999999999,0.0637259999999999,0.0,1,0.008358,0.008358,0.008358,0.008358,0.0,1,0.059277,0.064116,0.06073695,0.060457,0.0012800242370752,20,5,128,128,1,uniform_topk,round_robin_uniform,uniform_1_over_topk,False,standalone_legacy,none,8,2048,768,True,1,40,0.375,0.3125,0.3125,0.2578125,0.0,1.8654758106177631,9.6,4.953055911099094,0.780078125,uniform,1,vllm_fused,KERNEL_ONLY,BF16,generic,generic,none
0.004359,0.004359,0.004359,0.004359,0.0,1,0.0650459999999999,0.0650459999999999,0.0650459999999999,0.0650459999999999,0.0,1,0.008598,0.008598,0.008598,0.008598,0.0,1,0.0586369999999999,0.062277,0.0603469,0.0601769999999999,0.0009955069512564,20,5,128,128,1,uniform_topk,round_robin_uniform,uniform_1_over_topk,False,standalone_legacy,none,8,2048,768,True,1,40,0.375,0.3125,0.3125,0.265625,0.0,1.82208671582886,9.6,5.003055911063667,0.7691406249999999,uniform,2,vllm_fused,KERNEL_ONLY,BF16,generic,generic,none
0.004039,0.004039,0.004039,0.004039,0.0,1,0.0645259999999999,0.0645259999999999,0.0645259999999999,0.0645259999999999,0.0,1,0.008398,0.008398,0.008398,0.008398,0.0,1,0.045677,0.048437,0.046601,0.046617,0.0005782594573372,20,4,128,128,1,uniform_topk,round_robin_uniform,uniform_1_over_topk,False,standalone_legacy,none,8,2048,768,True,1,32,0.375,0.25,0.25,0.2109375,0.0,2.0615528128088303,8.0,4.687500003977271,0.81591796875,uniform,0,vllm_fused,KERNEL_ONLY,BF16,generic,generic,none
0.003919,0.003919,0.003919,0.003919,0.0,1,0.0644459999999999,0.0644459999999999,0.0644459999999999,0.0644459999999999,0.0,1,0.008398,0.008398,0.008398,0.008398,0.0,1,0.047317,0.050917,0.0482468999999999,0.047937,0.000908938991352,20,4,128,128,1,uniform_topk,round_robin_uniform,uniform_1_over_topk,False,standalone_legacy,none,8,2048,768,True,1,32,0.375,0.25,0.25,0.21875,0.0,2.0,8.0,4.750000003941523,0.8046875,uniform,1,vllm_fused,KERNEL_ONLY,BF16,generic,generic,none
0.003999,0.003999,0.003999,0.003999,0.0,1,0.0644859999999999,0.0644859999999999,0.0644859999999999,0.0644859999999999,0.0,1,0.008518,0.008518,0.008518,0.008518,0.0,1,0.049117,0.054357,0.0511529499999999,0.051077,0.0014984817808368,20,4,128,128,1,uniform_topk,round_robin_uniform,uniform_1_over_topk,False,standalone_legacy,none,8,2048,768,True,1,32,0.375,0.25,0.25,0.234375,0.0,1.8708286933869709,8.0,4.875000003870026,0.779296875,uniform,2,vllm_fused,KERNEL_ONLY,BF16,generic,generic,none
0.003839,0.003839,0.003839,0.003839,0.0,1,0.0641259999999999,0.0641259999999999,0.0641259999999999,0.0641259999999999,0.0,1,0.008478,0.008478,0.008478,0.008478,0.0,1,0.039517,0.042317,0.041045,0.041137,0.0006197547902194,20,3,128,128,1,uniform_topk,round_robin_uniform,uniform_1_over_topk,False,standalone_legacy,none,8,2048,768,True,1,24,0.375,0.1875,0.1875,0.1796875,0.0,2.185812841434,10.666666666666666,4.501629171506542,0.8274739583333333,uniform,0,vllm_fused,KERNEL_ONLY,BF16,generic,generic,none
0.003919,0.003919,0.003919,0.003919,0.0,1,0.0638059999999999,0.0638059999999999,0.0638059999999999,0.0638059999999999,0.0,1,0.0083179999999999,0.0083179999999999,0.0083179999999999,0.0083179999999999,0.0,1,0.036037,0.038637,0.03708695,0.037037,0.0005673561910299,20,3,128,128,1,uniform_topk,round_robin_uniform,uniform_1_over_topk,False,standalone_legacy,none,8,2048,768,True,1,24,0.375,0.1875,0.1875,0.1640625,0.0,2.3804761428476167,10.666666666666666,4.334962504912202,0.853515625,uniform,1,vllm_fused,KERNEL_ONLY,BF16,generic,generic,none
0.003759,0.003759,0.003759,0.003759,0.0,1,0.0640459999999999,0.0640459999999999,0.0640459999999999,0.0640459999999999,0.0,1,0.0083179999999999,0.0083179999999999,0.0083179999999999,0.0083179999999999,0.0,1,0.041797,0.043637,0.0426769,0.042657,0.0004300605655021,20,3,128,128,1,uniform_topk,round_robin_uniform,uniform_1_over_topk,False,standalone_legacy,none,8,2048,768,True,1,24,0.375,0.1875,0.1875,0.1875,0.0,2.0816659994661326,5.333333333333333,4.584962504803711,0.8125,uniform,2,vllm_fused,KERNEL_ONLY,BF16,generic,generic,none
0.003799,0.003799,0.003799,0.003799,0.0,1,0.0638459999999999,0.0638459999999999,0.0638459999999999,0.0638459999999999,0.0,1,0.008558,0.008558,0.008558,0.008558,0.0,1,0.029957,0.031957,0.03089695,0.030857,0.0005007375035884,20,2,128,128,1,uniform_topk,round_robin_uniform,uniform_1_over_topk,False,standalone_legacy,none,8,2048,768,True,1,16,0.375,0.125,0.125,0.125,0.0,2.6457513110645907,8.0,4.000000004370505,0.875,uniform,0,vllm_fused,KERNEL_ONLY,BF16,generic,generic,none
0.003719,0.003719,0.003719,0.003719,0.0,1,0.0637659999999999,0.0637659999999999,0.0637659999999999,0.0637659999999999,0.0,1,0.008558,0.008558,0.008558,0.008558,0.0,1,0.0301969999999999,0.032317,0.030801,0.030677,0.0005042063069815,20,2,128,128,1,uniform_topk,round_robin_uniform,uniform_1_over_topk,False,standalone_legacy,none,8,2048,768,True,1,16,0.375,0.125,0.125,0.125,0.0,2.6457513110645907,8.0,4.000000004370505,0.875,uniform,1,vllm_fused,KERNEL_ONLY,BF16,generic,generic,none
0.003559,0.003559,0.003559,0.003559,0.0,1,0.0639259999999999,0.0639259999999999,0.0639259999999999,0.0639259999999999,0.0,1,0.008518,0.008518,0.008518,0.008518,0.0,1,0.030197,0.031077,0.0306209499999999,0.030597,0.0002605195722013,20,2,128,128,1,uniform_topk,round_robin_uniform,uniform_1_over_topk,False,standalone_legacy,none,8,2048,768,True,1,16,0.375,0.125,0.125,0.125,0.0,2.6457513110645907,8.0,4.000000004370504,0.875,uniform,2,vllm_fused,KERNEL_ONLY,BF16,generic,generic,none
0.003439,0.003439,0.003439,0.003439,0.0,1,0.0636459999999999,0.0636459999999999,0.0636459999999999,0.0636459999999999,0.0,1,0.008438,0.008438,0.008438,0.008438,0.0,1,0.023037,0.024477,0.023541,0.023477,0.0003402116987994,20,1,128,128,1,uniform_topk,round_robin_uniform,uniform_1_over_topk,False,standalone_legacy,none,8,2048,768,True,1,8,0.375,0.0625,0.0625,0.0625,0.0,3.872983346207417,16.0,3.000000004664493,0.9375,uniform,0,vllm_fused,KERNEL_ONLY,BF16,generic,generic,none
0.003599,0.003599,0.003599,0.003599,0.0,1,0.0628859999999999,0.0628859999999999,0.0628859999999999,0.0628859999999999,0.0,1,0.008518,0.008518,0.008518,0.008518,0.0,1,0.022437,0.025237,0.02363695,0.0237365,0.0006386110298922,20,1,128,128,1,uniform_topk,round_robin_uniform,uniform_1_over_topk,False,standalone_legacy,none,8,2048,768,True,1,8,0.375,0.0625,0.0625,0.0625,0.0,3.872983346207417,16.0,3.000000004664493,0.9375,uniform,1,vllm_fused,KERNEL_ONLY,BF16,generic,generic,none
0.003519,0.003519,0.003519,0.003519,0.0,1,0.0634459999999999,0.0634459999999999,0.0634459999999999,0.0634459999999999,0.0,1,0.008478,0.008478,0.008478,0.008478,0.0,1,0.0227169999999999,0.024997,0.02325695,0.0232965,0.0004930659666819,20,1,128,128,1,uniform_topk,round_robin_uniform,uniform_1_over_topk,False,standalone_legacy,none,8,2048,768,True,1,8,0.375,0.0625,0.0625,0.0625,0.0,3.872983346207417,16.0,3.000000004664493,0.9375,uniform,2,vllm_fused,KERNEL_ONLY,BF16,generic,generic,none
0.005119,0.005119,0.005119,0.005119,0.0,1,0.0637259999999999,0.0637259999999999,0.0637259999999999,0.0637259999999999,0.0,1,0.012476,0.012476,0.012476,0.012476,0.0,1,0.106277,0.110437,0.1078069,0.107477,0.0012297260223318,20,32,128,64,2,uniform_topk,round_robin_uniform,uniform_1_over_topk,False,standalone_legacy,none,8,2048,768,True,1,128,0.375,2.0,2.0,0.859375,0.0,0.6614378277661477,2.5,5.613101223388745,0.368896484375,uniform,0,vllm_fused,KERNEL_ONLY,BF16,generic,generic,none
0.005599,0.005599,0.005599,0.005599,0.0,1,0.0632459999999999,0.0632459999999999,0.0632459999999999,0.0632459999999999,0.0,1,0.012476,0.012476,0.012476,0.012476,0.0,1,0.1057169999999999,0.118917,0.1078669,0.107277,0.0027218740033293,20,32,128,64,2,uniform_topk,round_robin_uniform,uniform_1_over_topk,False,standalone_legacy,none,8,2048,768,True,1,129,0.375,2.015625,2.015625,0.859375,0.0,0.715155667913775,2.976744186046512,5.5760901710828215,0.393531976744186,uniform,1,vllm_fused,KERNEL_ONLY,BF16,generic,generic,none
0.005479,0.005479,0.005479,0.005479,0.0,1,0.0633259999999999,0.0633259999999999,0.0633259999999999,0.0633259999999999,0.0,1,0.012796,0.012796,0.012796,0.012796,0.0,1,0.108756,0.122436,0.1119548499999999,0.111077,0.0033784984131267,20,32,128,64,2,uniform_topk,round_robin_uniform,uniform_1_over_topk,False,standalone_legacy,none,8,2048,768,True,1,123,0.375,1.921875,1.921875,0.890625,0.0,0.6191151662925504,2.6016260162601625,5.6687885667615685,0.3418445121951219,uniform,2,vllm_fused,KERNEL_ONLY,BF16,generic,generic,none
0.005439,0.005439,0.005439,0.005439,0.0,1,0.0646859999999999,0.0646859999999999,0.0646859999999999,0.0646859999999999,0.0,1,0.012596,0.012596,0.012596,0.012596,0.0,1,0.105877,0.111637,0.10754085,0.107237,0.0014291589580938,20,31,128,64,2,uniform_topk,round_robin_uniform,uniform_1_over_topk,False,standalone_legacy,none,8,2048,768,True,1,123,0.375,1.921875,1.921875,0.84375,0.0,0.6778264828323483,2.6016260162601625,5.587487753856856,0.3797002032520324,uniform,0,vllm_fused,KERNEL_ONLY,BF16,generic,generic,none
0.005839,0.005839,0.005839,0.005839,0.0,1,0.0645259999999999,0.0645259999999999,0.0645259999999999,0.0645259999999999,0.0,1,0.012436,0.012436,0.012436,0.012436,0.0,1,0.105437,0.115157,0.1075888999999999,0.106797,0.0023521433821091,20,31,128,64,2,uniform_topk,round_robin_uniform,uniform_1_over_topk,False,standalone_legacy,none,8,2048,768,True,1,128,0.375,2.0,2.0,0.859375,0.0,0.7234898064243891,3.0,5.569275907184471,0.39794921875,uniform,1,vllm_fused,KERNEL_ONLY,BF16,generic,generic,none
0.005719,0.005719,0.005719,0.005719,0.0,1,0.0648059999999999,0.0648059999999999,0.0648059999999999,0.0648059999999999,0.0,1,0.012636,0.012636,0.012636,0.012636,0.0,1,0.105517,0.116357,0.1077009,0.106937,0.0023815459033997,20,31,128,64,2,uniform_topk,round_robin_uniform,uniform_1_over_topk,False,standalone_legacy,none,8,2048,768,True,1,118,0.375,1.84375,1.84375,0.859375,0.0,0.6375675550442043,2.711864406779661,5.633294083756125,0.3516949152542372,uniform,2,vllm_fused,KERNEL_ONLY,BF16,generic,generic,none
0.005359,0.005359,0.005359,0.005359,0.0,1,0.0703259999999999,0.0703259999999999,0.0703259999999999,0.0703259999999999,0.0,1,0.012556,0.012556,0.012556,0.012556,0.0,1,0.1013569999999999,0.108757,0.1033029,0.1024965,0.0020356387916327,20,30,128,64,2,uniform_topk,round_robin_uniform,uniform_1_over_topk,False,standalone_legacy,none,8,2048,768,True,1,120,0.375,1.875,1.875,0.828125,0.0,0.7023769168568492,2.6666666666666665,5.557612237877772,0.3932291666666667,uniform,0,vllm_fused,KERNEL_ONLY,BF16,generic,generic,none
0.005599,0.005599,0.005599,0.005599,0.0,1,0.0635259999999999,0.0635259999999999,0.0635259999999999,0.0635259999999999,0.0,1,0.012596,0.012596,0.012596,0.012596,0.0,1,0.104157,0.1108769999999999,0.1058109,0.1049964999999999,0.001781523755104,20,30,128,64,2,uniform_topk,round_robin_uniform,uniform_1_over_topk,False,standalone_legacy,none,8,2048,768,True,1,123,0.375,1.921875,1.921875,0.84375,0.0,0.7142913798251276,2.6016260162601625,5.563466465708509,0.3959603658536585,uniform,1,vllm_fused,KERNEL_ONLY,BF16,generic,generic,none
0.005839,0.005839,0.005839,0.005839,0.0,1,0.0636859999999999,0.0636859999999999,0.0636859999999999,0.0636859999999999,0.0,1,0.012516,0.012516,0.012516,0.012516,0.0,1,0.099757,0.106037,0.1015448999999999,0.1005969999999999,0.0018356877975298,20,30,128,64,2,uniform_topk,round_robin_uniform,uniform_1_over_topk,False,standalone_legacy,none,8,2048,768,True,1,115,0.375,1.796875,1.796875,0.828125,0.0,0.6685480698791453,2.782608695652174,5.58750491674434,0.3688858695652173,uniform,2,vllm_fused,KERNEL_ONLY,BF16,generic,generic,none
0.005559,0.005559,0.005559,0.005559,0.0,1,0.0632059999999999,0.0632059999999999,0.0632059999999999,0.0632059999999999,0.0,1,0.012596,0.012596,0.012596,0.012596,0.0,1,0.099077,0.107917,0.1019568999999999,0.1011769999999999,0.0020577531654695,20,29,128,64,2,uniform_topk,round_robin_uniform,uniform_1_over_topk,False,standalone_legacy,none,8,2048,768,True,1,116,0.375,1.8125,1.8125,0.8125,0.0,0.7224940289571367,2.7586206896551726,5.5311413147304815,0.4038254310344826,uniform,0,vllm_fused,KERNEL_ONLY,BF16,generic,generic,none
0.005559,0.005559,0.005559,0.005559,0.0,1,0.0634859999999999,0.0634859999999999,0.0634859999999999,0.0634859999999999,0.0,1,0.012476,0.012476,0.012476,0.012476,0.0,1,0.1039969999999999,0.110917,0.1062249,0.105777,0.0019807871389929,20,29,128,64,2,uniform_topk,round_robin_uniform,uniform_1_over_topk,False,standalone_legacy,none,8,2048,768,True,1,120,0.375,1.875,1.875,0.84375,0.0,0.7149203529842405,2.6666666666666665,5.563070754778142,0.3958333333333332,uniform,1,vllm_fused,KERNEL_ONLY,BF16,generic,generic,none
0.005639,0.005639,0.005639,0.005639,0.0,1,0.0631259999999999,0.0631259999999999,0.0631259999999999,0.0631259999999999,0.0,1,0.012436,0.012436,0.012436,0.012436,0.0,1,0.099797,0.107197,0.1016828999999999,0.1010165,0.0020134649959708,20,29,128,64,2,uniform_topk,round_robin_uniform,uniform_1_over_topk,False,standalone_legacy,none,8,2048,768,True,1,112,0.375,1.75,1.75,0.828125,0.0,0.6776309271789385,2.857142857142857,5.582725320000296,0.3716517857142858,uniform,2,vllm_fused,KERNEL_ONLY,BF16,generic,generic,none
0.005439,0.005439,0.005439,0.005439,0.0,1,0.0692459999999999,0.0692459999999999,0.0692459999999999,0.0692459999999999,0.0,1,0.012676,0.012676,0.012676,0.012676,0.0,1,0.098077,0.1048369999999999,0.0999349,0.0996165,0.0016464895049771,20,28,128,64,2,uniform_topk,round_robin_uniform,uniform_1_over_topk,False,standalone_legacy,none,8,2048,768,True,1,110,0.375,1.71875,1.71875,0.796875,0.0,0.73787723228011,2.909090909090909,5.509419686924137,0.4102272727272726,uniform,0,vllm_fused,KERNEL_ONLY,BF16,generic,generic,none
0.005599,0.005599,0.005599,0.005599,0.0,1,0.0639259999999999,0.0639259999999999,0.0639259999999999,0.0639259999999999,0.0,1,0.012716,0.012716,0.012716,0.012716,0.0,1,0.103237,0.109997,0.1060269,0.105817,0.0017425952169106,20,28,128,64,2,uniform_topk,round_robin_uniform,uniform_1_over_topk,False,standalone_legacy,none,8,2048,768,True,1,117,0.375,1.828125,1.828125,0.84375,0.0,0.7076489519730652,2.735042735042735,5.571106015279668,0.3898237179487178,uniform,1,vllm_fused,KERNEL_ONLY,BF16,generic,generic,none
0.005559,0.005559,0.005559,0.005559,0.0,1,0.0696459999999999,0.0696459999999999,0.0696459999999999,0.0696459999999999,0.0,1,0.013516,0.013516,0.013516,0.013516,0.0,1,0.099477,0.104637,0.1015568999999999,0.101177,0.0014975981069699,20,28,128,64,2,uniform_topk,round_robin_uniform,uniform_1_over_topk,False,standalone_legacy,none,8,2048,768,True,1,107,0.375,1.671875,1.671875,0.828125,0.0,0.70180631150857,2.9906542056074765,5.567179692672642,0.3824474299065421,uniform,2,vllm_fused,KERNEL_ONLY,BF16,generic,generic,none
0.005639,0.005639,0.005639,0.005639,0.0,1,0.0688459999999999,0.0688459999999999,0.0688459999999999,0.0688459999999999,0.0,1,0.013076,0.013076,0.013076,0.013076,0.0,1,0.098117,0.102597,0.0996709,0.099497,0.0012127253976065,20,27,128,64,2,uniform_topk,round_robin_uniform,uniform_1_over_topk,False,standalone_legacy,none,8,2048,768,True,1,106,0.375,1.65625,1.65625,0.796875,0.0,0.763859716226308,3.018867924528302,5.490575969408222,0.4224646226415094,uniform,0,vllm_fused,KERNEL_ONLY,BF16,generic,generic,none
0.005559,0.005559,0.005559,0.005559,0.0,1,0.0635259999999999,0.0635259999999999,0.0635259999999999,0.0635259999999999,0.0,1,0.0131159999999999,0.0131159999999999,0.0131159999999999,0.0131159999999999,0.0,1,0.099037,0.1081569999999999,0.1013349,0.100517,0.00221142571433,20,27,128,64,2,uniform_topk,round_robin_uniform,uniform_1_over_topk,False,standalone_legacy,none,8,2048,768,True,1,113,0.375,1.765625,1.765625,0.828125,0.0,0.7271191965184591,2.831858407079646,5.545725259743628,0.3994745575221239,uniform,1,vllm_fused,KERNEL_ONLY,BF16,generic,generic,none
0.005599,0.005599,0.005599,0.005599,0.0,1,0.0636459999999999,0.0636459999999999,0.0636459999999999,0.0636459999999999,0.0,1,0.012756,0.012756,0.012756,0.012756,0.0,1,0.097957,0.105557,0.1003489,0.099717,0.0019701366678481,20,27,128,64,2,uniform_topk,round_robin_uniform,uniform_1_over_topk,False,standalone_legacy,none,8,2048,768,True,1,105,0.375,1.640625,1.640625,0.8125,0.0,0.7177060964045983,3.0476190476190474,5.543827870767345,0.3900297619047619,uniform,2,vllm_fused,KERNEL_ONLY,BF16,generic,generic,none
0.005599,0.005599,0.005599,0.005599,0.0,1,0.0634459999999999,0.0634459999999999,0.0634459999999999,0.0634459999999999,0.0,1,0.0131159999999999,0.0131159999999999,0.0131159999999999,0.0131159999999999,0.0,1,0.095957,0.101917,0.0984509,0.098317,0.0015830726104635,20,26,128,64,2,uniform_topk,round_robin_uniform,uniform_1_over_topk,False,standalone_legacy,none,8,2048,768,True,1,101,0.375,1.578125,1.578125,0.78125,0.0,0.7744954180833448,3.1683168316831685,5.47357048847475,0.4246596534653466,uniform,0,vllm_fused,KERNEL_ONLY,BF16,generic,generic,none
0.005599,0.005599,0.005599,0.005599,0.0,1,0.0633259999999999,0.0633259999999999,0.0633259999999999,0.0633259999999999,0.0,1,0.013116,0.013116,0.013116,0.013116,0.0,1,0.098117,0.103637,0.0993689,0.098977,0.001392696122634,20,26,128,64,2,uniform_topk,round_robin_uniform,uniform_1_over_topk,False,standalone_legacy,none,8,2048,768,True,1,111,0.375,1.734375,1.734375,0.8125,0.0,0.7367034146183248,2.8828828828828827,5.526234281652345,0.4052646396396395,uniform,1,vllm_fused,KERNEL_ONLY,BF16,generic,generic,none
0.005639,0.005639,0.005639,0.005639,0.0,1,0.0640859999999999,0.0640859999999999,0.0640859999999999,0.0640859999999999,0.0,1,0.013196,0.013196,0.013196,0.013196,0.0,1,0.096557,0.103477,0.0988129,0.098297,0.0018690637469064,20,26,128,64,2,uniform_topk,round_robin_uniform,uniform_1_over_topk,False,standalone_legacy,none,8,2048,768,True,1,100,0.375,1.5625,1.5625,0.796875,0.0,0.7408103670980855,3.2,5.517564285599058,0.39625,uniform,2,vllm_fused,KERNEL_ONLY,BF16,generic,generic,none
0.005639,0.005639,0.005639,0.005639,0.0,1,0.0637259999999999,0.0637259999999999,0.0637259999999999,0.0637259999999999,0.0,1,0.012596,0.012596,0.012596,0.012596,0.0,1,0.096637,0.106797,0.0987049,0.098117,0.0022473410266356,20,25,128,64,2,uniform_topk,round_robin_uniform,uniform_1_over_topk,False,standalone_legacy,none,8,2048,768,True,1,98,0.375,1.53125,1.53125,0.78125,0.0,0.7911947744889848,3.26530612244898,5.462731753075922,0.4308035714285714,uniform,0,vllm_fused,KERNEL_ONLY,BF16,generic,generic,none
0.005599,0.005599,0.005599,0.005599,0.0,1,0.0636459999999999,0.0636459999999999,0.0636459999999999,0.0636459999999999,0.0,1,0.012756,0.012756,0.012756,0.012756,0.0,1,0.097717,0.101837,0.0995388999999999,0.099497,0.0012212602056891,20,25,128,64,2,uniform_topk,round_robin_uniform,uniform_1_over_topk,False,standalone_legacy,none,8,2048,768,True,1,109,0.375,1.703125,1.703125,0.8125,0.0,0.7315902594473258,2.9357798165137616,5.528197944701114,0.4046731651376147,uniform,1,vllm_fused,KERNEL_ONLY,BF16,generic,generic,none
0.005439,0.005439,0.005439,0.005439,0.0,1,0.0636459999999999,0.0636459999999999,0.0636459999999999,0.0636459999999999,0.0,1,0.013236,0.013236,0.013236,0.013236,0.0,1,0.095276,0.100156,0.0971009,0.096917,0.0013838283455689,20,25,128,64,2,uniform_topk,round_robin_uniform,uniform_1_over_topk,False,standalone_legacy,none,8,2048,768,True,1,97,0.375,1.515625,1.515625,0.78125,0.0,0.7283196891208272,2.6391752577319587,5.509454724207793,0.3954574742268042,uniform,2,vllm_fused,KERNEL_ONLY,BF16,generic,generic,none
0.005599,0.005599,0.005599,0.005599,0.0,1,0.0634859999999999,0.0634859999999999,0.0634859999999999,0.0634859999999999,0.0,1,0.0127559999999999,0.0127559999999999,0.0127559999999999,0.0127559999999999,0.0,1,0.095957,0.103597,0.0981789,0.097777,0.0015916332774857,20,24,128,64,2,uniform_topk,round_robin_uniform,uniform_1_over_topk,False,standalone_legacy,none,8,2048,768,True,1,93,0.375,1.453125,1.453125,0.78125,0.0,0.7970781420751288,3.4408602150537635,5.462395742041794,0.428595430107527,uniform,0,vllm_fused,KERNEL_ONLY,BF16,generic,generic,none
0.005719,0.005719,0.005719,0.005719,0.0,1,0.0638859999999999,0.0638859999999999,0.0638859999999999,0.0638859999999999,0.0,1,0.014316,0.014316,0.014316,0.014316,0.0,1,0.097837,0.102277,0.0998129,0.099197,0.0013679266391148,20,24,128,64,2,uniform_topk,round_robin_uniform,uniform_1_over_topk,False,standalone_legacy,none,8,2048,768,True,1,106,0.375,1.65625,1.65625,0.8125,0.0,0.7563661227482055,3.018867924528302,5.509443893902503,0.416568396226415,uniform,1,vllm_fused,KERNEL_ONLY,BF16,generic,generic,none
0.005439,0.005439,0.005439,0.005439,0.0,1,0.0638859999999999,0.0638859999999999,0.0638859999999999,0.0638859999999999,0.0,1,0.012636,0.012636,0.012636,0.012636,0.0,1,0.095597,0.104437,0.0973089,0.096797,0.0021898909767383,20,24,128,64,2,uniform_topk,round_robin_uniform,uniform_1_over_topk,False,standalone_legacy,none,8,2048,768,True,1,94,0.375,1.46875,1.46875,0.78125,0.0,0.7513380248089181,2.723404255319149,5.493158666081966,0.4085771276595744,uniform,2,vllm_fused,KERNEL_ONLY,BF16,generic,generic,none
0.005479,0.005479,0.005479,0.005479,0.0,1,0.0635659999999999,0.0635659999999999,0.0635659999999999,0.0635659999999999,0.0,1,0.012436,0.012436,0.012436,0.012436,0.0,1,0.095917,0.0992369999999999,0.0973489,0.0971369999999999,0.0009619805039604,20,23,128,64,2,uniform_topk,round_robin_uniform,uniform_1_over_topk,False,standalone_legacy,none,8,2048,768,True,1,86,0.375,1.34375,1.34375,0.765625,0.0,0.8238599806473651,3.72093023255814,5.433426639319694,0.4367732558139534,uniform,0,vllm_fused,KERNEL_ONLY,BF16,generic,generic,none
0.005599,0.005599,0.005599,0.005599,0.0,1,0.0633659999999999,0.0633659999999999,0.0633659999999999,0.0633659999999999,0.0,1,0.012956,0.012956,0.012956,0.012956,0.0,1,0.094517,0.098916,0.0966148999999999,0.096317,0.0010812213880607,20,23,128,64,2,uniform_topk,round_robin_uniform,uniform_1_over_topk,False,standalone_legacy,none,8,2048,768,True,1,101,0.375,1.578125,1.578125,0.765625,0.0,0.7905306644886789,2.5346534653465347,5.442429428829116,0.4395111386138615,uniform,1,vllm_fused,KERNEL_ONLY,BF16,generic,generic,none
0.005439,0.005439,0.005439,0.005439,0.0,1,0.0638059999999999,0.0638059999999999,0.0638059999999999,0.0638059999999999,0.0,1,0.012436,0.012436,0.012436,0.012436,0.0,1,0.090677,0.0955569999999999,0.09258095,0.092537,0.0013025691718676,20,23,128,64,2,uniform_topk,round_robin_uniform,uniform_1_over_topk,False,standalone_legacy,none,8,2048,768,True,1,90,0.375,1.40625,1.40625,0.734375,0.0,0.7922463764433728,2.844444444444445,5.419305041422555,0.4340277777777777,uniform,2,vllm_fused,KERNEL_ONLY,BF16,generic,generic,none
0.005679,0.005679,0.005679,0.005679,0.0,1,0.0639649999999999,0.0639649999999999,0.0639649999999999,0.0639649999999999,0.0,1,0.012796,0.012796,0.012796,0.012796,0.0,1,0.0934769999999999,0.101917,0.0962768999999999,0.096057,0.0020541470468299,20,22,128,64,2,uniform_topk,round_robin_uniform,uniform_1_over_topk,False,standalone_legacy,none,8,2048,768,True,1,84,0.375,1.3125,1.3125,0.75,0.0,0.8288997707394863,3.809523809523809,5.41447259630691,0.4423363095238095,uniform,0,vllm_fused,KERNEL_ONLY,BF16,generic,generic,none
0.005679,0.005679,0.005679,0.005679,0.0,1,0.0637659999999999,0.0637659999999999,0.0637659999999999,0.0637659999999999,0.0,1,0.013396,0.013396,0.013396,0.013396,0.0,1,0.092957,0.100076,0.0952209,0.094517,0.0020268174288771,20,22,128,64,2,uniform_topk,round_robin_uniform,uniform_1_over_topk,False,standalone_legacy,none,8,2048,768,True,1,97,0.375,1.515625,1.515625,0.75,0.0,0.7909978146481766,2.6391752577319587,5.4293058839604615,0.439916237113402,uniform,1,vllm_fused,KERNEL_ONLY,BF16,generic,generic,none
0.005599,0.005599,0.005599,0.005599,0.0,1,0.0634459999999999,0.0634459999999999,0.0634459999999999,0.0634459999999999,0.0,1,0.0129959999999999,0.0129959999999999,0.0129959999999999,0.0129959999999999,0.0,1,0.087837,0.093917,0.0896029,0.0889965,0.0015398770372987,20,22,128,64,2,uniform_topk,round_robin_uniform,uniform_1_over_topk,False,standalone_legacy,none,8,2048,768,True,1,85,0.375,1.328125,1.328125,0.6875,0.0,0.8423890889384963,3.011764705882353,5.338572701637752,0.4568014705882353,uniform,2,vllm_fused,KERNEL_ONLY,BF16,generic,generic,none
0.005599,0.005599,0.005599,0.005599,0.0,1,0.0635659999999999,0.0635659999999999,0.0635659999999999,0.0635659999999999,0.0,1,0.014436,0.014436,0.014436,0.014436,0.0,1,0.093557,0.1002369999999999,0.0955628999999999,0.0953769999999999,0.0014954749379377,20,21,128,64,2,uniform_topk,round_robin_uniform,uniform_1_over_topk,False,standalone_legacy,none,8,2048,768,True,1,81,0.375,1.265625,1.265625,0.75,0.0,0.8408667261164356,3.950617283950617,5.40918237419642,0.4430941358024691,uniform,0,vllm_fused,KERNEL_ONLY,BF16,generic,generic,none
0.005799,0.005799,0.005799,0.005799,0.0,1,0.0644059999999999,0.0644059999999999,0.0644059999999999,0.0644059999999999,0.0,1,0.012996,0.012996,0.012996,0.012996,0.0,1,0.091757,0.098717,0.0936328999999999,0.093137,0.0019949384175958,20,21,128,64,2,uniform_topk,round_robin_uniform,uniform_1_over_topk,False,standalone_legacy,none,8,2048,768,True,1,93,0.375,1.453125,1.453125,0.734375,0.0,0.7970781420751288,2.752688172043011,5.412341741799327,0.4417002688172042,uniform,1,vllm_fused,KERNEL_ONLY,BF16,generic,generic,none
0.005599,0.005599,0.005599,0.005599,0.0,1,0.0636059999999999,0.0636059999999999,0.0636059999999999,0.0636059999999999,0.0,1,0.012476,0.012476,0.012476,0.012476,0.0,1,0.079037,0.086517,0.0805649,0.079897,0.0018110123384449,20,21,128,64,2,uniform_topk,round_robin_uniform,uniform_1_over_topk,False,standalone_legacy,none,8,2048,768,True,1,82,0.375,1.28125,1.28125,0.65625,0.0,0.8884880780530237,3.1219512195121952,5.271947737185346,0.4813262195121952,uniform,2,vllm_fused,KERNEL_ONLY,BF16,generic,generic,none
0.005519,0.005519,0.005519,0.005519,0.0,1,0.0640859999999999,0.0640859999999999,0.0640859999999999,0.0640859999999999,0.0,1,0.0122359999999999,0.0122359999999999,0.0122359999999999,0.0122359999999999,0.0,1,0.0900759999999999,0.096476,0.0926069,0.091877,0.001867706103754,20,20,128,64,2,uniform_topk,round_robin_uniform,uniform_1_over_topk,False,standalone_legacy,none,8,2048,768,True,1,75,0.375,1.171875,1.171875,0.71875,0.0,0.8738166601499171,3.4133333333333336,5.351826191180059,0.4647916666666667,uniform,0,vllm_fused,KERNEL_ONLY,BF16,generic,generic,none
0.005599,0.005599,0.005599,0.005599,0.0,1,0.0645659999999999,0.0645659999999999,0.0645659999999999,0.0645659999999999,0.0,1,0.012956,0.012956,0.012956,0.012956,0.0,1,0.090957,0.098077,0.0932929,0.092757,0.0016844225390322,20,20,128,64,2,uniform_topk,round_robin_uniform,uniform_1_over_topk,False,standalone_legacy,none,8,2048,768,True,1,88,0.375,1.375,1.375,0.734375,0.0,0.787295821622217,2.909090909090909,5.4221110226668525,0.4328835227272727,uniform,1,vllm_fused,KERNEL_ONLY,BF16,generic,generic,none
0.005519,0.005519,0.005519,0.005519,0.0,1,0.0648059999999999,0.0648059999999999,0.0648059999999999,0.0648059999999999,0.0,1,0.013156,0.013156,0.013156,0.013156,0.0,1,0.076757,0.084637,0.07871695,0.078217,0.001935882240091,20,20,128,64,2,uniform_topk,round_robin_uniform,uniform_1_over_topk,False,standalone_legacy,none,8,2048,768,True,1,78,0.375,1.21875,1.21875,0.640625,0.0,0.911249007380352,3.282051282051282,5.2370119953649175,0.4955929487179487,uniform,2,vllm_fused,KERNEL_ONLY,BF16,generic,generic,none
0.005519,0.005519,0.005519,0.005519,0.0,1,0.0689649999999999,0.0689649999999999,0.0689649999999999,0.0689649999999999,0.0,1,0.010516,0.010516,0.010516,0.010516,0.0,1,0.088037,0.091277,0.0895788999999999,0.089297,0.0008809815491825,20,19,128,64,2,uniform_topk,round_robin_uniform,uniform_1_over_topk,False,standalone_legacy,none,8,2048,768,True,1,72,0.375,1.125,1.125,0.6875,0.0,0.9094836413191612,3.555555555555556,5.294653474441784,0.484375,uniform,0,vllm_fused,KERNEL_ONLY,BF16,generic,generic,none
0.005519,0.005519,0.005519,0.005519,0.0,1,0.0636459999999999,0.0636459999999999,0.0636459999999999,0.0636459999999999,0.0,1,0.013116,0.013116,0.013116,0.013116,0.0,1,0.090077,0.099397,0.0926809,0.091897,0.0024019227485495,20,19,128,64,2,uniform_topk,round_robin_uniform,uniform_1_over_topk,False,standalone_legacy,none,8,2048,768,True,1,83,0.375,1.296875,1.296875,0.71875,0.0,0.8255430126807662,3.0843373493975905,5.38071021515061,0.4516189759036144,uniform,1,vllm_fused,KERNEL_ONLY,BF16,generic,generic,none
0.005519,0.005519,0.005519,0.005519,0.0,1,0.0641259999999999,0.0641259999999999,0.0641259999999999,0.0641259999999999,0.0,1,0.0123959999999999,0.0123959999999999,0.0123959999999999,0.0123959999999999,0.0,1,0.073957,0.0785569999999999,0.0752009,0.0749365,0.001023603873576,20,19,128,64,2,uniform_topk,round_robin_uniform,uniform_1_over_topk,False,standalone_legacy,none,8,2048,768,True,1,74,0.375,1.15625,1.15625,0.625,0.0,0.9451734297322004,3.45945945945946,5.195675663844641,0.5109797297297298,uniform,2,vllm_fused,KERNEL_ONLY,BF16,generic,generic,none
0.005519,0.005519,0.005519,0.005519,0.0,1,0.0638459999999999,0.0638459999999999,0.0638459999999999,0.0638459999999999,0.0,1,0.013396,0.013396,0.013396,0.013396,0.0,1,0.076677,0.083317,0.07854895,0.077997,0.0015071055860489,20,18,128,64,2,uniform_topk,round_robin_uniform,uniform_1_over_topk,False,standalone_legacy,none,8,2048,768,True,1,68,0.375,1.0625,1.0625,0.640625,0.0,0.9825466522641216,3.764705882352941,5.190116518595461,0.5215992647058822,uniform,0,vllm_fused,KERNEL_ONLY,BF16,generic,generic,none
0.005559,0.005559,0.005559,0.005559,0.0,1,0.064006,0.064006,0.064006,0.064006,0.0,1,0.013316,0.013316,0.013316,0.013316,0.0,1,0.089516,0.094636,0.0908489,0.090577,0.0012174442451299,20,18,128,64,2,uniform_topk,round_robin_uniform,uniform_1_over_topk,False,standalone_legacy,none,8,2048,768,True,1,79,0.375,1.234375,1.234375,0.703125,0.0,0.8194675093488362,3.240506329113924,5.369927109660971,0.4479825949367089,uniform,1,vllm_fused,KERNEL_ONLY,BF16,generic,generic,none
0.005439,0.005439,0.005439,0.005439,0.0,1,0.0638859999999999,0.0638859999999999,0.0638859999999999,0.0638859999999999,0.0,1,0.013036,0.013036,0.013036,0.013036,0.0,1,0.0733969999999999,0.0778369999999999,0.07495695,0.074697,0.0011360017814686,20,18,128,64,2,uniform_topk,round_robin_uniform,uniform_1_over_topk,False,standalone_legacy,none,8,2048,768,True,1,70,0.375,1.09375,1.09375,0.625,0.0,0.9659509431072552,3.657142857142857,5.182644982173676,0.5183035714285715,uniform,2,vllm_fused,KERNEL_ONLY,BF16,generic,generic,none
0.005559,0.005559,0.005559,0.005559,0.0,1,0.0686859999999999,0.0686859999999999,0.0686859999999999,0.0686859999999999,0.0,1,0.013316,0.013316,0.013316,0.013316,0.0,1,0.073237,0.078837,0.0751328999999999,0.0747765,0.0016350068164995,20,17,128,64,2,uniform_topk,round_robin_uniform,uniform_1_over_topk,False,standalone_legacy,none,8,2048,768,True,1,64,0.375,1.0,1.0,0.625,0.0,1.0,4.0,5.159774414929855,0.52978515625,uniform,0,vllm_fused,KERNEL_ONLY,BF16,generic,generic,none
0.005479,0.005479,0.005479,0.005479,0.0,1,0.0658459999999999,0.0658459999999999,0.0658459999999999,0.0658459999999999,0.0,1,0.013196,0.013196,0.013196,0.013196,0.0,1,0.086277,0.092196,0.0882349,0.087637,0.0014393594721264,20,17,128,64,2,uniform_topk,round_robin_uniform,uniform_1_over_topk,False,standalone_legacy,none,8,2048,768,True,1,75,0.375,1.171875,1.171875,0.671875,0.0,0.8606973916540005,3.4133333333333336,5.308558024644382,0.4685416666666666,uniform,1,vllm_fused,KERNEL_ONLY,BF16,generic,generic,none
0.005679,0.005679,0.005679,0.005679,0.0,1,0.0638059999999999,0.0638059999999999,0.0638059999999999,0.0638059999999999,0.0,1,0.013956,0.013956,0.013956,0.013956,0.0,1,0.070596,0.075837,0.0722969,0.072157,0.0012736970165624,20,17,128,64,2,uniform_topk,round_robin_uniform,uniform_1_over_topk,False,standalone_legacy,none,8,2048,768,True,1,64,0.375,1.0,1.0,0.609375,0.0,1.0307764064044151,4.0,5.12086464940738,0.54248046875,uniform,2,vllm_fused,KERNEL_ONLY,BF16,generic,generic,none
0.006319,0.006319,0.006319,0.006319,0.0,1,0.0649659999999999,0.0649659999999999,0.0649659999999999,0.0649659999999999,0.0,1,0.012396,0.012396,0.012396,0.012396,0.0,1,0.067437,0.074117,0.06930895,0.069137,0.0016159032296211,20,16,128,64,2,uniform_topk,round_robin_uniform,uniform_1_over_topk,False,standalone_legacy,none,8,2048,768,True,1,60,0.375,0.9375,0.9375,0.609375,0.0,1.0132456102380445,4.266666666666667,5.135812888237673,0.5328124999999999,uniform,0,vllm_fused,KERNEL_ONLY,BF16,generic,generic,none
0.006319,0.006319,0.006319,0.006319,0.0,1,0.0643659999999999,0.0643659999999999,0.0643659999999999,0.0643659999999999,0.0,1,0.012396,0.012396,0.012396,0.012396,0.0,1,0.086037,0.091677,0.0879769,0.087697,0.0013355568464127,20,16,128,64,2,uniform_topk,round_robin_uniform,uniform_1_over_topk,False,standalone_legacy,none,8,2048,768,True,1,70,0.375,1.09375,1.09375,0.671875,0.0,0.88109393972053,3.657142857142857,5.296930696354533,0.4754464285714286,uniform,1,vllm_fused,KERNEL_ONLY,BF16,generic,generic,none
0.006239,0.006239,0.006239,0.006239,0.0,1,0.0630459999999999,0.0630459999999999,0.0630459999999999,0.0630459999999999,0.0,1,0.012556,0.012556,0.012556,0.012556,0.0,1,0.068557,0.072757,0.0707909,0.0706369999999999,0.0009708691415427,20,16,128,64,2,uniform_topk,round_robin_uniform,uniform_1_over_topk,False,standalone_legacy,none,8,2048,768,True,1,61,0.375,0.953125,0.953125,0.59375,0.0,1.072361733864019,4.19672131147541,5.073939592661256,0.5571209016393444,uniform,2,vllm_fused,KERNEL_ONLY,BF16,generic,generic,none
0.006279,0.006279,0.006279,0.006279,0.0,1,0.0639259999999999,0.0639259999999999,0.0639259999999999,0.0639259999999999,0.0,1,0.012676,0.012676,0.012676,0.012676,0.0,1,0.061077,0.065677,0.0632949499999999,0.063197,0.0011510663957826,20,15,128,64,2,uniform_topk,round_robin_uniform,uniform_1_over_topk,False,standalone_legacy,none,8,2048,768,True,1,55,0.375,0.859375,0.859375,0.5625,0.0,1.1052093029403005,4.654545454545454,5.012911305491411,0.5713068181818182,uniform,0,vllm_fused,KERNEL_ONLY,BF16,generic,generic,none
0.006359,0.006359,0.006359,0.006359,0.0,1,0.0637659999999999,0.0637659999999999,0.0637659999999999,0.0637659999999999,0.0,1,0.012556,0.012556,0.012556,0.012556,0.0,1,0.073877,0.078237,0.0758809,0.0760165,0.0011956541682275,20,15,128,64,2,uniform_topk,round_robin_uniform,uniform_1_over_topk,False,standalone_legacy,none,8,2048,768,True,1,64,0.375,1.0,1.0,0.625,0.0,0.9185586535436918,3.0,5.214614649370633,0.49951171875,uniform,1,vllm_fused,KERNEL_ONLY,BF16,generic,generic,none
0.0061589999999999,0.0061589999999999,0.0061589999999999,0.0061589999999999,0.0,1,0.0648459999999999,0.0648459999999999,0.0648459999999999,0.0648459999999999,0.0,1,0.012356,0.012356,0.012356,0.012356,0.0,1,0.064717,0.069517,0.0670669,0.0671165,0.0014392672059072,20,15,128,64,2,uniform_topk,round_robin_uniform,uniform_1_over_topk,False,standalone_legacy,none,8,2048,768,True,1,57,0.375,0.890625,0.890625,0.5625,0.0,1.124861059783189,4.491228070175438,4.999385190703535,0.5775767543859649,uniform,2,vllm_fused,KERNEL_ONLY,BF16,generic,generic,none
0.0061589999999999,0.0061589999999999,0.0061589999999999,0.0061589999999999,0.0,1,0.0640049999999999,0.0640049999999999,0.0640049999999999,0.0640049999999999,0.0,1,0.012356,0.012356,0.012356,0.012356,0.0,1,0.060637,0.063996,0.0616909,0.061357,0.0008967312250613,20,14,128,64,2,uniform_topk,round_robin_uniform,uniform_1_over_topk,False,standalone_legacy,none,8,2048,768,True,1,54,0.375,0.84375,0.84375,0.546875,0.0,1.1325099889941226,4.7407407407407405,4.972208568068799,0.583912037037037,uniform,0,vllm_fused,KERNEL_ONLY,BF16,generic,generic,none
0.006239,0.006239,0.006239,0.006239,0.0,1,0.0634459999999999,0.0634459999999999,0.0634459999999999,0.0634459999999999,0.0,1,0.0122359999999999,0.0122359999999999,0.0122359999999999,0.0122359999999999,0.0,1,0.071797,0.0815169999999999,0.0736089499999999,0.072977,0.0021932234832547,20,14,128,64,2,uniform_topk,round_robin_uniform,uniform_1_over_topk,False,standalone_legacy,none,8,2048,768,True,1,59,0.375,0.921875,0.921875,0.609375,0.0,0.9257092748760254,3.254237288135593,5.191882245309312,0.5013241525423728,uniform,1,vllm_fused,KERNEL_ONLY,BF16,generic,generic,none
0.006199,0.006199,0.006199,0.006199,0.0,1,0.0642859999999999,0.0642859999999999,0.0642859999999999,0.0642859999999999,0.0,1,0.012316,0.012316,0.012316,0.012316,0.0,1,0.065357,0.0741169999999999,0.06696295,0.066577,0.0018376671753884,20,14,128,64,2,uniform_topk,round_robin_uniform,uniform_1_over_topk,False,standalone_legacy,none,8,2048,768,True,1,54,0.375,0.84375,0.84375,0.5625,0.0,1.052138719358651,3.555555555555556,5.046282642106879,0.5572916666666667,uniform,2,vllm_fused,KERNEL_ONLY,BF16,generic,generic,none
0.006239,0.006239,0.006239,0.006239,0.0,1,0.0639259999999999,0.0639259999999999,0.0639259999999999,0.0639259999999999,0.0,1,0.012276,0.012276,0.012276,0.012276,0.0,1,0.059077,0.063237,0.06093495,0.060677,0.0011520580920682,20,13,128,64,2,uniform_topk,round_robin_uniform,uniform_1_over_topk,False,standalone_legacy,none,8,2048,768,True,1,50,0.375,0.78125,0.78125,0.53125,0.0,1.1641305768684198,5.12,4.9336606909336975,0.590625,uniform,0,vllm_fused,KERNEL_ONLY,BF16,generic,generic,none
0.006359,0.006359,0.006359,0.006359,0.0,1,0.0649259999999999,0.0649259999999999,0.0649259999999999,0.0649259999999999,0.0,1,0.012396,0.012396,0.012396,0.012396,0.0,1,0.068637,0.073797,0.0710609499999999,0.070437,0.0015869916343509,20,13,128,64,2,uniform_topk,round_robin_uniform,uniform_1_over_topk,False,standalone_legacy,none,8,2048,768,True,1,56,0.375,0.875,0.875,0.59375,0.0,0.9367769320431428,2.2857142857142856,5.164497780303937,0.5066964285714286,uniform,1,vllm_fused,KERNEL_ONLY,BF16,generic,generic,none
0.006239,0.006239,0.006239,0.006239,0.0,1,0.0636859999999999,0.0636859999999999,0.0636859999999999,0.0636859999999999,0.0,1,0.012196,0.012196,0.012196,0.012196,0.0,1,0.060117,0.063637,0.0613008999999999,0.060917,0.0010893231338771,20,13,128,64,2,uniform_topk,round_robin_uniform,uniform_1_over_topk,False,standalone_legacy,none,8,2048,768,True,1,50,0.375,0.78125,0.78125,0.53125,0.0,1.0961751684835777,3.84,4.9736606909326975,0.5762499999999999,uniform,2,vllm_fused,KERNEL_ONLY,BF16,generic,generic,none
0.006199,0.006199,0.006199,0.006199,0.0,1,0.0632859999999999,0.0632859999999999,0.0632859999999999,0.0632859999999999,0.0,1,0.012236,0.012236,0.012236,0.012236,0.0,1,0.057797,0.062157,0.05956295,0.059257,0.0011263945345659,20,12,128,64,2,uniform_topk,round_robin_uniform,uniform_1_over_topk,False,standalone_legacy,none,8,2048,768,True,1,46,0.375,0.71875,0.71875,0.515625,0.0,1.1914947483517149,5.565217391304348,4.898455707290212,0.5944293478260869,uniform,0,vllm_fused,KERNEL_ONLY,BF16,generic,generic,none
0.0061589999999999,0.0061589999999999,0.0061589999999999,0.0061589999999999,0.0,1,0.0639659999999999,0.0639659999999999,0.0639659999999999,0.0639659999999999,0.0,1,0.013356,0.013356,0.013356,0.013356,0.0,1,0.063197,0.069437,0.0650729,0.064997,0.001407522394138,20,12,128,64,2,uniform_topk,round_robin_uniform,uniform_1_over_topk,False,standalone_legacy,none,8,2048,768,True,1,50,0.375,0.78125,0.78125,0.546875,0.0,1.023718711365578,2.56,5.043856190983302,0.546875,uniform,1,vllm_fused,KERNEL_ONLY,BF16,generic,generic,none
0.006199,0.006199,0.006199,0.006199,0.0,1,0.0634059999999999,0.0634059999999999,0.0634059999999999,0.0634059999999999,0.0,1,0.012196,0.012196,0.012196,0.012196,0.0,1,0.058917,0.063517,0.0600329,0.059777,0.0011111972327179,20,12,128,64,2,uniform_topk,round_robin_uniform,uniform_1_over_topk,False,standalone_legacy,none,8,2048,768,True,1,47,0.375,0.734375,0.734375,0.515625,0.0,1.1352614103790724,4.085106382978723,4.926721299673756,0.5887632978723405,uniform,2,vllm_fused,KERNEL_ONLY,BF16,generic,generic,none
0.006079,0.006079,0.006079,0.006079,0.0,1,0.0640059999999999,0.0640059999999999,0.0640059999999999,0.0640059999999999,0.0,1,0.012236,0.012236,0.012236,0.012236,0.0,1,0.048597,0.056037,0.0498749999999999,0.049377,0.0015772621849267,20,11,128,64,2,uniform_topk,round_robin_uniform,uniform_1_over_topk,False,standalone_legacy,none,8,2048,768,True,1,41,0.375,0.640625,0.640625,0.453125,0.0,1.3339033086707626,6.243902439024391,4.704993774279316,0.6467225609756098,uniform,0,vllm_fused,KERNEL_ONLY,BF16,generic,generic,none
0.006239,0.006239,0.006239,0.006239,0.0,1,0.063646,0.063646,0.063646,0.063646,0.0,1,0.012756,0.012756,0.012756,0.012756,0.0,1,0.0583969999999999,0.062877,0.0601629499999999,0.060077,0.0010335282519118,20,11,128,64,2,uniform_topk,round_robin_uniform,uniform_1_over_topk,False,standalone_legacy,none,8,2048,768,True,1,48,0.375,0.75,0.75,0.515625,0.0,1.0801234497346437,2.6666666666666665,4.959962501999998,0.572265625,uniform,1,vllm_fused,KERNEL_ONLY,BF16,generic,generic,none
0.0061589999999999,0.0061589999999999,0.0061589999999999,0.0061589999999999,0.0,1,0.0635659999999999,0.0635659999999999,0.0635659999999999,0.0635659999999999,0.0,1,0.012476,0.012476,0.012476,0.012476,0.0,1,0.050237,0.054917,0.05219295,0.051957,0.0013587478233653,20,11,128,64,2,uniform_topk,round_robin_uniform,uniform_1_over_topk,False,standalone_legacy,none,8,2048,768,True,1,44,0.375,0.6875,0.6875,0.484375,0.0,1.2026142323020863,4.363636363636363,4.8342094607981565,0.6143465909090908,uniform,2,vllm_fused,KERNEL_ONLY,BF16,generic,generic,none
0.006319,0.006319,0.006319,0.006319,0.0,1,0.0634059999999999,0.0634059999999999,0.0634059999999999,0.0634059999999999,0.0,1,0.012276,0.012276,0.012276,0.012276,0.0,1,0.0482369999999999,0.051997,0.04945695,0.049177,0.0009163613083822,20,10,128,64,2,uniform_topk,round_robin_uniform,uniform_1_over_topk,False,standalone_legacy,none,8,2048,768,True,1,39,0.375,0.609375,0.609375,0.4375,0.0,1.348776444085888,6.564102564102564,4.670017604933905,0.6526442307692308,uniform,0,vllm_fused,KERNEL_ONLY,BF16,generic,generic,none
0.006399,0.006399,0.006399,0.006399,0.0,1,0.0639659999999999,0.0639659999999999,0.0639659999999999,0.0639659999999999,0.0,1,0.013676,0.013676,0.013676,0.013676,0.0,1,0.049917,0.053917,0.05191695,0.0518169999999999,0.0010369725394146,20,10,128,64,2,uniform_topk,round_robin_uniform,uniform_1_over_topk,False,standalone_legacy,none,8,2048,768,True,1,45,0.375,0.703125,0.703125,0.484375,0.0,1.1433111972805832,2.844444444444445,4.869630875456736,0.5982638888888889,uniform,1,vllm_fused,KERNEL_ONLY,BF16,generic,generic,none
0.006319,0.006319,0.006319,0.006319,0.0,1,0.0643659999999999,0.0643659999999999,0.0643659999999999,0.0643659999999999,0.0,1,0.013596,0.013596,0.013596,0.013596,0.0,1,0.047957,0.054117,0.04980295,0.049477,0.0013916481766236,20,10,128,64,2,uniform_topk,round_robin_uniform,uniform_1_over_topk,False,standalone_legacy,none,8,2048,768,True,1,40,0.375,0.625,0.625,0.453125,0.0,1.2489995996796797,4.8,4.753055908753559,0.63203125,uniform,2,vllm_fused,KERNEL_ONLY,BF16,generic,generic,none
0.012319,0.012319,0.012319,0.012319,0.0,1,0.0636859999999999,0.0636859999999999,0.0636859999999999,0.0636859999999999,0.0,1,0.0123959999999999,0.0123959999999999,0.0123959999999999,0.0123959999999999,0.0,1,0.047717,0.0542369999999999,0.049471,0.049297,0.001528726267191,20,9,128,64,2,uniform_topk,round_robin_uniform,uniform_1_over_topk,False,standalone_legacy,none,8,2048,768,True,1,35,0.375,0.546875,0.546875,0.421875,0.0,1.3300299214065578,5.485714285714286,4.650571946945517,0.6522321428571429,uniform,0,vllm_fused,KERNEL_ONLY,BF16,generic,generic,none
0.011879,0.011879,0.011879,0.011879,0.0,1,0.0635259999999999,0.0635259999999999,0.0635259999999999,0.0635259999999999,0.0,1,0.012436,0.012436,0.012436,0.012436,0.0,1,0.048357,0.050837,0.0492969,0.049137,0.0006345172101684,20,9,128,64,2,uniform_topk,round_robin_uniform,uniform_1_over_topk,False,standalone_legacy,none,8,2048,768,True,1,40,0.375,0.625,0.625,0.453125,0.0,1.2165525060596438,3.2,4.771928096307232,0.62421875,uniform,1,vllm_fused,KERNEL_ONLY,BF16,generic,generic,none
0.011239,0.011239,0.011239,0.011239,0.0,1,0.0634059999999999,0.0634059999999999,0.0634059999999999,0.0634059999999999,0.0,1,0.0123959999999999,0.0123959999999999,0.0123959999999999,0.0123959999999999,0.0,1,0.047757,0.050997,0.04877495,0.048757,0.0007790647261299,20,9,128,64,2,uniform_topk,round_robin_uniform,uniform_1_over_topk,False,standalone_legacy,none,8,2048,768,True,1,37,0.375,0.578125,0.578125,0.4375,0.0,1.2902398121383796,5.1891891891891895,4.702564515674688,0.6414695945945945,uniform,2,vllm_fused,KERNEL_ONLY,BF16,generic,generic,none
0.010679,0.010679,0.010679,0.010679,0.0,1,0.0637259999999999,0.0637259999999999,0.0637259999999999,0.0637259999999999,0.0,1,0.0125959999999999,0.0125959999999999,0.0125959999999999,0.0125959999999999,0.0,1,0.043517,0.048117,0.04533495,0.045317,0.0011044789936888,20,8,128,64,2,uniform_topk,round_robin_uniform,uniform_1_over_topk,False,standalone_legacy,none,8,2048,768,True,1,32,0.375,0.5,0.5,0.390625,0.0,1.3693063937629153,4.0,4.562500001561528,0.6708984375,uniform,0,vllm_fused,KERNEL_ONLY,BF16,generic,generic,none
0.0105589999999999,0.0105589999999999,0.0105589999999999,0.0105589999999999,0.0,1,0.0633259999999999,0.0633259999999999,0.0633259999999999,0.0633259999999999,0.0,1,0.0123159999999999,0.0123159999999999,0.0123159999999999,0.0123159999999999,0.0,1,0.046797,0.049877,0.0479869,0.047797,0.0006283423350372,20,8,128,64,2,uniform_topk,round_robin_uniform,uniform_1_over_topk,False,standalone_legacy,none,8,2048,768,True,1,35,0.375,0.546875,0.546875,0.4375,0.0,1.2489995996796797,3.657142857142857,4.729283018399868,0.628125,uniform,1,vllm_fused,KERNEL_ONLY,BF16,generic,generic,none
0.011079,0.011079,0.011079,0.011079,0.0,1,0.0632859999999999,0.0632859999999999,0.0632859999999999,0.0632859999999999,0.0,1,0.0135559999999999,0.0135559999999999,0.0135559999999999,0.0135559999999999,0.0,1,0.045197,0.047677,0.04613295,0.046137,0.0006868083047692,20,8,128,64,2,uniform_topk,round_robin_uniform,uniform_1_over_topk,False,standalone_legacy,none,8,2048,768,True,1,32,0.375,0.5,0.5,0.40625,0.0,1.3228756555322954,4.0,4.625000001525779,0.65234375,uniform,2,vllm_fused,KERNEL_ONLY,BF16,generic,generic,none
0.011159,0.011159,0.011159,0.011159,0.0,1,0.0639259999999999,0.0639259999999999,0.0639259999999999,0.0639259999999999,0.0,1,0.013476,0.013476,0.013476,0.013476,0.0,1,0.042197,0.044677,0.04349695,0.043477,0.000645840574368,20,7,128,64,2,uniform_topk,round_robin_uniform,uniform_1_over_topk,False,standalone_legacy,none,8,2048,768,True,1,29,0.375,0.453125,0.453125,0.375,0.0,1.402816938400551,4.413793103448276,4.513153410517543,0.6761853448275863,uniform,0,vllm_fused,KERNEL_ONLY,BF16,generic,generic,none
0.010599,0.010599,0.010599,0.010599,0.0,1,0.0636459999999999,0.0636459999999999,0.0636459999999999,0.0636459999999999,0.0,1,0.0130359999999999,0.0130359999999999,0.0130359999999999,0.0130359999999999,0.0,1,0.046116,0.050557,0.0472429499999999,0.046897,0.001001597048468,20,7,128,64,2,uniform_topk,round_robin_uniform,uniform_1_over_topk,False,standalone_legacy,none,8,2048,768,True,1,32,0.375,0.5,0.5,0.421875,0.0,1.274754878398196,4.0,4.687500001490029,0.6318359375,uniform,1,vllm_fused,KERNEL_ONLY,BF16,generic,generic,none
0.010959,0.010959,0.010959,0.010959,0.0,1,0.0630859999999999,0.0630859999999999,0.0630859999999999,0.0630859999999999,0.0,1,0.0121559999999999,0.0121559999999999,0.0121559999999999,0.0121559999999999,0.0,1,0.038357,0.039997,0.0391429499999999,0.039077,0.0005003904950136,20,7,128,64,2,uniform_topk,round_robin_uniform,uniform_1_over_topk,False,standalone_legacy,none,8,2048,768,True,1,27,0.375,0.421875,0.421875,0.34375,0.0,1.4994283318516417,4.7407407407407405,4.384517133461479,0.7054398148148149,uniform,2,vllm_fused,KERNEL_ONLY,BF16,generic,generic,none
0.010919,0.010919,0.010919,0.010919,0.0,1,0.0634859999999999,0.0634859999999999,0.0634859999999999,0.0634859999999999,0.0,1,0.0120759999999999,0.0120759999999999,0.0120759999999999,0.0120759999999999,0.0,1,0.036757,0.039477,0.038045,0.037757,0.000727692242641,20,6,128,64,2,uniform_topk,round_robin_uniform,uniform_1_over_topk,False,standalone_legacy,none,8,2048,768,True,1,25,0.375,0.390625,0.390625,0.328125,0.0,1.5424655587727074,5.12,4.323856191478767,0.714375,uniform,0,vllm_fused,KERNEL_ONLY,BF16,generic,generic,none
0.009999,0.009999,0.009999,0.009999,0.0,1,0.0634459999999999,0.0634459999999999,0.0634459999999999,0.0634459999999999,0.0,1,0.0135559999999999,0.0135559999999999,0.0135559999999999,0.0135559999999999,0.0,1,0.045197,0.047077,0.04603095,0.045997,0.000468554636622,20,6,128,64,2,uniform_topk,round_robin_uniform,uniform_1_over_topk,False,standalone_legacy,none,8,2048,768,True,1,30,0.375,0.46875,0.46875,0.40625,0.0,1.3046923860520616,4.266666666666667,4.64022393046721,0.6395833333333334,uniform,1,vllm_fused,KERNEL_ONLY,BF16,generic,generic,none
0.010999,0.010999,0.010999,0.010999,0.0,1,0.0633659999999999,0.0633659999999999,0.0633659999999999,0.0633659999999999,0.0,1,0.0134359999999999,0.0134359999999999,0.0134359999999999,0.0134359999999999,0.0,1,0.033837,0.036597,0.03509495,0.035077,0.0006056152635956,20,6,128,64,2,uniform_topk,round_robin_uniform,uniform_1_over_topk,False,standalone_legacy,none,8,2048,768,True,1,22,0.375,0.34375,0.34375,0.296875,0.0,1.643921938184102,5.818181818181818,4.186704347685772,0.7372159090909092,uniform,2,vllm_fused,KERNEL_ONLY,BF16,generic,generic,none
0.004279,0.004279,0.004279,0.004279,0.0,1,0.0638459999999999,0.0638459999999999,0.0638459999999999,0.0638459999999999,0.0,1,0.013116,0.013116,0.013116,0.013116,0.0,1,0.033637,0.036597,0.034865,0.034917,0.0005689428793824,20,5,128,64,2,uniform_topk,round_robin_uniform,uniform_1_over_topk,False,standalone_legacy,none,8,2048,768,True,1,23,0.375,0.359375,0.359375,0.296875,0.0,1.6584548802400567,5.565217391304348,4.175735870876457,0.7438858695652173,uniform,0,vllm_fused,KERNEL_ONLY,BF16,generic,generic,none
0.004279,0.004279,0.004279,0.004279,0.0,1,0.0632459999999999,0.0632459999999999,0.0632459999999999,0.0632459999999999,0.0,1,0.012396,0.012396,0.012396,0.012396,0.0,1,0.035917,0.039077,0.036667,0.0365169999999999,0.0007156395740874,20,5,128,64,2,uniform_topk,round_robin_uniform,uniform_1_over_topk,False,standalone_legacy,none,8,2048,768,True,1,23,0.375,0.359375,0.359375,0.3125,0.0,1.5838265739206074,5.565217391304348,4.262692392579363,0.7221467391304348,uniform,1,vllm_fused,KERNEL_ONLY,BF16,generic,generic,none
0.004359,0.004359,0.004359,0.004359,0.0,1,0.0634459999999999,0.0634459999999999,0.0634459999999999,0.0634459999999999,0.0,1,0.0123159999999999,0.0123159999999999,0.0123159999999999,0.0123159999999999,0.0,1,0.0308769999999999,0.033277,0.03151495,0.031437,0.0005976954471133,20,5,128,64,2,uniform_topk,round_robin_uniform,uniform_1_over_topk,False,standalone_legacy,none,8,2048,768,True,1,18,0.375,0.28125,0.28125,0.25,0.0,1.829119737017148,7.111111111111111,3.9477027811040735,0.7743055555555556,uniform,2,vllm_fused,KERNEL_ONLY,BF16,generic,generic,none
0.003839,0.003839,0.003839,0.003839,0.0,1,0.0636849999999999,0.0636849999999999,0.0636849999999999,0.0636849999999999,0.0,1,0.012356,0.012356,0.012356,0.012356,0.0,1,0.030157,0.031717,0.0306469999999999,0.030597,0.0003322348566902,20,4,128,64,2,uniform_topk,round_robin_uniform,uniform_1_over_topk,False,standalone_legacy,none,8,2048,768,True,1,19,0.375,0.296875,0.296875,0.25,0.0,1.852601674399794,6.7368421052631575,3.932138041643606,0.7820723684210527,uniform,0,vllm_fused,KERNEL_ONLY,BF16,generic,generic,none
0.003879,0.003879,0.003879,0.003879,0.0,1,0.0638059999999999,0.0638059999999999,0.0638059999999999,0.0638059999999999,0.0,1,0.012436,0.012436,0.012436,0.012436,0.0,1,0.031557,0.0333969999999999,0.032209,0.032197,0.00044291759956,20,4,128,64,2,uniform_topk,round_robin_uniform,uniform_1_over_topk,False,standalone_legacy,none,8,2048,768,True,1,19,0.375,0.296875,0.296875,0.265625,0.0,1.7542982434209429,6.7368421052631575,4.037401199501843,0.759046052631579,uniform,1,vllm_fused,KERNEL_ONLY,BF16,generic,generic,none
0.003879,0.003879,0.003879,0.003879,0.0,1,0.0649659999999999,0.0649659999999999,0.0649659999999999,0.0649659999999999,0.0,1,0.012196,0.012196,0.012196,0.012196,0.0,1,0.029037,0.031117,0.02967895,0.029697,0.0004565569488026,20,4,128,64,2,uniform_topk,round_robin_uniform,uniform_1_over_topk,False,standalone_legacy,none,8,2048,768,True,1,15,0.375,0.234375,0.234375,0.234375,0.0,1.807392228230128,4.266666666666667,3.9068905975281343,0.765625,uniform,2,vllm_fused,KERNEL_ONLY,BF16,generic,generic,none
0.003759,0.003759,0.003759,0.003759,0.0,1,0.0634459999999999,0.0634459999999999,0.0634459999999999,0.0634459999999999,0.0,1,0.0123159999999999,0.0123159999999999,0.0123159999999999,0.0123159999999999,0.0,1,0.027117,0.027997,0.027545,0.027517,0.0002647564918939,20,3,128,64,2,uniform_topk,round_robin_uniform,uniform_1_over_topk,False,standalone_legacy,none,8,2048,768,True,1,14,0.375,0.21875,0.21875,0.203125,0.0,2.055356367134023,9.142857142857142,3.664497781193466,0.8102678571428572,uniform,0,vllm_fused,KERNEL_ONLY,BF16,generic,generic,none
0.003759,0.003759,0.003759,0.003759,0.0,1,0.0649259999999999,0.0649259999999999,0.0649259999999999,0.0649259999999999,0.0,1,0.0122359999999999,0.0122359999999999,0.0122359999999999,0.0122359999999999,0.0,1,0.0261969999999999,0.027037,0.0266549,0.026677,0.0002781289089612,20,3,128,64,2,uniform_topk,round_robin_uniform,uniform_1_over_topk,False,standalone_legacy,none,8,2048,768,True,1,14,0.375,0.21875,0.21875,0.1875,0.0,2.2085178333914723,9.142857142857142,3.521640638373265,0.8348214285714286,uniform,1,vllm_fused,KERNEL_ONLY,BF16,generic,generic,none
0.003719,0.003719,0.003719,0.003719,0.0,1,0.0637259999999999,0.0637259999999999,0.0637259999999999,0.0637259999999999,0.0,1,0.012436,0.012436,0.012436,0.012436,0.0,1,0.027116,0.029877,0.02774295,0.0277369999999999,0.0005553617267151,20,3,128,64,2,uniform_topk,round_robin_uniform,uniform_1_over_topk,False,standalone_legacy,none,8,2048,768,True,1,13,0.375,0.203125,0.203125,0.203125,0.0,1.9806758753205744,4.923076923076923,3.700439720133708,0.796875,uniform,2,vllm_fused,KERNEL_ONLY,BF16,generic,generic,none
0.003759,0.003759,0.003759,0.003759,0.0,1,0.0642059999999999,0.0642059999999999,0.0642059999999999,0.0642059999999999,0.0,1,0.011996,0.011996,0.011996,0.011996,0.0,1,0.024837,0.026557,0.0255909499999999,0.025637,0.0004304967450515,20,2,128,64,2,uniform_topk,round_robin_uniform,uniform_1_over_topk,False,standalone_legacy,none,8,2048,768,True,1,11,0.375,0.171875,0.171875,0.171875,0.0,2.195035721390843,5.818181818181818,3.459431620703358,0.828125,uniform,0,vllm_fused,KERNEL_ONLY,BF16,generic,generic,none
0.003719,0.003719,0.003719,0.003719,0.0,1,0.0635259999999999,0.0635259999999999,0.0635259999999999,0.0635259999999999,0.0,1,0.011996,0.011996,0.011996,0.011996,0.0,1,0.023197,0.025597,0.0238369999999999,0.0237569999999999,0.0004898979485566,20,2,128,64,2,uniform_topk,round_robin_uniform,uniform_1_over_topk,False,standalone_legacy,none,8,2048,768,True,1,9,0.375,0.140625,0.140625,0.140625,0.0,2.472066162365221,7.111111111111111,3.169925003582345,0.859375,uniform,1,vllm_fused,KERNEL_ONLY,BF16,generic,generic,none
0.003519,0.003519,0.003519,0.003519,0.0,1,0.0646459999999999,0.0646459999999999,0.0646459999999999,0.0646459999999999,0.0,1,0.012116,0.012116,0.012116,0.012116,0.0,1,0.0231569999999999,0.0251969999999999,0.023699,0.023677,0.0004737045492709,20,2,128,64,2,uniform_topk,round_robin_uniform,uniform_1_over_topk,False,standalone_legacy,none,8,2048,768,True,1,9,0.375,0.140625,0.140625,0.140625,0.0,2.472066162365221,7.111111111111111,3.1699250035823447,0.859375,uniform,2,vllm_fused,KERNEL_ONLY,BF16,generic,generic,none
0.003359,0.003359,0.003359,0.003359,0.0,1,0.0633259999999999,0.0633259999999999,0.0633259999999999,0.0633259999999999,0.0,1,0.012076,0.012076,0.012076,0.012076,0.0,1,0.020397,0.023917,0.022069,0.021977,0.0006848766312263,20,1,128,64,2,uniform_topk,round_robin_uniform,uniform_1_over_topk,False,standalone_legacy,none,8,2048,768,True,1,5,0.375,0.078125,0.078125,0.078125,0.0,3.435112807463533,12.8,2.3219280971774703,0.921875,uniform,0,vllm_fused,KERNEL_ONLY,BF16,generic,generic,none
0.003519,0.003519,0.003519,0.003519,0.0,1,0.0642059999999999,0.0642059999999999,0.0642059999999999,0.0642059999999999,0.0,1,0.012116,0.012116,0.012116,0.012116,0.0,1,0.020957,0.023517,0.021647,0.021617,0.000574229919109,20,1,128,64,2,uniform_topk,round_robin_uniform,uniform_1_over_topk,False,standalone_legacy,none,8,2048,768,True,1,4,0.375,0.0625,0.0625,0.0625,0.0,3.872983346207417,16.0,2.000000002328247,0.9375,uniform,1,vllm_fused,KERNEL_ONLY,BF16,generic,generic,none
0.003519,0.003519,0.003519,0.003519,0.0,1,0.0632059999999999,0.0632059999999999,0.0632059999999999,0.0632059999999999,0.0,1,0.012275,0.012275,0.012275,0.012275,0.0,1,0.021877,0.024637,0.022653,0.022637,0.0005847939808171,20,1,128,64,2,uniform_topk,round_robin_uniform,uniform_1_over_topk,False,standalone_legacy,none,8,2048,768,True,1,6,0.375,0.09375,0.09375,0.09375,0.0,3.109126351029605,10.666666666666666,2.584962502973416,0.90625,uniform,2,vllm_fused,KERNEL_ONLY,BF16,generic,generic,none
